id,name,search_name,aliases,nationality,position,position_group,birth_year,active_from,active_to,is_retired,clubs,main_clubs,national_team,image_url,difficulty,popularity_score,source,source_id
cristiano_ronaldo_dos_santos_aveiro_1985,Cristiano Ronaldo dos Santos Aveiro,cristiano ronaldo dos santos aveiro cristiano ronaldo aveiro,"[""Cristiano Ronaldo"",""Cristiano Ronaldo dos Santos Aveiro"",""Aveiro""]",Portugal,"ST,LW",Attack,1985,,,false,[],[],Portugal,,Easy,1954,fifa_players_csv,cristiano_ronaldo_dos_santos_aveiro_1985
lionel_andres_messi_cuccittini_1987,Lionel Andrés Messi Cuccittini,lionel andres messi cuccittini l messi cuccittini,"[""L. Messi"",""Lionel Andrés Messi Cuccittini"",""Cuccittini""]",Argentina,"CF,RW,ST",Attack,1987,,,false,[],[],Argentina,,Easy,1954,fifa_players_csv,lionel_andres_messi_cuccittini_1987
neymar_da_silva_santos_junior_1992,Neymar da Silva Santos Junior,neymar da silva santos junior neymar jr junior,"[""Neymar Jr"",""Neymar da Silva Santos Junior"",""Junior""]",Brazil,"LW,CAM",Attack,1992,,,false,[],[],Brazil,,Easy,1932,fifa_players_csv,neymar_da_silva_santos_junior_1992
luis_alberto_suarez_diaz_1987,Luis Alberto Suárez Díaz,luis alberto suarez diaz l suarez diaz,"[""L. Suárez"",""Luis Alberto Suárez Díaz"",""Díaz""]",Uruguay,ST,Attack,1987,,,false,[],[],Uruguay,,Easy,1921,fifa_players_csv,luis_alberto_suarez_diaz_1987
manuel_neuer_1986,Manuel Neuer,manuel neuer m neuer neuer,"[""M. Neuer"",""Manuel Neuer"",""Neuer""]",Germany,GK,Goalkeeper,1986,,,false,[],[],Germany,,Easy,1899,fifa_players_csv,manuel_neuer_1986
david_de_gea_quintana_1990,David De Gea Quintana,david de gea quintana de gea quintana,"[""De Gea"",""David De Gea Quintana"",""Quintana""]",Spain,GK,Goalkeeper,1990,,,false,[],[],Spain,,Easy,1843,fifa_players_csv,david_de_gea_quintana_1990
kevin_de_bruyne_1991,Kevin De Bruyne,kevin de bruyne k de bruyne bruyne,"[""K. De Bruyne"",""Kevin De Bruyne"",""Bruyne""]",Belgium,"CAM,CM",Midfield,1991,,,false,[],[],Belgium,,Easy,1842,fifa_players_csv,kevin_de_bruyne_1991
eden_hazard_1991,Eden Hazard,eden hazard e hazard hazard,"[""E. Hazard"",""Eden Hazard"",""Hazard""]",Belgium,"LW,CF",Attack,1991,,,false,[],[],Belgium,,Easy,1841,fifa_players_csv,eden_hazard_1991
giorgio_chiellini_1984,Giorgio Chiellini,giorgio chiellini g chiellini chiellini,"[""G. Chiellini"",""Giorgio Chiellini"",""Chiellini""]",Italy,CB,Defence,1984,,,false,[],[],Italy,,Easy,1830,fifa_players_csv,giorgio_chiellini_1984
robert_lewandowski_1988,Robert Lewandowski,robert lewandowski r lewandowski lewandowski,"[""R. Lewandowski"",""Robert Lewandowski"",""Lewandowski""]",Poland,ST,Attack,1988,,,false,[],[],Poland,,Easy,1830,fifa_players_csv,robert_lewandowski_1988
sergio_ramos_garcia_1986,Sergio Ramos García,sergio ramos garcia sergio ramos garcia,"[""Sergio Ramos"",""Sergio Ramos García"",""García""]",Spain,CB,Defence,1986,,,false,[],[],Spain,,Easy,1830,fifa_players_csv,sergio_ramos_garcia_1986
toni_kroos_1990,Toni Kroos,toni kroos t kroos kroos,"[""T. Kroos"",""Toni Kroos"",""Kroos""]",Germany,CM,Midfield,1990,,,false,[],[],Germany,,Easy,1830,fifa_players_csv,toni_kroos_1990
antoine_griezmann_1991,Antoine Griezmann,antoine griezmann a griezmann griezmann,"[""A. Griezmann"",""Antoine Griezmann"",""Griezmann""]",France,"CF,ST",Attack,1991,,,false,[],[],France,,Easy,1820,fifa_players_csv,antoine_griezmann_1991
thibaut_courtois_1992,Thibaut Courtois,thibaut courtois t courtois courtois,"[""T. Courtois"",""Thibaut Courtois"",""Courtois""]",Belgium,GK,Goalkeeper,1992,,,false,[],[],Belgium,,Easy,1820,fifa_players_csv,thibaut_courtois_1992
edinson_roberto_cavani_gomez_1987,Edinson Roberto Cavani Gómez,edinson roberto cavani gomez e cavani gomez,"[""E. Cavani"",""Edinson Roberto Cavani Gómez"",""Gómez""]",Uruguay,ST,Attack,1987,,,false,[],[],Uruguay,,Easy,1819,fifa_players_csv,edinson_roberto_cavani_gomez_1987
sergio_busquets_i_burgos_1988,Sergio Busquets i Burgos,sergio busquets i burgos sergio busquets burgos,"[""Sergio Busquets"",""Sergio Busquets i Burgos"",""Burgos""]",Spain,"CDM,CM",Midfield,1988,,,false,[],[],Spain,,Easy,1819,fifa_players_csv,sergio_busquets_i_burgos_1988
sergio_leonel_aguero_del_castillo_1988,Sergio Leonel Agüero del Castillo,sergio leonel aguero del castillo s aguero castillo,"[""S. Agüero"",""Sergio Leonel Agüero del Castillo"",""Castillo""]",Argentina,ST,Attack,1988,,,false,[],[],Argentina,,Easy,1819,fifa_players_csv,sergio_leonel_aguero_del_castillo_1988
paul_pogba_1993,Paul Pogba,paul pogba p pogba pogba,"[""P. Pogba"",""Paul Pogba"",""Pogba""]",France,"CM,CAM",Midfield,1993,,,false,[],[],France,,Easy,1811,fifa_players_csv,paul_pogba_1993
gareth_frank_bale_1989,Gareth Frank Bale,gareth frank bale g bale bale,"[""G. Bale"",""Gareth Frank Bale"",""Bale""]",Wales,"RW,LW,ST",Attack,1989,,,false,[],[],Wales,,Easy,1808,fifa_players_csv,gareth_frank_bale_1989
hugo_lloris_1986,Hugo Lloris,hugo lloris h lloris lloris,"[""H. Lloris"",""Hugo Lloris"",""Lloris""]",France,GK,Goalkeeper,1986,,,false,[],[],France,,Easy,1808,fifa_players_csv,hugo_lloris_1986
marco_reus_1989,Marco Reus,marco reus m reus reus,"[""M. Reus"",""Marco Reus"",""Reus""]",Germany,"CAM,LM,ST",Midfield,1989,,,false,[],[],Germany,,Easy,1808,fifa_players_csv,marco_reus_1989
mats_hummels_1988,Mats  Hummels,mats hummels m hummels hummels,"[""M. Hummels"",""Mats Hummels"",""Hummels""]",Germany,CB,Defence,1988,,,false,[],[],Germany,,Easy,1808,fifa_players_csv,mats_hummels_1988
james_david_rodriguez_rubio_1991,James David Rodríguez Rubio,james david rodriguez rubio j rodriguez rubio,"[""J. Rodríguez"",""James David Rodríguez Rubio"",""Rubio""]",Colombia,"CAM,CM,RM",Midfield,1991,,,false,[],[],Colombia,,Easy,1798,fifa_players_csv,james_david_rodriguez_rubio_1991
thomas_muller_1989,Thomas Müller,thomas muller t muller muller,"[""T. Müller"",""Thomas Müller"",""Müller""]",Germany,"CAM,RM,RW,CF",Midfield,1989,,,false,[],[],Germany,,Easy,1786,fifa_players_csv,thomas_muller_1989
arturo_vidal_1987,Arturo Vidal,arturo vidal a vidal vidal,"[""A. Vidal"",""Arturo Vidal"",""Vidal""]",Chile,"CM,CDM",Midfield,1987,,,false,[],[],Chile,,Easy,1775,fifa_players_csv,arturo_vidal_1987
jerome_boateng_1988,Jérôme Boateng,jerome boateng j boateng boateng,"[""J. Boateng"",""Jérôme Boateng"",""Boateng""]",Germany,CB,Defence,1988,,,false,[],[],Germany,,Easy,1775,fifa_players_csv,jerome_boateng_1988
vincent_kompany_1986,Vincent Kompany,vincent kompany v kompany kompany,"[""V. Kompany"",""Vincent Kompany"",""Kompany""]",Belgium,CB,Defence,1986,,,false,[],[],Belgium,,Easy,1775,fifa_players_csv,vincent_kompany_1986
david_olatukunbo_alaba_1992,David Olatukunbo Alaba,david olatukunbo alaba d alaba alaba,"[""D. Alaba"",""David Olatukunbo Alaba"",""Alaba""]",Austria,"LB,CB",Defence,1992,,,false,[],[],Austria,,Easy,1766,fifa_players_csv,david_olatukunbo_alaba_1992
alexis_alejandro_sanchez_sanchez_1988,Alexis Alejandro Sánchez Sánchez,alexis alejandro sanchez sanchez a sanchez sanchez,"[""A. Sánchez"",""Alexis Alejandro Sánchez Sánchez"",""Sánchez""]",Chile,"LW,LM",Attack,1988,,,false,[],[],Chile,,Easy,1764,fifa_players_csv,alexis_alejandro_sanchez_sanchez_1988
kepler_laveran_lima_ferreira_1983,Képler Laveran Lima Ferreira,kepler laveran lima ferreira pepe ferreira,"[""Pepe"",""Képler Laveran Lima Ferreira"",""Ferreira""]",Portugal,CB,Defence,1983,,,false,[],[],FC Porto,,Easy,1758,fifa_players_csv,kepler_laveran_lima_ferreira_1983
jan_oblak_1993,Jan Oblak,jan oblak j oblak oblak,"[""J. Oblak"",""Jan Oblak"",""Oblak""]",Slovenia,GK,Goalkeeper,1993,,,false,[],[],Slovenia,,Easy,1753,fifa_players_csv,jan_oblak_1993
harry_kane_1993,Harry Kane,harry kane h kane kane,"[""H. Kane"",""Harry Kane"",""Kane""]",England,ST,Attack,1993,,,false,[],[],England,,Easy,1752,fifa_players_csv,harry_kane_1993
diego_godin_1986,Diego Godín,diego godin d godin godin,"[""D. Godín"",""Diego Godín"",""Godín""]",Uruguay,CB,Defence,1986,,,false,[],[],Uruguay,,Easy,1750,fifa_players_csv,diego_godin_1986
zlatan_ibrahimovic_1981,Zlatan Ibrahimović,zlatan ibrahimovic z ibrahimovic ibrahimovic,"[""Z. Ibrahimović"",""Zlatan Ibrahimović"",""Ibrahimović""]",Sweden,ST,Attack,1981,,,false,[],[],Sweden,,Easy,1749,fifa_players_csv,zlatan_ibrahimovic_1981
paulo_bruno_exequiel_dybala_1993,Paulo Bruno Exequiel Dybala,paulo bruno exequiel dybala p dybala dybala,"[""P. Dybala"",""Paulo Bruno Exequiel Dybala"",""Dybala""]",Argentina,"CAM,RW",Midfield,1993,,,false,[],[],Argentina,,Easy,1744,fifa_players_csv,paulo_bruno_exequiel_dybala_1993
marc_andre_ter_stegen_1992,Marc-André ter Stegen,marc andre ter stegen m ter stegen stegen,"[""M. ter Stegen"",""Marc-André ter Stegen"",""Stegen""]",Germany,GK,Goalkeeper,1992,,,false,[],[],Germany,,Easy,1742,fifa_players_csv,marc_andre_ter_stegen_1992
luka_modric_1985,Luka Modrić,luka modric l modric modric,"[""L. Modrić"",""Luka Modrić"",""Modrić""]",Croatia,CM,Midfield,1985,,,false,[],[],Croatia,,Easy,1741,fifa_players_csv,luka_modric_1985
mohamed_salah_ghaly_1992,Mohamed  Salah Ghaly,mohamed salah ghaly m salah ghaly,"[""M. Salah"",""Mohamed Salah Ghaly"",""Ghaly""]",Egypt,"RW,ST",Attack,1992,,,false,[],[],Egypt,,Easy,1740,fifa_players_csv,mohamed_salah_ghaly_1992
n_golo_kante_1991,N'Golo Kanté,n golo kante n kante kante,"[""N. Kanté"",""N'Golo Kanté"",""Kanté""]",France,"CDM,CM",Midfield,1991,,,false,[],[],France,,Easy,1740,fifa_players_csv,n_golo_kante_1991
kylian_mbappe_1998,Kylian Mbappé,kylian mbappe k mbappe mbappe,"[""K. Mbappé"",""Kylian Mbappé"",""Mbappé""]",France,"RW,ST,RM",Attack,1998,,,false,[],[],France,,Easy,1735,fifa_players_csv,kylian_mbappe_1998
david_josue_jimenez_silva_1986,David Josué Jiménez Silva,david josue jimenez silva david silva silva,"[""David Silva"",""David Josué Jiménez Silva"",""Silva""]",Spain,"CAM,CM",Midfield,1986,,,false,[],[],Spain,,Easy,1730,fifa_players_csv,david_josue_jimenez_silva_1986
virgil_van_dijk_1991,Virgil van Dijk,virgil van dijk v van dijk dijk,"[""V. van Dijk"",""Virgil van Dijk"",""Dijk""]",Netherlands,CB,Defence,1991,,,false,[],[],Netherlands,,Easy,1730,fifa_players_csv,virgil_van_dijk_1991
christian_dannemann_eriksen_1992,Christian  Dannemann Eriksen,christian dannemann eriksen c eriksen eriksen,"[""C. Eriksen"",""Christian Dannemann Eriksen"",""Eriksen""]",Denmark,"CAM,RM,CM",Midfield,1992,,,false,[],[],Denmark,,Easy,1729,fifa_players_csv,christian_dannemann_eriksen_1992
lorenzo_insigne_1991,Lorenzo Insigne,lorenzo insigne l insigne insigne,"[""L. Insigne"",""Lorenzo Insigne"",""Insigne""]",Italy,"LW,ST",Attack,1991,,,false,[],[],Italy,,Easy,1728,fifa_players_csv,lorenzo_insigne_1991
francisco_roman_alarcon_suarez_1992,Francisco Román Alarcón Suárez,francisco roman alarcon suarez isco suarez,"[""Isco"",""Francisco Román Alarcón Suárez"",""Suárez""]",Spain,"CAM,CM,LW",Midfield,1992,,,false,[],[],Spain,,Easy,1720,fifa_players_csv,francisco_roman_alarcon_suarez_1992
mauro_emanuel_icardi_rivero_1993,Mauro Emanuel Icardi Rivero,mauro emanuel icardi rivero m icardi rivero,"[""M. Icardi"",""Mauro Emanuel Icardi Rivero"",""Rivero""]",Argentina,ST,Attack,1993,,,false,[],[],Argentina,,Easy,1720,fifa_players_csv,mauro_emanuel_icardi_rivero_1993
raheem_sterling_1994,Raheem Sterling,raheem sterling r sterling sterling,"[""R. Sterling"",""Raheem Sterling"",""Sterling""]",England,"RW,LW",Attack,1994,,,false,[],[],England,,Easy,1719,fifa_players_csv,raheem_sterling_1994
toby_alderweireld_1989,Toby Alderweireld,toby alderweireld t alderweireld alderweireld,"[""T. Alderweireld"",""Toby Alderweireld"",""Alderweireld""]",Belgium,CB,Defence,1989,,,false,[],[],Belgium,,Easy,1718,fifa_players_csv,toby_alderweireld_1989
ciro_immobile_1990,Ciro Immobile,ciro immobile c immobile immobile,"[""C. Immobile"",""Ciro Immobile"",""Immobile""]",Italy,ST,Attack,1990,,,false,[],[],Italy,,Easy,1717,fifa_players_csv,ciro_immobile_1990
dries_mertens_1987,Dries Mertens,dries mertens d mertens mertens,"[""D. Mertens"",""Dries Mertens"",""Mertens""]",Belgium,"CF,ST",Attack,1987,,,false,[],[],Belgium,,Easy,1717,fifa_players_csv,dries_mertens_1987
jan_vertonghen_1987,Jan Vertonghen,jan vertonghen j vertonghen vertonghen,"[""J. Vertonghen"",""Jan Vertonghen"",""Vertonghen""]",Belgium,CB,Defence,1987,,,false,[],[],Belgium,,Easy,1717,fifa_players_csv,jan_vertonghen_1987
jordi_alba_ramos_1989,Jordi Alba Ramos,jordi alba ramos jordi alba ramos,"[""Jordi Alba"",""Jordi Alba Ramos"",""Ramos""]",Spain,LB,Defence,1989,,,false,[],[],Spain,,Easy,1717,fifa_players_csv,jordi_alba_ramos_1989
thiago_alcantara_do_nascimento_1991,Thiago Alcântara do Nascimento,thiago alcantara do nascimento thiago nascimento,"[""Thiago"",""Thiago Alcântara do Nascimento"",""Nascimento""]",Spain,"CM,CAM,CDM",Midfield,1991,,,false,[],[],Spain,,Easy,1717,fifa_players_csv,thiago_alcantara_do_nascimento_1991
raphael_varane_1993,Raphaël Varane,raphael varane r varane varane,"[""R. Varane"",""Raphaël Varane"",""Varane""]",France,CB,Defence,1993,,,false,[],[],France,,Easy,1711,fifa_players_csv,raphael_varane_1993
marco_verratti_1992,Marco Verratti,marco verratti m verratti verratti,"[""M. Verratti"",""Marco Verratti"",""Verratti""]",Italy,"CM,CDM",Midfield,1992,,,false,[],[],Italy,,Easy,1709,fifa_players_csv,marco_verratti_1992
gerard_pique_bernabeu_1987,Gerard Piqué Bernabéu,gerard pique bernabeu pique bernabeu,"[""Piqué"",""Gerard Piqué Bernabéu"",""Bernabéu""]",Spain,CB,Defence,1987,,,false,[],[],Spain,,Easy,1708,fifa_players_csv,gerard_pique_bernabeu_1987
joshua_kimmich_1995,Joshua Kimmich,joshua kimmich j kimmich kimmich,"[""J. Kimmich"",""Joshua Kimmich"",""Kimmich""]",Germany,"RB,CM,CDM",Defence,1995,,,false,[],[],Germany,,Easy,1708,fifa_players_csv,joshua_kimmich_1995
romelu_lukaku_1993,Romelu Lukaku,romelu lukaku r lukaku lukaku,"[""R. Lukaku"",""Romelu Lukaku"",""Lukaku""]",Belgium,ST,Attack,1993,,,false,[],[],Belgium,,Easy,1708,fifa_players_csv,romelu_lukaku_1993
thiago_emiliano_da_silva_1984,Thiago Emiliano da Silva,thiago emiliano da silva thiago silva silva,"[""Thiago Silva"",""Thiago Emiliano da Silva"",""Silva""]",Brazil,CB,Defence,1984,,,false,[],[],Brazil,,Easy,1708,fifa_players_csv,thiago_emiliano_da_silva_1984
wojciech_szczesny_1990,Wojciech  Szczęsny,wojciech szczesny w szczesny szczesny,"[""W. Szczęsny"",""Wojciech Szczęsny"",""Szczęsny""]",Poland,GK,Goalkeeper,1990,,,false,[],[],Poland,,Easy,1708,fifa_players_csv,wojciech_szczesny_1990
cesar_azpilicueta_tanco_1989,César Azpilicueta Tanco,cesar azpilicueta tanco azpilicueta tanco,"[""Azpilicueta"",""César Azpilicueta Tanco"",""Tanco""]",Spain,"RB,CB",Defence,1989,,,false,[],[],Spain,,Easy,1706,fifa_players_csv,cesar_azpilicueta_tanco_1989
leonardo_bonucci_1987,Leonardo Bonucci,leonardo bonucci l bonucci bonucci,"[""L. Bonucci"",""Leonardo Bonucci"",""Bonucci""]",Italy,CB,Defence,1987,,,false,[],[],Italy,,Easy,1706,fifa_players_csv,leonardo_bonucci_1987
bamidele_alli_1996,Bamidele Alli,bamidele alli d alli alli,"[""D. Alli"",""Bamidele Alli"",""Alli""]",England,CAM,Midfield,1996,,,false,[],[],England,,Easy,1700,fifa_players_csv,bamidele_alli_1996
saul_niguez_esclapez_1994,Saúl Ñíguez Esclápez,saul niguez esclapez saul esclapez,"[""Saúl"",""Saúl Ñíguez Esclápez"",""Esclápez""]",Spain,"CM,LM,RM",Midfield,1994,,,false,[],[],Spain,,Easy,1700,fifa_players_csv,saul_niguez_esclapez_1994
gonzalo_gerardo_higuain_1987,Gonzalo Gerardo Higuaín,gonzalo gerardo higuain g higuain higuain,"[""G. Higuaín"",""Gonzalo Gerardo Higuaín"",""Higuaín""]",Argentina,ST,Attack,1987,,,false,[],[],Argentina,,Medium,1697,fifa_players_csv,gonzalo_gerardo_higuain_1987
ivan_rakitic_1988,Ivan Rakitić,ivan rakitic i rakitic rakitic,"[""I. Rakitić"",""Ivan Rakitić"",""Rakitić""]",Croatia,"CM,CDM",Midfield,1988,,,false,[],[],Croatia,,Medium,1697,fifa_players_csv,ivan_rakitic_1988
marcelo_vieira_da_silva_junior_1988,Marcelo Vieira da Silva Júnior,marcelo vieira da silva junior marcelo junior,"[""Marcelo"",""Marcelo Vieira da Silva Júnior"",""Júnior""]",Brazil,LB,Defence,1988,,,false,[],[],Brazil,,Medium,1697,fifa_players_csv,marcelo_vieira_da_silva_junior_1988
daniel_carvajal_ramos_1992,Daniel Carvajal Ramos,daniel carvajal ramos carvajal ramos,"[""Carvajal"",""Daniel Carvajal Ramos"",""Ramos""]",Spain,RB,Defence,1992,,,false,[],[],Spain,,Medium,1696,fifa_players_csv,daniel_carvajal_ramos_1992
kostas_manolas_1991,Kostas Manolas,kostas manolas k manolas manolas,"[""K. Manolas"",""Kostas Manolas"",""Manolas""]",Greece,CB,Defence,1991,,,false,[],[],Greece,,Medium,1696,fifa_players_csv,kostas_manolas_1991
axel_witsel_1989,Axel  Witsel,axel witsel a witsel witsel,"[""A. Witsel"",""Axel Witsel"",""Witsel""]",Belgium,"CDM,CM",Midfield,1989,,,false,[],[],Belgium,,Medium,1695,fifa_players_csv,axel_witsel_1989
blaise_matuidi_1987,Blaise Matuidi,blaise matuidi b matuidi matuidi,"[""B. Matuidi"",""Blaise Matuidi"",""Matuidi""]",France,"CDM,CM",Midfield,1987,,,false,[],[],France,,Medium,1695,fifa_players_csv,blaise_matuidi_1987
jorge_resurreccion_merodio_1992,Jorge Resurrección Merodio,jorge resurreccion merodio koke merodio,"[""Koke"",""Jorge Resurrección Merodio"",""Merodio""]",Spain,"LM,CM,RM",Midfield,1992,,,false,[],[],Spain,,Medium,1695,fifa_players_csv,jorge_resurreccion_merodio_1992
ousmane_dembele_1997,Ousmane Dembélé,ousmane dembele o dembele dembele,"[""O. Dembélé"",""Ousmane Dembélé"",""Dembélé""]",France,"RW,LW",Attack,1997,,,false,[],[],France,,Medium,1692,fifa_players_csv,ousmane_dembele_1997
marco_asensio_willemsen_1996,Marco Asensio Willemsen,marco asensio willemsen marco asensio willemsen,"[""Marco Asensio"",""Marco Asensio Willemsen"",""Willemsen""]",Spain,"LW,RW",Attack,1996,,,false,[],[],Spain,,Medium,1689,fifa_players_csv,marco_asensio_willemsen_1996
memphis_depay_1994,Memphis Depay,memphis depay m depay depay,"[""M. Depay"",""Memphis Depay"",""Depay""]",Netherlands,"CF,LW,CAM",Attack,1994,,,false,[],[],Netherlands,,Medium,1688,fifa_players_csv,memphis_depay_1994
timo_werner_1996,Timo Werner,timo werner t werner werner,"[""T. Werner"",""Timo Werner"",""Werner""]",Germany,ST,Attack,1996,,,false,[],[],Germany,,Medium,1687,fifa_players_csv,timo_werner_1996
karim_benzema_1987,Karim Benzema,karim benzema k benzema benzema,"[""K. Benzema"",""Karim Benzema"",""Benzema""]",France,ST,Attack,1987,,,false,[],[],France,,Medium,1686,fifa_players_csv,karim_benzema_1987
stefan_de_vrij_1992,Stefan de Vrij,stefan de vrij s de vrij vrij,"[""S. de Vrij"",""Stefan de Vrij"",""Vrij""]",Netherlands,CB,Defence,1992,,,false,[],[],Netherlands,,Medium,1686,fifa_players_csv,stefan_de_vrij_1992
yann_sommer_1988,Yann Sommer,yann sommer y sommer sommer,"[""Y. Sommer"",""Yann Sommer"",""Sommer""]",Switzerland,GK,Goalkeeper,1988,,,false,[],[],Switzerland,,Medium,1685,fifa_players_csv,yann_sommer_1988
gianluigi_donnarumma_1999,Gianluigi Donnarumma,gianluigi donnarumma g donnarumma donnarumma,"[""G. Donnarumma"",""Gianluigi Donnarumma"",""Donnarumma""]",Italy,GK,Goalkeeper,1999,,,false,[],[],Italy,,Medium,1684,fifa_players_csv,gianluigi_donnarumma_1999
ilkay_gundogan_1990,İlkay Gündoğan,ilkay gundogan i gundogan gundogan,"[""I. Gündoğan"",""İlkay Gündoğan"",""Gündoğan""]",Germany,"CM,CDM",Midfield,1990,,,false,[],[],Germany,,Medium,1684,fifa_players_csv,ilkay_gundogan_1990
juan_cuadrado_1988,Juan Cuadrado,juan cuadrado j cuadrado cuadrado,"[""J. Cuadrado"",""Juan Cuadrado"",""Cuadrado""]",Colombia,"RM,RW",Midfield,1988,,,false,[],[],Colombia,,Medium,1684,fifa_players_csv,juan_cuadrado_1988
kyle_walker_1990,Kyle Walker,kyle walker k walker walker,"[""K. Walker"",""Kyle Walker"",""Walker""]",England,RB,Defence,1990,,,false,[],[],England,,Medium,1684,fifa_players_csv,kyle_walker_1990
nicolas_hernan_otamendi_1988,Nicolás Hernán Otamendi,nicolas hernan otamendi n otamendi otamendi,"[""N. Otamendi"",""Nicolás Hernán Otamendi"",""Otamendi""]",Argentina,CB,Defence,1988,,,false,[],[],Argentina,,Medium,1684,fifa_players_csv,nicolas_hernan_otamendi_1988
radamel_falcao_garcia_zarate_1986,Radamel Falcao García Zárate,radamel falcao garcia zarate falcao zarate,"[""Falcao"",""Radamel Falcao García Zárate"",""Zárate""]",Colombia,ST,Attack,1986,,,false,[],[],Colombia,,Medium,1684,fifa_players_csv,radamel_falcao_garcia_zarate_1986
thomas_lemar_1995,Thomas Lemar,thomas lemar t lemar lemar,"[""T. Lemar"",""Thomas Lemar"",""Lemar""]",France,"LM,CAM,RM",Midfield,1995,,,false,[],[],France,,Medium,1679,fifa_players_csv,thomas_lemar_1995
leon_goretzka_1995,Leon Goretzka,leon goretzka l goretzka goretzka,"[""L. Goretzka"",""Leon Goretzka"",""Goretzka""]",Germany,"CM,CAM,CDM",Midfield,1995,,,false,[],[],Germany,,Medium,1678,fifa_players_csv,leon_goretzka_1995
bernd_leno_1992,Bernd Leno,bernd leno b leno leno,"[""B. Leno"",""Bernd Leno"",""Leno""]",Germany,GK,Goalkeeper,1992,,,false,[],[],Germany,,Medium,1676,fifa_players_csv,bernd_leno_1992
julian_draxler_1993,Julian Draxler,julian draxler j draxler draxler,"[""J. Draxler"",""Julian Draxler"",""Draxler""]",Germany,"CM,LW,LM,CAM",Midfield,1993,,,false,[],[],Germany,,Medium,1676,fifa_players_csv,julian_draxler_1993
william_silva_de_carvalho_1992,William Silva de Carvalho,william silva de carvalho william carvalho carvalho,"[""William Carvalho"",""William Silva de Carvalho"",""Carvalho""]",Portugal,"CDM,CM",Midfield,1992,,,false,[],[],Portugal,,Medium,1676,fifa_players_csv,william_silva_de_carvalho_1992
yannick_ferreira_carrasco_1993,Yannick Ferreira Carrasco,yannick ferreira carrasco y carrasco carrasco,"[""Y. Carrasco"",""Yannick Ferreira Carrasco"",""Carrasco""]",Belgium,LM,Midfield,1993,,,false,[],[],Dalian YiFang FC,,Medium,1676,fifa_players_csv,yannick_ferreira_carrasco_1993
andres_iniesta_lujan_1984,Andrés Iniesta Luján,andres iniesta lujan iniesta lujan,"[""Iniesta"",""Andrés Iniesta Luján"",""Luján""]",Spain,"CM,LM",Midfield,1984,,,false,[],[],Spain,,Medium,1675,fifa_players_csv,andres_iniesta_lujan_1984
angel_fabian_di_maria_hernandez_1988,Ángel Fabián Di María Hernández,angel fabian di maria hernandez a di maria hernandez,"[""A. Di María"",""Ángel Fabián Di María Hernández"",""Hernández""]",Argentina,"RW,LW",Attack,1988,,,false,[],[],Argentina,,Medium,1675,fifa_players_csv,angel_fabian_di_maria_hernandez_1988
danilo_luis_helio_pereira_1991,Danilo Luís Hélio Pereira,danilo luis helio pereira danilo pereira pereira,"[""Danilo Pereira"",""Danilo Luís Hélio Pereira"",""Pereira""]",Portugal,"CDM,CB,CM",Midfield,1991,,,false,[],[],FC Porto,,Medium,1675,fifa_players_csv,danilo_luis_helio_pereira_1991
jesus_joaquin_fernandez_saez_1993,Jesús Joaquín Fernández Sáez,jesus joaquin fernandez saez suso saez,"[""Suso"",""Jesús Joaquín Fernández Sáez"",""Sáez""]",Spain,"RW,CF",Attack,1993,,,false,[],[],Spain,,Medium,1675,fifa_players_csv,jesus_joaquin_fernandez_saez_1993
mesut_ozil_1988,Mesut Özil,mesut ozil m ozil ozil,"[""M. Özil"",""Mesut Özil"",""Özil""]",Germany,"CAM,RW",Midfield,1988,,,false,[],[],Germany,,Medium,1675,fifa_players_csv,mesut_ozil_1988
sergio_roberto_carnicer_1992,Sergio Roberto Carnicer,sergio roberto carnicer sergi roberto carnicer,"[""Sergi Roberto"",""Sergio Roberto Carnicer"",""Carnicer""]",Spain,"RB,RM,CM",Defence,1992,,,false,[],[],Spain,,Medium,1674,fifa_players_csv,sergio_roberto_carnicer_1992
dimitri_payet_1987,Dimitri  Payet,dimitri payet d payet payet,"[""D. Payet"",""Dimitri Payet"",""Payet""]",France,"CAM,LM",Midfield,1987,,,false,[],[],France,,Medium,1673,fifa_players_csv,dimitri_payet_1987
georginio_wijnaldum_1990,Georginio Wijnaldum,georginio wijnaldum g wijnaldum wijnaldum,"[""G. Wijnaldum"",""Georginio Wijnaldum"",""Wijnaldum""]",Netherlands,"CM,CDM",Midfield,1990,,,false,[],[],Netherlands,,Medium,1673,fifa_players_csv,georginio_wijnaldum_1990
luis_miguel_afonso_fernandes_1989,Luís Miguel Afonso Fernandes,luis miguel afonso fernandes pizzi fernandes,"[""Pizzi"",""Luís Miguel Afonso Fernandes"",""Fernandes""]",Portugal,CM,Midfield,1989,,,false,[],[],SL Benfica,,Medium,1673,fifa_players_csv,luis_miguel_afonso_fernandes_1989
sokratis_papastathopoulos_1988,Sokratis Papastathopoulos,sokratis papastathopoulos sokratis papastathopoulos,"[""Sokratis"",""Sokratis Papastathopoulos"",""Papastathopoulos""]",Greece,CB,Defence,1988,,,false,[],[],Greece,,Medium,1673,fifa_players_csv,sokratis_papastathopoulos_1988
rui_pedro_dos_santos_patricio_1988,Rui Pedro dos Santos Patrício,rui pedro dos santos patricio rui patricio patricio,"[""Rui Patrício"",""Rui Pedro dos Santos Patrício"",""Patrício""]",Portugal,GK,Goalkeeper,1988,,,false,[],[],Portugal,,Medium,1672,fifa_players_csv,rui_pedro_dos_santos_patricio_1988
gianluigi_buffon_1978,Gianluigi Buffon,gianluigi buffon g buffon buffon,"[""G. Buffon"",""Gianluigi Buffon"",""Buffon""]",Italy,GK,Goalkeeper,1978,,,false,[],[],Italy,,Medium,1671,fifa_players_csv,gianluigi_buffon_1978
salvatore_sirigu_1987,Salvatore Sirigu,salvatore sirigu s sirigu sirigu,"[""S. Sirigu"",""Salvatore Sirigu"",""Sirigu""]",Italy,GK,Goalkeeper,1987,,,false,[],[],Italy,,Medium,1670,fifa_players_csv,salvatore_sirigu_1987
piotr_zielinski_1994,Piotr Zieliński,piotr zielinski p zielinski zielinski,"[""P. Zieliński"",""Piotr Zieliński"",""Zieliński""]",Poland,"CM,LM",Midfield,1994,,,false,[],[],Poland,,Medium,1668,fifa_players_csv,piotr_zielinski_1994
hirving_rodrigo_lozano_bahena_1995,Hirving Rodrigo Lozano Bahena,hirving rodrigo lozano bahena h lozano bahena,"[""H. Lozano"",""Hirving Rodrigo Lozano Bahena"",""Bahena""]",Mexico,"RW,LW",Attack,1995,,,false,[],[],Mexico,,Medium,1667,fifa_players_csv,hirving_rodrigo_lozano_bahena_1995
arkadiusz_milik_1994,Arkadiusz Milik,arkadiusz milik a milik milik,"[""A. Milik"",""Arkadiusz Milik"",""Milik""]",Poland,ST,Attack,1994,,,false,[],[],Poland,,Medium,1666,fifa_players_csv,arkadiusz_milik_1994
alvaro_borja_morata_martin_1992,Álvaro Borja Morata Martín,alvaro borja morata martin morata martin,"[""Morata"",""Álvaro Borja Morata Martín"",""Martín""]",Spain,ST,Attack,1992,,,false,[],[],Spain,,Medium,1664,fifa_players_csv,alvaro_borja_morata_martin_1992
diego_da_silva_costa_1988,Diego da Silva Costa,diego da silva costa diego costa costa,"[""Diego Costa"",""Diego da Silva Costa"",""Costa""]",Spain,ST,Attack,1988,,,false,[],[],Spain,,Medium,1664,fifa_players_csv,diego_da_silva_costa_1988
jasper_cillessen_1989,Jasper Cillessen,jasper cillessen j cillessen cillessen,"[""J. Cillessen"",""Jasper Cillessen"",""Cillessen""]",Netherlands,GK,Goalkeeper,1989,,,false,[],[],Netherlands,,Medium,1664,fifa_players_csv,jasper_cillessen_1989
alessandro_florenzi_1991,Alessandro  Florenzi,alessandro florenzi a florenzi florenzi,"[""A. Florenzi"",""Alessandro Florenzi"",""Florenzi""]",Italy,"RB,RW,LW",Defence,1991,,,false,[],[],Italy,,Medium,1663,fifa_players_csv,alessandro_florenzi_1991
sebastian_coates_nion_1990,Sebastián Coates Nión,sebastian coates nion s coates nion,"[""S. Coates"",""Sebastián Coates Nión"",""Nión""]",Uruguay,CB,Defence,1990,,,false,[],[],Sporting CP,,Medium,1663,fifa_players_csv,sebastian_coates_nion_1990
aaron_ramsey_1990,Aaron Ramsey,aaron ramsey a ramsey ramsey,"[""A. Ramsey"",""Aaron Ramsey"",""Ramsey""]",Wales,"CM,CDM,CAM",Midfield,1990,,,false,[],[],Wales,,Medium,1662,fifa_players_csv,aaron_ramsey_1990
gylfi_or_sigur_sson_1989,Gylfi Þór Sigurðsson,gylfi or sigur sson g sigur sson sigur sson,"[""G. Sigurðsson"",""Gylfi Þór Sigurðsson"",""Sigurðsson""]",Iceland,CAM,Midfield,1989,,,false,[],[],Iceland,,Medium,1662,fifa_players_csv,gylfi_or_sigur_sson_1989
hector_miguel_herrera_lopez_1990,Héctor Miguel Herrera López,hector miguel herrera lopez h herrera lopez,"[""H. Herrera"",""Héctor Miguel Herrera López"",""López""]",Mexico,CM,Midfield,1990,,,false,[],[],FC Porto,,Medium,1662,fifa_players_csv,hector_miguel_herrera_lopez_1990
jose_andres_guardado_hernandez_1986,José Andrés Guardado Hernández,jose andres guardado hernandez a guardado hernandez,"[""A. Guardado"",""José Andrés Guardado Hernández"",""Hernández""]",Mexico,"CM,CDM",Midfield,1986,,,false,[],[],Mexico,,Medium,1662,fifa_players_csv,jose_andres_guardado_hernandez_1986
kevin_strootman_1990,Kevin Strootman,kevin strootman k strootman strootman,"[""K. Strootman"",""Kevin Strootman"",""Strootman""]",Netherlands,"CDM,CM",Midfield,1990,,,false,[],[],Netherlands,,Medium,1662,fifa_players_csv,kevin_strootman_1990
marko_arnautovic_1989,Marko Arnautović,marko arnautovic m arnautovic arnautovic,"[""M. Arnautović"",""Marko Arnautović"",""Arnautović""]",Austria,ST,Attack,1989,,,false,[],[],Austria,,Medium,1662,fifa_players_csv,marko_arnautovic_1989
olivier_giroud_1986,Olivier Giroud,olivier giroud o giroud giroud,"[""O. Giroud"",""Olivier Giroud"",""Giroud""]",France,ST,Attack,1986,,,false,[],[],France,,Medium,1662,fifa_players_csv,olivier_giroud_1986
xherdan_shaqiri_1991,Xherdan Shaqiri,xherdan shaqiri x shaqiri shaqiri,"[""X. Shaqiri"",""Xherdan Shaqiri"",""Shaqiri""]",Switzerland,"RW,RM,CAM",Attack,1991,,,false,[],[],Switzerland,,Medium,1662,fifa_players_csv,xherdan_shaqiri_1991
arjen_robben_1984,Arjen Robben,arjen robben a robben robben,"[""A. Robben"",""Arjen Robben"",""Robben""]",Netherlands,"RM,RW",Midfield,1984,,,false,[],[],Netherlands,,Medium,1661,fifa_players_csv,arjen_robben_1984
kamil_glik_1988,Kamil Glik,kamil glik k glik glik,"[""K. Glik"",""Kamil Glik"",""Glik""]",Poland,CB,Defence,1988,,,false,[],[],Poland,,Medium,1661,fifa_players_csv,kamil_glik_1988
granit_xhaka_1992,Granit Xhaka,granit xhaka g xhaka xhaka,"[""G. Xhaka"",""Granit Xhaka"",""Xhaka""]",Switzerland,"CM,CDM",Midfield,1992,,,false,[],[],Switzerland,,Medium,1654,fifa_players_csv,granit_xhaka_1992
joao_mario_naval_costa_eduardo_1993,João Mário Naval Costa Eduardo,joao mario naval costa eduardo joao mario eduardo,"[""João Mário"",""João Mário Naval Costa Eduardo"",""Eduardo""]",Portugal,"CAM,LW,CM,RM",Midfield,1993,,,false,[],[],Portugal,,Medium,1654,fifa_players_csv,joao_mario_naval_costa_eduardo_1993
david_luiz_moreira_marinho_1987,David Luiz Moreira Marinho,david luiz moreira marinho david luiz marinho,"[""David Luiz"",""David Luiz Moreira Marinho"",""Marinho""]",Brazil,CB,Defence,1987,,,false,[],[],Brazil,,Medium,1653,fifa_players_csv,david_luiz_moreira_marinho_1987
jesus_corona_1993,Jesús Corona,jesus corona j corona corona,"[""J. Corona"",""Jesús Corona"",""Corona""]",Mexico,"RM,RB",Midfield,1993,,,false,[],[],FC Porto,,Medium,1652,fifa_players_csv,jesus_corona_1993
josip_ilicic_1988,Josip Iličić,josip ilicic j ilicic ilicic,"[""J. Iličić"",""Josip Iličić"",""Iličić""]",Slovenia,"CF,CAM",Attack,1988,,,false,[],[],Slovenia,,Medium,1650,fifa_players_csv,josip_ilicic_1988
steve_mandanda_1985,Steve Mandanda,steve mandanda s mandanda mandanda,"[""S. Mandanda"",""Steve Mandanda"",""Mandanda""]",France,GK,Goalkeeper,1985,,,false,[],[],France,,Medium,1650,fifa_players_csv,steve_mandanda_1985
danny_rose_1990,Danny Rose,danny rose d rose rose,"[""D. Rose"",""Danny Rose"",""Rose""]",England,"LB,LWB",Defence,1990,,,false,[],[],England,,Medium,1646,fifa_players_csv,danny_rose_1990
simon_thorup_kj_r_1989,Simon Thorup Kjær,simon thorup kj r s kj r kj r,"[""S. Kjær"",""Simon Thorup Kjær"",""Kjær""]",Denmark,CB,Defence,1989,,,false,[],[],Denmark,,Medium,1645,fifa_players_csv,simon_thorup_kj_r_1989
franck_bilal_ribery_1983,Franck Bilal Ribéry,franck bilal ribery f ribery ribery,"[""F. Ribéry"",""Franck Bilal Ribéry"",""Ribéry""]",France,"LM,LW",Midfield,1983,,,false,[],[],France,,Medium,1643,fifa_players_csv,franck_bilal_ribery_1983
hakan_calhanoglu_1994,Hakan Çalhanoğlu,hakan calhanoglu h calhanoglu calhanoglu,"[""H. Çalhanoğlu"",""Hakan Çalhanoğlu"",""Çalhanoğlu""]",Turkey,"LW,CAM",Attack,1994,,,false,[],[],Turkey,,Medium,1643,fifa_players_csv,hakan_calhanoglu_1994
francesc_fabregas_i_soler_1987,Francesc Fàbregas i Soler,francesc fabregas i soler cesc fabregas soler,"[""Cesc Fàbregas"",""Francesc Fàbregas i Soler"",""Soler""]",Spain,"CM,CDM",Midfield,1987,,,false,[],[],Spain,,Medium,1642,fifa_players_csv,francesc_fabregas_i_soler_1987
mario_barwuah_balotelli_1990,Mario  Barwuah Balotelli,mario barwuah balotelli m balotelli balotelli,"[""M. Balotelli"",""Mario Barwuah Balotelli"",""Balotelli""]",Italy,ST,Attack,1990,,,false,[],[],Italy,,Medium,1642,fifa_players_csv,mario_barwuah_balotelli_1990
vincent_pate_aboubakar_1992,Vincent Paté Aboubakar,vincent pate aboubakar v aboubakar aboubakar,"[""V. Aboubakar"",""Vincent Paté Aboubakar"",""Aboubakar""]",Cameroon,ST,Attack,1992,,,false,[],[],FC Porto,,Medium,1641,fifa_players_csv,vincent_pate_aboubakar_1992
ricardo_rodriguez_1992,Ricardo Rodríguez,ricardo rodriguez r rodriguez rodriguez,"[""R. Rodríguez"",""Ricardo Rodríguez"",""Rodríguez""]",Switzerland,"LB,CB",Defence,1992,,,false,[],[],Switzerland,,Medium,1640,fifa_players_csv,ricardo_rodriguez_1992
fernando_muslera_1986,Fernando Muslera,fernando muslera f muslera muslera,"[""F. Muslera"",""Fernando Muslera"",""Muslera""]",Uruguay,GK,Goalkeeper,1986,,,false,[],[],Uruguay,,Medium,1637,fifa_players_csv,fernando_muslera_1986
daley_blind_1990,Daley Blind,daley blind d blind blind,"[""D. Blind"",""Daley Blind"",""Blind""]",Netherlands,"CB,LB,CDM",Defence,1990,,,false,[],[],Netherlands,,Medium,1635,fifa_players_csv,daley_blind_1990
carlos_arturo_bacca_ahumada_1986,Carlos Arturo Bacca Ahumada,carlos arturo bacca ahumada c bacca ahumada,"[""C. Bacca"",""Carlos Arturo Bacca Ahumada"",""Ahumada""]",Colombia,ST,Attack,1986,,,false,[],[],Colombia,,Medium,1634,fifa_players_csv,carlos_arturo_bacca_ahumada_1986
mario_gotze_1992,Mario Götze,mario gotze m gotze gotze,"[""M. Götze"",""Mario Götze"",""Götze""]",Germany,"CF,CAM",Attack,1992,,,false,[],[],Germany,,Medium,1634,fifa_players_csv,mario_gotze_1992
leroy_sane_1996,Leroy Sané,leroy sane l sane sane,"[""L. Sané"",""Leroy Sané"",""Sané""]",Germany,LW,Attack,1996,,,false,[],[],Germany,,Medium,1632,fifa_players_csv,leroy_sane_1996
bernardo_mota_veiga_de_carvalho_e_silva_1994,Bernardo Mota Veiga de Carvalho e Silva,bernardo mota veiga de carvalho e silva bernardo silva silva,"[""Bernardo Silva"",""Bernardo Mota Veiga de Carvalho e Silva"",""Silva""]",Portugal,"CAM,CM,RW,RM",Midfield,1994,,,false,[],[],Portugal,,Medium,1631,fifa_players_csv,bernardo_mota_veiga_de_carvalho_e_silva_1994
kalidou_koulibaly_1991,Kalidou Koulibaly,kalidou koulibaly k koulibaly koulibaly,"[""K. Koulibaly"",""Kalidou Koulibaly"",""Koulibaly""]",Senegal,CB,Defence,1991,,,false,[],[],Senegal,,Medium,1631,fifa_players_csv,kalidou_koulibaly_1991
nicolas_n_koulou_1990,Nicolas N'Koulou,nicolas n koulou n nkoulou n koulou,"[""N. Nkoulou"",""Nicolas N'Koulou"",""N'Koulou""]",Cameroon,CB,Defence,1990,,,false,[],[],Cameroon,,Medium,1631,fifa_players_csv,nicolas_n_koulou_1990
philippe_coutinho_correia_1992,Philippe Coutinho Correia,philippe coutinho correia coutinho correia,"[""Coutinho"",""Philippe Coutinho Correia"",""Correia""]",Brazil,"LW,RW,CM",Attack,1992,,,false,[],[],Brazil,,Medium,1629,fifa_players_csv,philippe_coutinho_correia_1992
givanildo_vieira_de_souza_1986,Givanildo Vieira de Souza,givanildo vieira de souza hulk souza,"[""Hulk"",""Givanildo Vieira de Souza"",""Souza""]",Brazil,"RM,CAM,ST",Midfield,1986,,,false,[],[],Brazil,,Medium,1628,fifa_players_csv,givanildo_vieira_de_souza_1986
pierre_emerick_aubameyang_1989,Pierre-Emerick Aubameyang,pierre emerick aubameyang p aubameyang aubameyang,"[""P. Aubameyang"",""Pierre-Emerick Aubameyang"",""Aubameyang""]",Gabon,"ST,LM",Attack,1989,,,false,[],[],Gabon,,Medium,1628,fifa_players_csv,pierre_emerick_aubameyang_1989
samir_handanovic_1984,Samir Handanovič,samir handanovic s handanovic handanovic,"[""S. Handanovič"",""Samir Handanovič"",""Handanovič""]",Slovenia,GK,Goalkeeper,1984,,,false,[],[],Slovenia,,Medium,1628,fifa_players_csv,samir_handanovic_1984
sergio_german_romero_1987,Sergio Germán Romero,sergio german romero s romero romero,"[""S. Romero"",""Sergio Germán Romero"",""Romero""]",Argentina,GK,Goalkeeper,1987,,,false,[],[],Argentina,,Medium,1623,fifa_players_csv,sergio_german_romero_1987
christian_pulisic_1998,Christian Pulisic,christian pulisic c pulisic pulisic,"[""C. Pulisic"",""Christian Pulisic"",""Pulisic""]",United States,"RM,LM",Midfield,1998,,,false,[],[],United States,,Medium,1622,fifa_players_csv,christian_pulisic_1998
igor_akinfeev_1986,Igor Akinfeev,igor akinfeev i akinfeev akinfeev,"[""I. Akinfeev"",""Igor Akinfeev"",""Akinfeev""]",Russia,GK,Goalkeeper,1986,,,false,[],[],Russia,,Medium,1622,fifa_players_csv,igor_akinfeev_1986
samuel_umtiti_1993,Samuel Umtiti,samuel umtiti s umtiti umtiti,"[""S. Umtiti"",""Samuel Umtiti"",""Umtiti""]",France,CB,Defence,1993,,,false,[],[],France,,Medium,1622,fifa_players_csv,samuel_umtiti_1993
alisson_ramses_becker_1992,Alisson Ramses Becker,alisson ramses becker alisson becker,"[""Alisson"",""Alisson Ramses Becker"",""Becker""]",Brazil,GK,Goalkeeper,1992,,,false,[],[],Brazil,,Medium,1621,fifa_players_csv,alisson_ramses_becker_1992
javier_hernandez_balcazar_1988,Javier Hernández Balcázar,javier hernandez balcazar j hernandez balcazar,"[""J. Hernández"",""Javier Hernández Balcázar"",""Balcázar""]",Mexico,ST,Attack,1988,,,false,[],[],Mexico,,Medium,1620,fifa_players_csv,javier_hernandez_balcazar_1988
mamadou_sakho_1990,Mamadou Sakho,mamadou sakho m sakho sakho,"[""M. Sakho"",""Mamadou Sakho"",""Sakho""]",France,CB,Defence,1990,,,false,[],[],France,,Medium,1620,fifa_players_csv,mamadou_sakho_1990
carlos_henrique_venancio_casimiro_1992,Carlos Henrique Venancio Casimiro,carlos henrique venancio casimiro casemiro casimiro,"[""Casemiro"",""Carlos Henrique Venancio Casimiro"",""Casimiro""]",Brazil,CDM,Midfield,1992,,,false,[],[],Brazil,,Medium,1619,fifa_players_csv,carlos_henrique_venancio_casimiro_1992
fernando_luiz_rosa_1985,Fernando Luiz Rosa,fernando luiz rosa fernandinho rosa,"[""Fernandinho"",""Fernando Luiz Rosa"",""Rosa""]",Brazil,CDM,Midfield,1985,,,false,[],[],Brazil,,Medium,1617,fifa_players_csv,fernando_luiz_rosa_1985
keylor_navas_1986,Keylor Navas,keylor navas k navas navas,"[""K. Navas"",""Keylor Navas"",""Navas""]",Costa Rica,GK,Goalkeeper,1986,,,false,[],[],Costa Rica,,Medium,1617,fifa_players_csv,keylor_navas_1986
ryan_guno_babel_1986,Ryan Guno Babel,ryan guno babel r babel babel,"[""R. Babel"",""Ryan Guno Babel"",""Babel""]",Netherlands,LW,Attack,1986,,,false,[],[],Netherlands,,Medium,1617,fifa_players_csv,ryan_guno_babel_1986
jonas_hector_1990,Jonas Hector,jonas hector j hector hector,"[""J. Hector"",""Jonas Hector"",""Hector""]",Germany,"LB,CDM",Defence,1990,,,false,[],[],Germany,,Medium,1615,fifa_players_csv,jonas_hector_1990
gary_alexis_medel_soto_1987,Gary Alexis Medel Soto,gary alexis medel soto g medel soto,"[""G. Medel"",""Gary Alexis Medel Soto"",""Soto""]",Chile,"CDM,CB",Midfield,1987,,,false,[],[],Chile,,Medium,1614,fifa_players_csv,gary_alexis_medel_soto_1987
mahmoud_hassan_1994,Mahmoud Hassan,mahmoud hassan trezeguet hassan,"[""Trezeguet"",""Mahmoud Hassan"",""Hassan""]",Egypt,"LM,CAM,RM",Midfield,1994,,,false,[],[],Egypt,,Medium,1613,fifa_players_csv,mahmoud_hassan_1994
wayne_mark_rooney_1985,Wayne Mark Rooney,wayne mark rooney w rooney rooney,"[""W. Rooney"",""Wayne Mark Rooney"",""Rooney""]",England,ST,Attack,1985,,,false,[],[],England,,Medium,1611,fifa_players_csv,wayne_mark_rooney_1985
daniel_alves_da_silva_1983,Daniel Alves da Silva,daniel alves da silva dani alves silva,"[""Dani Alves"",""Daniel Alves da Silva"",""Silva""]",Brazil,"RB,CM",Defence,1983,,,false,[],[],Brazil,,Medium,1610,fifa_players_csv,daniel_alves_da_silva_1983
niklas_sule_1995,Niklas Süle,niklas sule n sule sule,"[""N. Süle"",""Niklas Süle"",""Süle""]",Germany,CB,Defence,1995,,,false,[],[],Germany,,Medium,1610,fifa_players_csv,niklas_sule_1995
raul_alonso_jimenez_rodriguez_1991,Raúl Alonso Jiménez Rodríguez,raul alonso jimenez rodriguez r jimenez rodriguez,"[""R. Jiménez"",""Raúl Alonso Jiménez Rodríguez"",""Rodríguez""]",Mexico,ST,Attack,1991,,,false,[],[],Mexico,,Medium,1610,fifa_players_csv,raul_alonso_jimenez_rodriguez_1991
bruno_miguel_borges_fernandes_1994,Bruno Miguel Borges Fernandes,bruno miguel borges fernandes bruno fernandes fernandes,"[""Bruno Fernandes"",""Bruno Miguel Borges Fernandes"",""Fernandes""]",Portugal,"CAM,CM",Midfield,1994,,,false,[],[],Sporting CP,,Medium,1608,fifa_players_csv,bruno_miguel_borges_fernandes_1994
davinson_sanchez_1996,Davinson Sánchez,davinson sanchez d sanchez sanchez,"[""D. Sánchez"",""Davinson Sánchez"",""Sánchez""]",Colombia,CB,Defence,1996,,,false,[],[],Colombia,,Medium,1608,fifa_players_csv,davinson_sanchez_1996
jose_maria_gimenez_de_vargas_1995,José María Giménez de Vargas,jose maria gimenez de vargas j gimenez vargas,"[""J. Giménez"",""José María Giménez de Vargas"",""Vargas""]",Uruguay,CB,Defence,1995,,,false,[],[],Uruguay,,Medium,1608,fifa_players_csv,jose_maria_gimenez_de_vargas_1995
roberto_firmino_barbosa_de_oliveira_1991,Roberto Firmino Barbosa de Oliveira,roberto firmino barbosa de oliveira roberto firmino oliveira,"[""Roberto Firmino"",""Roberto Firmino Barbosa de Oliveira"",""Oliveira""]",Brazil,"CF,ST,CAM",Attack,1991,,,false,[],[],Brazil,,Medium,1607,fifa_players_csv,roberto_firmino_barbosa_de_oliveira_1991
sadio_mane_1992,Sadio Mané,sadio mane s mane mane,"[""S. Mané"",""Sadio Mané"",""Mané""]",Senegal,"LW,RW,LM",Attack,1992,,,false,[],[],Senegal,,Medium,1607,fifa_players_csv,sadio_mane_1992
alex_sandro_lobo_silva_1991,Alex Sandro Lobo Silva,alex sandro lobo silva alex sandro silva,"[""Alex Sandro"",""Alex Sandro Lobo Silva"",""Silva""]",Brazil,"LB,LM",Defence,1991,,,false,[],[],Brazil,,Medium,1606,fifa_players_csv,alex_sandro_lobo_silva_1991
miralem_pjanic_1990,Miralem Pjanić,miralem pjanic m pjanic pjanic,"[""M. Pjanić"",""Miralem Pjanić"",""Pjanić""]",Bosnia Herzegovina,"CM,CDM",Midfield,1990,,,false,[],[],Bosnia Herzegovina,,Medium,1606,fifa_players_csv,miralem_pjanic_1990
florian_thauvin_1993,Florian Thauvin,florian thauvin f thauvin thauvin,"[""F. Thauvin"",""Florian Thauvin"",""Thauvin""]",France,"RM,RW",Midfield,1993,,,false,[],[],France,,Medium,1605,fifa_players_csv,florian_thauvin_1993
iago_aspas_juncal_1987,Iago Aspas Juncal,iago aspas juncal iago aspas juncal,"[""Iago Aspas"",""Iago Aspas Juncal"",""Juncal""]",Spain,"ST,RW",Attack,1987,,,false,[],[],Spain,,Medium,1604,fifa_players_csv,iago_aspas_juncal_1987
lukas_hradecky_1989,Lukáš Hrádecký,lukas hradecky l hradecky hradecky,"[""L. Hrádecký"",""Lukáš Hrádecký"",""Hrádecký""]",Finland,GK,Goalkeeper,1989,,,false,[],[],Finland,,Medium,1604,fifa_players_csv,lukas_hradecky_1989
matthijs_de_ligt_1999,Matthijs de Ligt,matthijs de ligt m de ligt ligt,"[""M. de Ligt"",""Matthijs de Ligt"",""Ligt""]",Netherlands,CB,Defence,1999,,,false,[],[],Netherlands,,Medium,1602,fifa_players_csv,matthijs_de_ligt_1999
gervais_lombe_yao_kouassi_1987,Gervais Lombe Yao Kouassi,gervais lombe yao kouassi gervinho kouassi,"[""Gervinho"",""Gervais Lombe Yao Kouassi"",""Kouassi""]",Ivory Coast,"LW,RW,ST",Attack,1987,,,false,[],[],Côte d'Ivoire,,Medium,1601,fifa_players_csv,gervais_lombe_yao_kouassi_1987
marcos_aoas_correa_1994,Marcos  Aoás Corrêa,marcos aoas correa marquinhos correa,"[""Marquinhos"",""Marcos Aoás Corrêa"",""Corrêa""]",Brazil,"CB,CDM",Defence,1994,,,false,[],[],Brazil,,Medium,1600,fifa_players_csv,marcos_aoas_correa_1994
marcus_rashford_1997,Marcus Rashford,marcus rashford m rashford rashford,"[""M. Rashford"",""Marcus Rashford"",""Rashford""]",England,"ST,LW,RW",Attack,1997,,,false,[],[],England,,Medium,1600,fifa_players_csv,marcus_rashford_1997
joao_pedro_cavaco_cancelo_1994,João Pedro Cavaco Cancelo,joao pedro cavaco cancelo joao cancelo cancelo,"[""João Cancelo"",""João Pedro Cavaco Cancelo"",""Cancelo""]",Portugal,RB,Defence,1994,,,false,[],[],Portugal,,Medium,1599,fifa_players_csv,joao_pedro_cavaco_cancelo_1994
presnel_kimpembe_1995,Presnel Kimpembe,presnel kimpembe p kimpembe kimpembe,"[""P. Kimpembe"",""Presnel Kimpembe"",""Kimpembe""]",France,CB,Defence,1995,,,false,[],[],France,,Medium,1599,fifa_players_csv,presnel_kimpembe_1995
petr_cech_1982,Petr Čech,petr cech p cech cech,"[""P. Čech"",""Petr Čech"",""Čech""]",Czech Republic,GK,Goalkeeper,1982,,,false,[],[],Czech Republic,,Medium,1598,fifa_players_csv,petr_cech_1982
john_stones_1994,John Stones,john stones j stones stones,"[""J. Stones"",""John Stones"",""Stones""]",England,CB,Defence,1994,,,false,[],[],England,,Medium,1597,fifa_players_csv,john_stones_1994
serge_gnabry_1995,Serge Gnabry,serge gnabry s gnabry gnabry,"[""S. Gnabry"",""Serge Gnabry"",""Gnabry""]",Germany,"LM,RM,CAM,LW",Midfield,1995,,,false,[],[],Germany,,Medium,1597,fifa_players_csv,serge_gnabry_1995
alexandre_lacazette_1991,Alexandre Lacazette,alexandre lacazette a lacazette lacazette,"[""A. Lacazette"",""Alexandre Lacazette"",""Lacazette""]",France,ST,Attack,1991,,,false,[],[],France,,Medium,1596,fifa_players_csv,alexandre_lacazette_1991
1992_53,손흥민 孙兴慜,h son,"[""H. Son""]",Korea Republic,"LM,ST",Midfield,1992,,,false,[],[],Korea Republic,,Medium,1596,fifa_players_csv,1992_53
douglas_costa_de_souza_1990,Douglas Costa de Souza,douglas costa de souza douglas costa souza,"[""Douglas Costa"",""Douglas Costa de Souza"",""Souza""]",Brazil,"LM,RW,LW",Midfield,1990,,,false,[],[],Brazil,,Medium,1595,fifa_players_csv,douglas_costa_de_souza_1990
edin_dzeko_1986,Edin Džeko,edin dzeko e dzeko dzeko,"[""E. Džeko"",""Edin Džeko"",""Džeko""]",Bosnia Herzegovina,ST,Attack,1986,,,false,[],[],Bosnia Herzegovina,,Medium,1595,fifa_players_csv,edin_dzeko_1986
filipe_luis_kasmirski_1985,Filipe Luís Kasmirski,filipe luis kasmirski filipe luis kasmirski,"[""Filipe Luís"",""Filipe Luís Kasmirski"",""Kasmirski""]",Brazil,LB,Defence,1985,,,false,[],[],Brazil,,Medium,1595,fifa_players_csv,filipe_luis_kasmirski_1985
ivan_perisic_1989,Ivan Perišić,ivan perisic i perisic perisic,"[""I. Perišić"",""Ivan Perišić"",""Perišić""]",Croatia,LM,Midfield,1989,,,false,[],[],Croatia,,Medium,1595,fifa_players_csv,ivan_perisic_1989
jose_paulo_bezzera_maciel_junior_1988,José Paulo Bezzera Maciel Júnior,jose paulo bezzera maciel junior paulinho junior,"[""Paulinho"",""José Paulo Bezzera Maciel Júnior"",""Júnior""]",Brazil,"CM,CAM,CDM,RM",Midfield,1988,,,false,[],[],Brazil,,Medium,1595,fifa_players_csv,jose_paulo_bezzera_maciel_junior_1988
koen_casteels_1992,Koen Casteels,koen casteels k casteels casteels,"[""K. Casteels"",""Koen Casteels"",""Casteels""]",Belgium,GK,Goalkeeper,1992,,,false,[],[],Belgium,,Medium,1595,fifa_players_csv,koen_casteels_1992
mario_mandzukic_1986,Mario Mandžukić,mario mandzukic m mandzukic mandzukic,"[""M. Mandžukić"",""Mario Mandžukić"",""Mandžukić""]",Croatia,"ST,LW",Attack,1986,,,false,[],[],Croatia,,Medium,1595,fifa_players_csv,mario_mandzukic_1986
radja_nainggolan_1988,Radja Nainggolan,radja nainggolan r nainggolan nainggolan,"[""R. Nainggolan"",""Radja Nainggolan"",""Nainggolan""]",Belgium,"CM,CAM",Midfield,1988,,,false,[],[],Belgium,,Medium,1595,fifa_players_csv,radja_nainggolan_1988
riyad_mahrez_1991,Riyad Mahrez,riyad mahrez r mahrez mahrez,"[""R. Mahrez"",""Riyad Mahrez"",""Mahrez""]",Algeria,"RW,RM",Attack,1991,,,false,[],[],Algeria,,Medium,1595,fifa_players_csv,riyad_mahrez_1991
yacine_brahimi_1990,Yacine Brahimi,yacine brahimi y brahimi brahimi,"[""Y. Brahimi"",""Yacine Brahimi"",""Brahimi""]",Algeria,LM,Midfield,1990,,,false,[],[],Algeria,,Medium,1595,fifa_players_csv,yacine_brahimi_1990
iker_casillas_fernandez_1981,Iker Casillas Fernández,iker casillas fernandez casillas fernandez,"[""Casillas"",""Iker Casillas Fernández"",""Fernández""]",Spain,GK,Goalkeeper,1981,,,false,[],[],Spain,,Medium,1594,fifa_players_csv,iker_casillas_fernandez_1981
jose_ignacio_fernandez_iglesias_1990,José Ignacio Fernández Iglesias,jose ignacio fernandez iglesias nacho fernandez iglesias,"[""Nacho Fernández"",""José Ignacio Fernández Iglesias"",""Iglesias""]",Spain,"CB,LB,RB",Defence,1990,,,false,[],[],Spain,,Medium,1594,fifa_players_csv,jose_ignacio_fernandez_iglesias_1990
luiz_frello_filho_jorge_1991,Luiz Frello Filho Jorge,luiz frello filho jorge jorginho jorge,"[""Jorginho"",""Luiz Frello Filho Jorge"",""Jorge""]",Italy,CM,Midfield,1991,,,false,[],[],Italy,,Medium,1594,fifa_players_csv,luiz_frello_filho_jorge_1991
rodrigo_moreno_machado_1991,Rodrigo Moreno Machado,rodrigo moreno machado rodrigo machado,"[""Rodrigo"",""Rodrigo Moreno Machado"",""Machado""]",Spain,ST,Attack,1991,,,false,[],[],Spain,,Medium,1594,fifa_players_csv,rodrigo_moreno_machado_1991
thorgan_hazard_1993,Thorgan Hazard,thorgan hazard t hazard hazard,"[""T. Hazard"",""Thorgan Hazard"",""Hazard""]",Belgium,"RW,LW,CF",Attack,1993,,,false,[],[],Belgium,,Medium,1594,fifa_players_csv,thorgan_hazard_1993
francesco_acerbi_1988,Francesco Acerbi,francesco acerbi f acerbi acerbi,"[""F. Acerbi"",""Francesco Acerbi"",""Acerbi""]",Italy,CB,Defence,1988,,,false,[],[],Italy,,Medium,1593,fifa_players_csv,francesco_acerbi_1988
quincy_anton_promes_1992,Quincy Anton Promes,quincy anton promes q promes promes,"[""Q. Promes"",""Quincy Anton Promes"",""Promes""]",Netherlands,"LM,ST,RM",Midfield,1992,,,false,[],[],Netherlands,,Medium,1593,fifa_players_csv,quincy_anton_promes_1992
daniel_nii_tackie_mensah_welbeck_1990,Daniel Nii Tackie Mensah Welbeck,daniel nii tackie mensah welbeck d welbeck welbeck,"[""D. Welbeck"",""Daniel Nii Tackie Mensah Welbeck"",""Welbeck""]",England,"LW,ST,LM",Attack,1990,,,false,[],[],England,,Medium,1592,fifa_players_csv,daniel_nii_tackie_mensah_welbeck_1990
anthony_martial_1995,Anthony Martial,anthony martial a martial martial,"[""A. Martial"",""Anthony Martial"",""Martial""]",France,"LW,ST,LM",Attack,1995,,,false,[],[],France,,Medium,1590,fifa_players_csv,anthony_martial_1995
kasper_schmeichel_1986,Kasper Schmeichel,kasper schmeichel k schmeichel schmeichel,"[""K. Schmeichel"",""Kasper Schmeichel"",""Schmeichel""]",Denmark,GK,Goalkeeper,1986,,,false,[],[],Denmark,,Medium,1590,fifa_players_csv,kasper_schmeichel_1986
konstantinos_mitroglou_1988,Konstantinos Mitroglou,konstantinos mitroglou k mitroglou mitroglou,"[""K. Mitroglou"",""Konstantinos Mitroglou"",""Mitroglou""]",Greece,ST,Attack,1988,,,false,[],[],Greece,,Medium,1589,fifa_players_csv,konstantinos_mitroglou_1988
fabio_henrique_tavares_1993,Fábio Henrique Tavares,fabio henrique tavares fabinho tavares,"[""Fabinho"",""Fábio Henrique Tavares"",""Tavares""]",Brazil,CDM,Midfield,1993,,,false,[],[],Brazil,,Medium,1588,fifa_players_csv,fabio_henrique_tavares_1993
nabil_fekir_1993,Nabil Fekir,nabil fekir n fekir fekir,"[""N. Fekir"",""Nabil Fekir"",""Fekir""]",France,CAM,Midfield,1993,,,false,[],[],France,,Medium,1588,fifa_players_csv,nabil_fekir_1993
jonathan_tah_1996,Jonathan Tah,jonathan tah j tah tah,"[""J. Tah"",""Jonathan Tah"",""Tah""]",Germany,CB,Defence,1996,,,false,[],[],Germany,,Medium,1587,fifa_players_csv,jonathan_tah_1996
lucas_torreira_di_pascua_1996,Lucas Torreira Di Pascua,lucas torreira di pascua l torreira pascua,"[""L. Torreira"",""Lucas Torreira Di Pascua"",""Pascua""]",Uruguay,"CDM,CM",Midfield,1996,,,false,[],[],Uruguay,,Medium,1587,fifa_players_csv,lucas_torreira_di_pascua_1996
alex_nicolao_telles_1992,Alex Nicolao Telles,alex nicolao telles alex telles telles,"[""Alex Telles"",""Alex Nicolao Telles"",""Telles""]",Brazil,LB,Defence,1992,,,false,[],[],Brazil,,Medium,1586,fifa_players_csv,alex_nicolao_telles_1992
daniele_rugani_1994,Daniele Rugani,daniele rugani d rugani rugani,"[""D. Rugani"",""Daniele Rugani"",""Rugani""]",Italy,CB,Defence,1994,,,false,[],[],Italy,,Medium,1586,fifa_players_csv,daniele_rugani_1994
felipe_anderson_pereira_gomes_1993,Felipe  Anderson Pereira Gomes,felipe anderson pereira gomes felipe anderson gomes,"[""Felipe Anderson"",""Felipe Anderson Pereira Gomes"",""Gomes""]",Brazil,LM,Midfield,1993,,,false,[],[],Brazil,,Medium,1586,fifa_players_csv,felipe_anderson_pereira_gomes_1993
hakim_ziyech_1993,Hakim Ziyech,hakim ziyech h ziyech ziyech,"[""H. Ziyech"",""Hakim Ziyech"",""Ziyech""]",Morocco,"CAM,RW",Midfield,1993,,,false,[],[],Morocco,,Medium,1586,fifa_players_csv,hakim_ziyech_1993
javier_alejandro_mascherano_1984,Javier Alejandro Mascherano,javier alejandro mascherano j mascherano mascherano,"[""J. Mascherano"",""Javier Alejandro Mascherano"",""Mascherano""]",Argentina,"CDM,CB",Midfield,1984,,,false,[],[],Argentina,,Medium,1586,fifa_players_csv,javier_alejandro_mascherano_1984
rune_almenning_jarstein_1984,Rune  Almenning Jarstein,rune almenning jarstein r jarstein jarstein,"[""R. Jarstein"",""Rune Almenning Jarstein"",""Jarstein""]",Norway,GK,Goalkeeper,1984,,,false,[],[],Norway,,Medium,1586,fifa_players_csv,rune_almenning_jarstein_1984
federico_bernardeschi_1994,Federico Bernardeschi,federico bernardeschi f bernardeschi bernardeschi,"[""F. Bernardeschi"",""Federico Bernardeschi"",""Bernardeschi""]",Italy,"RM,CF",Midfield,1994,,,false,[],[],Italy,,Medium,1585,fifa_players_csv,federico_bernardeschi_1994
roman_burki_1990,Roman Bürki,roman burki r burki burki,"[""R. Bürki"",""Roman Bürki"",""Bürki""]",Switzerland,GK,Goalkeeper,1990,,,false,[],[],Switzerland,,Medium,1585,fifa_players_csv,roman_burki_1990
alejandro_dario_gomez_1988,Alejandro Darío Gómez,alejandro dario gomez a gomez gomez,"[""A. Gómez"",""Alejandro Darío Gómez"",""Gómez""]",Argentina,"CF,LW,ST",Attack,1988,,,false,[],[],Argentina,,Medium,1584,fifa_players_csv,alejandro_dario_gomez_1988
antonio_rudiger_1993,Antonio Rüdiger,antonio rudiger a rudiger rudiger,"[""A. Rüdiger"",""Antonio Rüdiger"",""Rüdiger""]",Germany,CB,Defence,1993,,,false,[],[],Germany,,Medium,1584,fifa_players_csv,antonio_rudiger_1993
ever_maximiliano_david_banega_1988,Éver Maximiliano David Banega,ever maximiliano david banega e banega banega,"[""E. Banega"",""Éver Maximiliano David Banega"",""Banega""]",Argentina,"CM,CAM,CDM",Midfield,1988,,,false,[],[],Argentina,,Medium,1584,fifa_players_csv,ever_maximiliano_david_banega_1988
jose_maria_callejon_bueno_1987,José María Callejón Bueno,jose maria callejon bueno jose callejon bueno,"[""José Callejón"",""José María Callejón Bueno"",""Bueno""]",Spain,"RW,RM",Attack,1987,,,false,[],[],Spain,,Medium,1584,fifa_players_csv,jose_maria_callejon_bueno_1987
nemanja_matic_1988,Nemanja Matić,nemanja matic n matic matic,"[""N. Matić"",""Nemanja Matić"",""Matić""]",Serbia,"CDM,CM",Midfield,1988,,,false,[],[],Serbia,,Medium,1584,fifa_players_csv,nemanja_matic_1988
raul_albiol_tortajada_1985,Raúl Albiol Tortajada,raul albiol tortajada raul albiol tortajada,"[""Raúl Albiol"",""Raúl Albiol Tortajada"",""Tortajada""]",Spain,CB,Defence,1985,,,false,[],[],Spain,,Medium,1584,fifa_players_csv,raul_albiol_tortajada_1985
sami_khedira_1987,Sami Khedira,sami khedira s khedira khedira,"[""S. Khedira"",""Sami Khedira"",""Khedira""]",Germany,"CM,CDM",Midfield,1987,,,false,[],[],Germany,,Medium,1584,fifa_players_csv,sami_khedira_1987
stephane_ruffier_1986,Stéphane Ruffier,stephane ruffier s ruffier ruffier,"[""S. Ruffier"",""Stéphane Ruffier"",""Ruffier""]",France,GK,Goalkeeper,1986,,,false,[],[],France,,Medium,1584,fifa_players_csv,stephane_ruffier_1986
willian_borges_da_silva_1988,Willian Borges da Silva,willian borges da silva willian silva,"[""Willian"",""Willian Borges da Silva"",""Silva""]",Brazil,"RW,LW",Attack,1988,,,false,[],[],Brazil,,Medium,1584,fifa_players_csv,willian_borges_da_silva_1988
emil_forsberg_1991,Emil Forsberg,emil forsberg e forsberg forsberg,"[""E. Forsberg"",""Emil Forsberg"",""Forsberg""]",Sweden,"CAM,LM",Midfield,1991,,,false,[],[],Sweden,,Medium,1583,fifa_players_csv,emil_forsberg_1991
jesse_lingard_1992,Jesse Lingard,jesse lingard j lingard lingard,"[""J. Lingard"",""Jesse Lingard"",""Lingard""]",England,"RW,CAM,CF",Attack,1992,,,false,[],[],England,,Medium,1583,fifa_players_csv,jesse_lingard_1992
peter_gulacsi_1990,Péter Gulácsi,peter gulacsi p gulacsi gulacsi,"[""P. Gulácsi"",""Péter Gulácsi"",""Gulácsi""]",Hungary,GK,Goalkeeper,1990,,,false,[],[],Hungary,,Medium,1583,fifa_players_csv,peter_gulacsi_1990
thomas_delaney_1991,Thomas Delaney,thomas delaney t delaney delaney,"[""T. Delaney"",""Thomas Delaney"",""Delaney""]",Denmark,"CDM,CM",Midfield,1991,,,false,[],[],Denmark,,Medium,1583,fifa_players_csv,thomas_delaney_1991
thomas_meunier_1991,Thomas Meunier,thomas meunier t meunier meunier,"[""T. Meunier"",""Thomas Meunier"",""Meunier""]",Belgium,"RB,RM",Defence,1991,,,false,[],[],Belgium,,Medium,1583,fifa_players_csv,thomas_meunier_1991
jordan_brian_henderson_1990,Jordan Brian Henderson,jordan brian henderson j henderson henderson,"[""J. Henderson"",""Jordan Brian Henderson"",""Henderson""]",England,"CDM,CM",Midfield,1990,,,false,[],[],England,,Medium,1582,fifa_players_csv,jordan_brian_henderson_1990
kieran_trippier_1990,Kieran Trippier,kieran trippier k trippier trippier,"[""K. Trippier"",""Kieran Trippier"",""Trippier""]",England,"RB,RWB",Defence,1990,,,false,[],[],England,,Medium,1582,fifa_players_csv,kieran_trippier_1990
mario_figueira_fernandes_1990,Mário Figueira Fernandes,mario figueira fernandes mario fernandes fernandes,"[""Mário Fernandes"",""Mário Figueira Fernandes"",""Fernandes""]",Russia,"RWB,RM",Defence,1990,,,false,[],[],Russia,,Medium,1582,fifa_players_csv,mario_figueira_fernandes_1990
miguel_arturo_layun_prado_1988,Miguel Arturo Layún Prado,miguel arturo layun prado m layun prado,"[""M. Layún"",""Miguel Arturo Layún Prado"",""Prado""]",Mexico,"RB,LB,LM,RM",Defence,1988,,,false,[],[],Monterrey,,Medium,1582,fifa_players_csv,miguel_arturo_layun_prado_1988
sebastian_giovinco_1987,Sebastian Giovinco,sebastian giovinco s giovinco giovinco,"[""S. Giovinco"",""Sebastian Giovinco"",""Giovinco""]",Italy,"CF,ST",Attack,1987,,,false,[],[],Al Hilal,,Medium,1582,fifa_players_csv,sebastian_giovinco_1987
ricardo_andrade_quaresma_bernardo_1983,Ricardo Andrade Quaresma Bernardo,ricardo andrade quaresma bernardo quaresma bernardo,"[""Quaresma"",""Ricardo Andrade Quaresma Bernardo"",""Bernardo""]",Portugal,"RM,LM",Midfield,1983,,,false,[],[],Portugal,,Medium,1581,fifa_players_csv,ricardo_andrade_quaresma_bernardo_1983
renato_junior_luz_sanches_1997,Renato Júnior Luz Sanches,renato junior luz sanches renato sanches sanches,"[""Renato Sanches"",""Renato Júnior Luz Sanches"",""Sanches""]",Portugal,CM,Midfield,1997,,,false,[],[],Portugal,,Medium,1580,fifa_players_csv,renato_junior_luz_sanches_1997
diego_antonio_reyes_rosales_1992,Diego Antonio Reyes Rosales,diego antonio reyes rosales d reyes rosales,"[""D. Reyes"",""Diego Antonio Reyes Rosales"",""Rosales""]",Mexico,CB,Defence,1992,,,false,[],[],Mexico,,Medium,1579,fifa_players_csv,diego_antonio_reyes_rosales_1992
mateo_kovacic_1994,Mateo Kovačić,mateo kovacic m kovacic kovacic,"[""M. Kovačić"",""Mateo Kovačić"",""Kovačić""]",Croatia,CM,Midfield,1994,,,false,[],[],Croatia,,Medium,1579,fifa_players_csv,mateo_kovacic_1994
bastian_schweinsteiger_1984,Bastian Schweinsteiger,bastian schweinsteiger b schweinsteiger schweinsteiger,"[""B. Schweinsteiger"",""Bastian Schweinsteiger"",""Schweinsteiger""]",Germany,"CDM,CB,CM",Midfield,1984,,,false,[],[],Germany,,Medium,1578,fifa_players_csv,bastian_schweinsteiger_1984
julian_brandt_1996,Julian Brandt,julian brandt j brandt brandt,"[""J. Brandt"",""Julian Brandt"",""Brandt""]",Germany,"LM,RM,CAM",Midfield,1996,,,false,[],[],Germany,,Medium,1578,fifa_players_csv,julian_brandt_1996
manuel_obafemi_akanji_1995,Manuel Obafemi Akanji,manuel obafemi akanji m akanji akanji,"[""M. Akanji"",""Manuel Obafemi Akanji"",""Akanji""]",Switzerland,CB,Defence,1995,,,false,[],[],Switzerland,,Medium,1577,fifa_players_csv,manuel_obafemi_akanji_1995
ruben_diogo_da_silva_neves_1997,Rúben Diogo da Silva Neves,ruben diogo da silva neves ruben neves neves,"[""Rúben Neves"",""Rúben Diogo da Silva Neves"",""Neves""]",Portugal,CM,Midfield,1997,,,false,[],[],Portugal,,Medium,1577,fifa_players_csv,ruben_diogo_da_silva_neves_1997
victor_nilsson_lindelof_1994,Victor Nilsson Lindelöf,victor nilsson lindelof v lindelof lindelof,"[""V. Lindelöf"",""Victor Nilsson Lindelöf"",""Lindelöf""]",Sweden,CB,Defence,1994,,,false,[],[],Sweden,,Medium,1577,fifa_players_csv,victor_nilsson_lindelof_1994
francisco_guillermo_ochoa_magana_1985,Francisco Guillermo Ochoa Magaña,francisco guillermo ochoa magana g ochoa magana,"[""G. Ochoa"",""Francisco Guillermo Ochoa Magaña"",""Magaña""]",Mexico,GK,Goalkeeper,1985,,,false,[],[],Mexico,,Medium,1576,fifa_players_csv,francisco_guillermo_ochoa_magana_1985
joao_miranda_de_souza_filho_1984,João Miranda de Souza Filho,joao miranda de souza filho miranda filho,"[""Miranda"",""João Miranda de Souza Filho"",""Filho""]",Brazil,CB,Defence,1984,,,false,[],[],Brazil,,Medium,1576,fifa_players_csv,joao_miranda_de_souza_filho_1984
thomas_vermaelen_1985,Thomas Vermaelen,thomas vermaelen t vermaelen vermaelen,"[""T. Vermaelen"",""Thomas Vermaelen"",""Vermaelen""]",Belgium,"CB,LB",Defence,1985,,,false,[],[],Belgium,,Medium,1576,fifa_players_csv,thomas_vermaelen_1985
alphonse_areola_1993,Alphonse Areola,alphonse areola a areola areola,"[""A. Areola"",""Alphonse Areola"",""Areola""]",France,GK,Goalkeeper,1993,,,false,[],[],France,,Medium,1575,fifa_players_csv,alphonse_areola_1993
eric_bailly_1994,Eric Bailly,eric bailly e bailly bailly,"[""E. Bailly"",""Eric Bailly"",""Bailly""]",Ivory Coast,CB,Defence,1994,,,false,[],[],Côte d'Ivoire,,Medium,1575,fifa_players_csv,eric_bailly_1994
felipe_augusto_de_almeida_monteiro_1989,Felipe Augusto de Almeida Monteiro,felipe augusto de almeida monteiro felipe monteiro,"[""Felipe"",""Felipe Augusto de Almeida Monteiro"",""Monteiro""]",Brazil,CB,Defence,1989,,,false,[],[],Brazil,,Medium,1574,fifa_players_csv,felipe_augusto_de_almeida_monteiro_1989
lucas_digne_1993,Lucas Digne,lucas digne l digne digne,"[""L. Digne"",""Lucas Digne"",""Digne""]",France,LB,Defence,1993,,,false,[],[],France,,Medium,1574,fifa_players_csv,lucas_digne_1993
lucas_rodrigues_m_silva_1992,Lucas Rodrigues M. Silva,lucas rodrigues m silva lucas moura silva,"[""Lucas Moura"",""Lucas Rodrigues M. Silva"",""Silva""]",Brazil,"RM,LM,ST",Midfield,1992,,,false,[],[],Brazil,,Medium,1574,fifa_players_csv,lucas_rodrigues_m_silva_1992
marcel_sabitzer_1994,Marcel Sabitzer,marcel sabitzer m sabitzer sabitzer,"[""M. Sabitzer"",""Marcel Sabitzer"",""Sabitzer""]",Austria,"CAM,CM",Midfield,1994,,,false,[],[],Austria,,Medium,1574,fifa_players_csv,marcel_sabitzer_1994
oscar_dos_santos_emboaba_junior_1991,Oscar dos Santos Emboaba Júnior,oscar dos santos emboaba junior oscar junior,"[""Oscar"",""Oscar dos Santos Emboaba Júnior"",""Júnior""]",Brazil,"CAM,CM",Midfield,1991,,,false,[],[],Brazil,,Medium,1574,fifa_players_csv,oscar_dos_santos_emboaba_junior_1991
bas_dost_1989,Bas Dost,bas dost b dost dost,"[""B. Dost"",""Bas Dost"",""Dost""]",Netherlands,ST,Attack,1989,,,false,[],[],Netherlands,,Medium,1573,fifa_players_csv,bas_dost_1989
javier_martinez_aginaga_1988,Javier Martínez Aginaga,javier martinez aginaga javi martinez aginaga,"[""Javi Martínez"",""Javier Martínez Aginaga"",""Aginaga""]",Spain,"CDM,CB",Midfield,1988,,,false,[],[],Spain,,Medium,1573,fifa_players_csv,javier_martinez_aginaga_1988
lars_bender_1989,Lars Bender,lars bender l bender bender,"[""L. Bender"",""Lars Bender"",""Bender""]",Germany,"CDM,RB,CM",Midfield,1989,,,false,[],[],Germany,,Medium,1573,fifa_players_csv,lars_bender_1989
lucas_pezzini_leiva_1987,Lucas  Pezzini Leiva,lucas pezzini leiva lucas leiva leiva,"[""Lucas Leiva"",""Lucas Pezzini Leiva"",""Leiva""]",Brazil,CDM,Midfield,1987,,,false,[],[],Brazil,,Medium,1573,fifa_players_csv,lucas_pezzini_leiva_1987
matthias_ginter_1994,Matthias Ginter,matthias ginter m ginter ginter,"[""M. Ginter"",""Matthias Ginter"",""Ginter""]",Germany,"CB,CDM",Defence,1994,,,false,[],[],Germany,,Medium,1573,fifa_players_csv,matthias_ginter_1994
erik_lamela_1992,Erik Lamela,erik lamela e lamela lamela,"[""E. Lamela"",""Erik Lamela"",""Lamela""]",Argentina,"RM,LM",Midfield,1992,,,false,[],[],Argentina,,Medium,1572,fifa_players_csv,erik_lamela_1992
charles_mariano_aranguiz_sandoval_1989,Charles Mariano Aránguiz Sandoval,charles mariano aranguiz sandoval c aranguiz sandoval,"[""C. Aránguiz"",""Charles Mariano Aránguiz Sandoval"",""Sandoval""]",Chile,"CM,CDM",Midfield,1989,,,false,[],[],Chile,,Medium,1570,fifa_players_csv,charles_mariano_aranguiz_sandoval_1989
andre_miguel_valente_da_silva_1995,André Miguel Valente da Silva,andre miguel valente da silva andre silva silva,"[""André Silva"",""André Miguel Valente da Silva"",""Silva""]",Portugal,ST,Attack,1995,,,false,[],[],Portugal,,Medium,1567,fifa_players_csv,andre_miguel_valente_da_silva_1995
andrea_belotti_1993,Andrea Belotti,andrea belotti a belotti belotti,"[""A. Belotti"",""Andrea Belotti"",""Belotti""]",Italy,ST,Attack,1993,,,false,[],[],Italy,,Medium,1567,fifa_players_csv,andrea_belotti_1993
andreas_christensen_1996,Andreas Christensen,andreas christensen a christensen christensen,"[""A. Christensen"",""Andreas Christensen"",""Christensen""]",Denmark,CB,Defence,1996,,,false,[],[],Denmark,,Medium,1567,fifa_players_csv,andreas_christensen_1996
jonas_goncalves_oliveira_1984,Jonas Gonçalves Oliveira,jonas goncalves oliveira jonas oliveira,"[""Jonas"",""Jonas Gonçalves Oliveira"",""Oliveira""]",Brazil,ST,Attack,1984,,,false,[],[],Brazil,,Medium,1567,fifa_players_csv,jonas_goncalves_oliveira_1984
alejandro_grimaldo_garcia_1995,Alejandro Grimaldo García,alejandro grimaldo garcia grimaldo garcia,"[""Grimaldo"",""Alejandro Grimaldo García"",""García""]",Spain,LB,Defence,1995,,,false,[],[],Spain,,Medium,1566,fifa_players_csv,alejandro_grimaldo_garcia_1995
emre_can_1994,Emre Can,emre can e can can,"[""E. Can"",""Emre Can"",""Can""]",Germany,"CM,CDM",Midfield,1994,,,false,[],[],Germany,,Medium,1565,fifa_players_csv,emre_can_1994
leandro_paredes_1994,Leandro Paredes,leandro paredes l paredes paredes,"[""L. Paredes"",""Leandro Paredes"",""Paredes""]",Argentina,"CM,CDM",Midfield,1994,,,false,[],[],Argentina,,Medium,1565,fifa_players_csv,leandro_paredes_1994
steven_n_kemboanza_mike_christopher_nzonzi_1988,Steven N'Kemboanza Mike Christopher Nzonzi,steven n kemboanza mike christopher nzonzi s nzonzi nzonzi,"[""S. Nzonzi"",""Steven N'Kemboanza Mike Christopher Nzonzi"",""Nzonzi""]",France,"CDM,CM",Midfield,1988,,,false,[],[],France,,Medium,1565,fifa_players_csv,steven_n_kemboanza_mike_christopher_nzonzi_1988
jose_luis_gaya_pena_1995,José Luís Gayà Peña,jose luis gaya pena gaya pena,"[""Gayà"",""José Luís Gayà Peña"",""Peña""]",Spain,LB,Defence,1995,,,false,[],[],Spain,,Medium,1564,fifa_players_csv,jose_luis_gaya_pena_1995
shkodran_mustafi_1992,Shkodran Mustafi,shkodran mustafi s mustafi mustafi,"[""S. Mustafi"",""Shkodran Mustafi"",""Mustafi""]",Germany,CB,Defence,1992,,,false,[],[],Germany,,Medium,1564,fifa_players_csv,shkodran_mustafi_1992
eric_dier_1994,Eric Dier,eric dier e dier dier,"[""E. Dier"",""Eric Dier"",""Dier""]",England,"CDM,CB,CM",Midfield,1994,,,false,[],[],England,,Medium,1563,fifa_players_csv,eric_dier_1994
marc_bartra_aregall_1991,Marc Bartra Aregall,marc bartra aregall bartra aregall,"[""Bartra"",""Marc Bartra Aregall"",""Aregall""]",Spain,CB,Defence,1991,,,false,[],[],Spain,,Medium,1563,fifa_players_csv,marc_bartra_aregall_1991
michy_batshuayi_tunga_1993,Michy Batshuayi Tunga,michy batshuayi tunga m batshuayi tunga,"[""M. Batshuayi"",""Michy Batshuayi Tunga"",""Tunga""]",Belgium,ST,Attack,1993,,,false,[],[],Belgium,,Medium,1563,fifa_players_csv,michy_batshuayi_tunga_1993
rafael_alexandre_fernandes_ferreira_da_silva_1993,Rafael Alexandre Fernandes Ferreira da Silva,rafael alexandre fernandes ferreira da silva rafa silva,"[""Rafa"",""Rafael Alexandre Fernandes Ferreira da Silva"",""Silva""]",Portugal,"RW,LW",Attack,1993,,,false,[],[],SL Benfica,,Medium,1563,fifa_players_csv,rafael_alexandre_fernandes_ferreira_da_silva_1993
ronaldo_aparecido_rodrigues_1982,Ronaldo  Aparecido Rodrigues,ronaldo aparecido rodrigues naldo rodrigues,"[""Naldo"",""Ronaldo Aparecido Rodrigues"",""Rodrigues""]",Brazil,CB,Defence,1982,,,false,[],[],Brazil,,Medium,1563,fifa_players_csv,ronaldo_aparecido_rodrigues_1982
giacomo_bonaventura_1989,Giacomo Bonaventura,giacomo bonaventura g bonaventura bonaventura,"[""G. Bonaventura"",""Giacomo Bonaventura"",""Bonaventura""]",Italy,"CM,LW",Midfield,1989,,,false,[],[],Italy,,Medium,1562,fifa_players_csv,giacomo_bonaventura_1989
henrikh_mkhitaryan_1989,Henrikh Mkhitaryan,henrikh mkhitaryan h mkhitaryan mkhitaryan,"[""H. Mkhitaryan"",""Henrikh Mkhitaryan"",""Mkhitaryan""]",Armenia,"RM,RW,CAM",Midfield,1989,,,false,[],[],Armenia,,Medium,1562,fifa_players_csv,henrikh_mkhitaryan_1989
jamie_vardy_1987,Jamie Vardy,jamie vardy j vardy vardy,"[""J. Vardy"",""Jamie Vardy"",""Vardy""]",England,ST,Attack,1987,,,false,[],[],England,,Medium,1562,fifa_players_csv,jamie_vardy_1987
jeison_fabian_murillo_ceron_1992,Jeison Fabián Murillo Cerón,jeison fabian murillo ceron j murillo ceron,"[""J. Murillo"",""Jeison Fabián Murillo Cerón"",""Cerón""]",Colombia,CB,Defence,1992,,,false,[],[],Colombia,,Medium,1562,fifa_players_csv,jeison_fabian_murillo_ceron_1992
joao_filipe_iria_santos_moutinho_1986,João Filipe Iria Santos Moutinho,joao filipe iria santos moutinho joao moutinho moutinho,"[""João Moutinho"",""João Filipe Iria Santos Moutinho"",""Moutinho""]",Portugal,"CM,CDM,CAM",Midfield,1986,,,false,[],[],Portugal,,Medium,1562,fifa_players_csv,joao_filipe_iria_santos_moutinho_1986
jozy_altidore_1989,Jozy Altidore,jozy altidore j altidore altidore,"[""J. Altidore"",""Jozy Altidore"",""Altidore""]",United States,ST,Attack,1989,,,false,[],[],United States,,Medium,1562,fifa_players_csv,jozy_altidore_1989
juan_fernando_quintero_1993,Juan Fernando Quintero,juan fernando quintero j quintero quintero,"[""J. Quintero"",""Juan Fernando Quintero"",""Quintero""]",Colombia,"CAM,CF",Midfield,1993,,,false,[],[],River Plate,,Medium,1562,fifa_players_csv,juan_fernando_quintero_1993
juan_manuel_mata_garcia_1988,Juan Manuel Mata García,juan manuel mata garcia juan mata garcia,"[""Juan Mata"",""Juan Manuel Mata García"",""García""]",Spain,"RW,RM,CAM",Attack,1988,,,false,[],[],Spain,,Medium,1562,fifa_players_csv,juan_manuel_mata_garcia_1988
karim_bellarabi_1990,Karim Bellarabi,karim bellarabi k bellarabi bellarabi,"[""K. Bellarabi"",""Karim Bellarabi"",""Bellarabi""]",Germany,RM,Midfield,1990,,,false,[],[],Germany,,Medium,1562,fifa_players_csv,karim_bellarabi_1990
osvaldo_nicolas_fabian_gaitan_1988,Osvaldo Nicolás Fabián Gaitán,osvaldo nicolas fabian gaitan n gaitan gaitan,"[""N. Gaitán"",""Osvaldo Nicolás Fabián Gaitán"",""Gaitán""]",Argentina,CAM,Midfield,1988,,,false,[],[],Argentina,,Medium,1562,fifa_players_csv,osvaldo_nicolas_fabian_gaitan_1988
pedro_eliezer_rodriguez_ledesma_1987,Pedro Eliezer Rodríguez Ledesma,pedro eliezer rodriguez ledesma pedro ledesma,"[""Pedro"",""Pedro Eliezer Rodríguez Ledesma"",""Ledesma""]",Spain,"RW,LW",Attack,1987,,,false,[],[],Spain,,Medium,1562,fifa_players_csv,pedro_eliezer_rodriguez_ledesma_1987
yussuf_yurary_poulsen_1994,Yussuf Yurary Poulsen,yussuf yurary poulsen y poulsen poulsen,"[""Y. Poulsen"",""Yussuf Yurary Poulsen"",""Poulsen""]",Denmark,ST,Attack,1994,,,false,[],[],Denmark,,Medium,1562,fifa_players_csv,yussuf_yurary_poulsen_1994
luis_fernando_muriel_fruto_1991,Luis Fernando Muriel Fruto,luis fernando muriel fruto l muriel fruto,"[""L. Muriel"",""Luis Fernando Muriel Fruto"",""Fruto""]",Colombia,ST,Attack,1991,,,false,[],[],Colombia,,Medium,1561,fifa_players_csv,luis_fernando_muriel_fruto_1991
luiz_gustavo_dias_1987,Luiz Gustavo Dias,luiz gustavo dias luiz gustavo dias,"[""Luiz Gustavo"",""Luiz Gustavo Dias"",""Dias""]",Brazil,"CDM,CB",Midfield,1987,,,false,[],[],Brazil,,Medium,1561,fifa_players_csv,luiz_gustavo_dias_1987
andre_onana_1996,André Onana,andre onana a onana onana,"[""A. Onana"",""André Onana"",""Onana""]",Cameroon,GK,Goalkeeper,1996,,,false,[],[],Cameroon,,Medium,1560,fifa_players_csv,andre_onana_1996
serge_aurier_1992,Serge Aurier,serge aurier s aurier aurier,"[""S. Aurier"",""Serge Aurier"",""Aurier""]",Ivory Coast,"RB,RWB",Defence,1992,,,false,[],[],Côte d'Ivoire,,Medium,1560,fifa_players_csv,serge_aurier_1992
jack_butland_1993,Jack Butland,jack butland j butland butland,"[""J. Butland"",""Jack Butland"",""Butland""]",England,GK,Goalkeeper,1993,,,false,[],[],England,,Medium,1559,fifa_players_csv,jack_butland_1993
ben_davies_1993,Ben Davies,ben davies b davies davies,"[""B. Davies"",""Ben Davies"",""Davies""]",Wales,LB,Defence,1993,,,false,[],[],Wales,,Medium,1558,fifa_players_csv,ben_davies_1993
ezequiel_marcelo_garay_1986,Ezequiel Marcelo Garay,ezequiel marcelo garay e garay garay,"[""E. Garay"",""Ezequiel Marcelo Garay"",""Garay""]",Argentina,CB,Defence,1986,,,false,[],[],Argentina,,Medium,1558,fifa_players_csv,ezequiel_marcelo_garay_1986
federico_julian_fazio_1987,Federico Julián Fazio,federico julian fazio f fazio fazio,"[""F. Fazio"",""Federico Julián Fazio"",""Fazio""]",Argentina,CB,Defence,1987,,,false,[],[],Argentina,,Medium,1558,fifa_players_csv,federico_julian_fazio_1987
franck_yannick_kessie_1996,Franck Yannick Kessié,franck yannick kessie f kessie kessie,"[""F. Kessié"",""Franck Yannick Kessié"",""Kessié""]",Ivory Coast,CM,Midfield,1996,,,false,[],[],Côte d'Ivoire,,Medium,1558,fifa_players_csv,franck_yannick_kessie_1996
luuk_de_jong_1990,Luuk de Jong,luuk de jong l de jong jong,"[""L. de Jong"",""Luuk de Jong"",""Jong""]",Netherlands,ST,Attack,1990,,,false,[],[],Netherlands,,Medium,1558,fifa_players_csv,luuk_de_jong_1990
nicolas_alejandro_tagliafico_1992,Nicolás Alejandro Tagliafico,nicolas alejandro tagliafico n tagliafico tagliafico,"[""N. Tagliafico"",""Nicolás Alejandro Tagliafico"",""Tagliafico""]",Argentina,LB,Defence,1992,,,false,[],[],Argentina,,Medium,1558,fifa_players_csv,nicolas_alejandro_tagliafico_1992
stephan_lichtsteiner_1984,Stephan Lichtsteiner,stephan lichtsteiner s lichtsteiner lichtsteiner,"[""S. Lichtsteiner"",""Stephan Lichtsteiner"",""Lichtsteiner""]",Switzerland,"RB,CB,RWB",Defence,1984,,,false,[],[],Switzerland,,Medium,1558,fifa_players_csv,stephan_lichtsteiner_1984
federico_chiesa_1997,Federico Chiesa,federico chiesa f chiesa chiesa,"[""F. Chiesa"",""Federico Chiesa"",""Chiesa""]",Italy,"RW,CF",Attack,1997,,,false,[],[],Italy,,Medium,1557,fifa_players_csv,federico_chiesa_1997
lorenzo_pellegrini_1996,Lorenzo Pellegrini,lorenzo pellegrini l pellegrini pellegrini,"[""L. Pellegrini"",""Lorenzo Pellegrini"",""Pellegrini""]",Italy,"CM,CAM,CDM",Midfield,1996,,,false,[],[],Italy,,Medium,1557,fifa_players_csv,lorenzo_pellegrini_1996
roberto_pereyra_1991,Roberto Pereyra,roberto pereyra r pereyra pereyra,"[""R. Pereyra"",""Roberto Pereyra"",""Pereyra""]",Argentina,"LM,CAM,CM",Midfield,1991,,,false,[],[],Argentina,,Medium,1557,fifa_players_csv,roberto_pereyra_1991
gelson_dany_batalha_martins_1995,Gelson Dany Batalha Martins,gelson dany batalha martins gelson martins martins,"[""Gelson Martins"",""Gelson Dany Batalha Martins"",""Martins""]",Portugal,RM,Midfield,1995,,,false,[],[],Portugal,,Medium,1556,fifa_players_csv,gelson_dany_batalha_martins_1995
matias_vecino_1991,Matias Vecino,matias vecino m vecino vecino,"[""M. Vecino"",""Matias Vecino"",""Vecino""]",Uruguay,"CDM,CM",Midfield,1991,,,false,[],[],Uruguay,,Medium,1556,fifa_players_csv,matias_vecino_1991
inigo_martinez_berridi_1991,Íñigo Martínez Berridi,inigo martinez berridi inigo martinez berridi,"[""Iñigo Martínez"",""Íñigo Martínez Berridi"",""Berridi""]",Spain,CB,Defence,1991,,,false,[],[],Spain,,Medium,1555,fifa_players_csv,inigo_martinez_berridi_1991
jeroen_zoet_1991,Jeroen Zoet,jeroen zoet j zoet zoet,"[""J. Zoet"",""Jeroen Zoet"",""Zoet""]",Netherlands,GK,Goalkeeper,1991,,,false,[],[],Netherlands,,Medium,1555,fifa_players_csv,jeroen_zoet_1991
marcos_javier_acuna_1991,Marcos Javier Acuña,marcos javier acuna m acuna acuna,"[""M. Acuña"",""Marcos Javier Acuña"",""Acuña""]",Argentina,"LB,LW,CM",Defence,1991,,,false,[],[],Sporting CP,,Medium,1555,fifa_players_csv,marcos_javier_acuna_1991
pavel_kaderabek_1992,Pavel Kadeřábek,pavel kaderabek p kaderabek kaderabek,"[""P. Kadeřábek"",""Pavel Kadeřábek"",""Kadeřábek""]",Czech Republic,"RWB,RB,RM",Defence,1992,,,false,[],[],Czech Republic,,Medium,1555,fifa_players_csv,pavel_kaderabek_1992
laurent_koscielny_1985,Laurent Koscielny,laurent koscielny l koscielny koscielny,"[""L. Koscielny"",""Laurent Koscielny"",""Koscielny""]",France,CB,Defence,1985,,,false,[],[],France,,Medium,1554,fifa_players_csv,laurent_koscielny_1985
lucas_rodrigo_biglia_1986,Lucas Rodrigo Biglia,lucas rodrigo biglia l biglia biglia,"[""L. Biglia"",""Lucas Rodrigo Biglia"",""Biglia""]",Argentina,"CDM,CM",Midfield,1986,,,false,[],[],Argentina,,Medium,1554,fifa_players_csv,lucas_rodrigo_biglia_1986
ukasz_fabianski_1985,Łukasz Fabiański,ukasz fabianski l fabianski fabianski,"[""L. Fabiański"",""Łukasz Fabiański"",""Fabiański""]",Poland,GK,Goalkeeper,1985,,,false,[],[],Poland,,Medium,1554,fifa_players_csv,ukasz_fabianski_1985
raphael_guerreiro_1993,Raphaël Guerreiro,raphael guerreiro r guerreiro guerreiro,"[""R. Guerreiro"",""Raphaël Guerreiro"",""Guerreiro""]",Portugal,"LM,LB,CM",Midfield,1993,,,false,[],[],Portugal,,Medium,1554,fifa_players_csv,raphael_guerreiro_1993
ricardo_barbosa_pereira_1993,Ricardo Barbosa Pereira,ricardo barbosa pereira ricardo pereira pereira,"[""Ricardo Pereira"",""Ricardo Barbosa Pereira"",""Pereira""]",Portugal,"RB,RM",Defence,1993,,,false,[],[],Portugal,,Medium,1554,fifa_players_csv,ricardo_barbosa_pereira_1993
vedran_corluka_1986,Vedran Ćorluka,vedran corluka v corluka corluka,"[""V. Ćorluka"",""Vedran Ćorluka"",""Ćorluka""]",Croatia,CB,Defence,1986,,,false,[],[],Croatia,,Medium,1554,fifa_players_csv,vedran_corluka_1986
daniele_de_rossi_1983,Daniele De Rossi,daniele de rossi d de rossi rossi,"[""D. De Rossi"",""Daniele De Rossi"",""Rossi""]",Italy,CDM,Midfield,1983,,,false,[],[],Italy,,Medium,1553,fifa_players_csv,daniele_de_rossi_1983
valter_birsa_1986,Valter Birsa,valter birsa v birsa birsa,"[""V. Birsa"",""Valter Birsa"",""Birsa""]",Slovenia,"CAM,RW",Midfield,1986,,,false,[],[],Slovenia,,Medium,1553,fifa_players_csv,valter_birsa_1986
stephan_el_shaarawy_1992,Stephan El Shaarawy,stephan el shaarawy s el shaarawy shaarawy,"[""S. El Shaarawy"",""Stephan El Shaarawy"",""Shaarawy""]",Italy,LW,Attack,1992,,,false,[],[],Italy,,Medium,1552,fifa_players_csv,stephan_el_shaarawy_1992
ander_herrera_aguera_1989,Ander Herrera Agüera,ander herrera aguera ander herrera aguera,"[""Ander Herrera"",""Ander Herrera Agüera"",""Agüera""]",Spain,"CM,CDM",Midfield,1989,,,false,[],[],Spain,,Medium,1551,fifa_players_csv,ander_herrera_aguera_1989
carlos_alberto_vela_garrido_1989,Carlos Alberto Vela Garrido,carlos alberto vela garrido c vela garrido,"[""C. Vela"",""Carlos Alberto Vela Garrido"",""Garrido""]",Mexico,"RW,LW,CAM,ST",Attack,1989,,,false,[],[],Mexico,,Medium,1551,fifa_players_csv,carlos_alberto_vela_garrido_1989
dusan_tadic_1988,Dušan Tadić,dusan tadic d tadic tadic,"[""D. Tadić"",""Dušan Tadić"",""Tadić""]",Serbia,"CAM,LW,RW",Midfield,1988,,,false,[],[],Serbia,,Medium,1551,fifa_players_csv,dusan_tadic_1988
danijel_subasic_1984,Danijel Subašić,danijel subasic d subasic subasic,"[""D. Subašić"",""Danijel Subašić"",""Subašić""]",Croatia,GK,Goalkeeper,1984,,,false,[],[],Croatia,,Medium,1550,fifa_players_csv,danijel_subasic_1984
javier_matias_pastore_1989,Javier Matías Pastore,javier matias pastore j pastore pastore,"[""J. Pastore"",""Javier Matías Pastore"",""Pastore""]",Argentina,"CM,LW,RW",Midfield,1989,,,false,[],[],Argentina,,Medium,1550,fifa_players_csv,javier_matias_pastore_1989
leander_dendoncker_1995,Leander Dendoncker,leander dendoncker l dendoncker dendoncker,"[""L. Dendoncker"",""Leander Dendoncker"",""Dendoncker""]",Belgium,"CDM,CB,CM",Midfield,1995,,,false,[],[],Belgium,,Medium,1550,fifa_players_csv,leander_dendoncker_1995
michael_gregoritsch_1994,Michael Gregoritsch,michael gregoritsch m gregoritsch gregoritsch,"[""M. Gregoritsch"",""Michael Gregoritsch"",""Gregoritsch""]",Austria,"CAM,ST",Midfield,1994,,,false,[],[],Austria,,Medium,1550,fifa_players_csv,michael_gregoritsch_1994
ross_barkley_1993,Ross Barkley,ross barkley r barkley barkley,"[""R. Barkley"",""Ross Barkley"",""Barkley""]",England,"CAM,CM",Midfield,1993,,,false,[],[],England,,Medium,1550,fifa_players_csv,ross_barkley_1993
john_anthony_brooks_1993,John Anthony Brooks,john anthony brooks j brooks brooks,"[""J. Brooks"",""John Anthony Brooks"",""Brooks""]",United States,CB,Defence,1993,,,false,[],[],United States,,Medium,1548,fifa_players_csv,john_anthony_brooks_1993
luis_carlos_almeida_da_cunha_1986,Luís Carlos Almeida da Cunha,luis carlos almeida da cunha nani cunha,"[""Nani"",""Luís Carlos Almeida da Cunha"",""Cunha""]",Portugal,"LW,RW",Attack,1986,,,false,[],[],Portugal,,Medium,1548,fifa_players_csv,luis_carlos_almeida_da_cunha_1986
kevin_prince_boateng_1987,Kevin-Prince Boateng,kevin prince boateng k boateng boateng,"[""K. Boateng"",""Kevin-Prince Boateng"",""Boateng""]",Ghana,"CM,ST,CAM,CF",Midfield,1987,,,false,[],[],Ghana,,Medium,1547,fifa_players_csv,kevin_prince_boateng_1987
kurt_happy_zouma_1994,Kurt Happy Zouma,kurt happy zouma k zouma zouma,"[""K. Zouma"",""Kurt Happy Zouma"",""Zouma""]",France,CB,Defence,1994,,,false,[],[],France,,Medium,1547,fifa_players_csv,kurt_happy_zouma_1994
nicolo_barella_1997,Nicolò Barella,nicolo barella n barella barella,"[""N. Barella"",""Nicolò Barella"",""Barella""]",Italy,CM,Midfield,1997,,,false,[],[],Italy,,Medium,1547,fifa_players_csv,nicolo_barella_1997
karl_brillant_toko_ekambi_1992,Karl Brillant Toko Ekambi,karl brillant toko ekambi k toko ekambi ekambi,"[""K. Toko-Ekambi"",""Karl Brillant Toko Ekambi"",""Ekambi""]",Cameroon,"ST,LW",Attack,1992,,,false,[],[],Cameroon,,Medium,1546,fifa_players_csv,karl_brillant_toko_ekambi_1992
bafetimbi_gomis_1985,Bafétimbi Gomis,bafetimbi gomis b gomis gomis,"[""B. Gomis"",""Bafétimbi Gomis"",""Gomis""]",France,ST,Attack,1985,,,false,[],[],France,,Medium,1545,fifa_players_csv,bafetimbi_gomis_1985
youri_tielemans_1997,Youri Tielemans,youri tielemans y tielemans tielemans,"[""Y. Tielemans"",""Youri Tielemans"",""Tielemans""]",Belgium,"CM,CDM",Midfield,1997,,,false,[],[],Belgium,,Medium,1545,fifa_players_csv,youri_tielemans_1997
andre_filipe_tavares_gomes_1993,André Filipe Tavares Gomes,andre filipe tavares gomes andre gomes gomes,"[""André Gomes"",""André Filipe Tavares Gomes"",""Gomes""]",Portugal,"CM,CDM",Midfield,1993,,,false,[],[],Portugal,,Medium,1544,fifa_players_csv,andre_filipe_tavares_gomes_1993
benedikt_howedes_1988,Benedikt Höwedes,benedikt howedes b howedes howedes,"[""B. Höwedes"",""Benedikt Höwedes"",""Höwedes""]",Germany,"CB,LB",Defence,1988,,,false,[],[],Germany,,Medium,1544,fifa_players_csv,benedikt_howedes_1988
hector_bellerin_moruno_1995,Héctor Bellerín Moruno,hector bellerin moruno hector bellerin moruno,"[""Héctor Bellerín"",""Héctor Bellerín Moruno"",""Moruno""]",Spain,"RB,RWB",Defence,1995,,,false,[],[],Spain,,Medium,1544,fifa_players_csv,hector_bellerin_moruno_1995
willi_orban_1992,Willi Orban,willi orban w orban orban,"[""W. Orban"",""Willi Orban"",""Orban""]",Hungary,CB,Defence,1992,,,false,[],[],Hungary,,Medium,1544,fifa_players_csv,willi_orban_1992
julian_weigl_1995,Julian Weigl,julian weigl j weigl weigl,"[""J. Weigl"",""Julian Weigl"",""Weigl""]",Germany,"CDM,CB",Midfield,1995,,,false,[],[],Germany,,Medium,1543,fifa_players_csv,julian_weigl_1995
anton_ciprian_tatarusanu_1986,Anton Ciprian Tătărușanu,anton ciprian tatarusanu c tatarusanu tatarusanu,"[""C. Tătăruşanu"",""Anton Ciprian Tătărușanu"",""Tătărușanu""]",Romania,GK,Goalkeeper,1986,,,false,[],[],Romania,,Medium,1542,fifa_players_csv,anton_ciprian_tatarusanu_1986
aritz_aduriz_zubeldia_1981,Aritz Aduriz Zubeldia,aritz aduriz zubeldia aduriz zubeldia,"[""Aduriz"",""Aritz Aduriz Zubeldia"",""Zubeldia""]",Spain,ST,Attack,1981,,,false,[],[],Spain,,Medium,1542,fifa_players_csv,aritz_aduriz_zubeldia_1981
jannik_vestergaard_1992,Jannik Vestergaard,jannik vestergaard j vestergaard vestergaard,"[""J. Vestergaard"",""Jannik Vestergaard"",""Vestergaard""]",Denmark,CB,Defence,1992,,,false,[],[],Denmark,,Medium,1542,fifa_players_csv,jannik_vestergaard_1992
alfre_finnbogason_1989,Alfreð Finnbogason,alfre finnbogason a finnbogason finnbogason,"[""A. Finnbogason"",""Alfreð Finnbogason"",""Finnbogason""]",Iceland,ST,Attack,1989,,,false,[],[],Iceland,,Medium,1541,fifa_players_csv,alfre_finnbogason_1989
djibril_sidibe_1992,Djibril Sidibé,djibril sidibe d sidibe sidibe,"[""D. Sidibé"",""Djibril Sidibé"",""Sidibé""]",France,"RB,LB",Defence,1992,,,false,[],[],France,,Medium,1541,fifa_players_csv,djibril_sidibe_1992
giovanni_pablo_simeone_1995,Giovanni Pablo Simeone,giovanni pablo simeone g simeone simeone,"[""G. Simeone"",""Giovanni Pablo Simeone"",""Simeone""]",Argentina,ST,Attack,1995,,,false,[],[],Argentina,,Medium,1541,fifa_players_csv,giovanni_pablo_simeone_1995
santiago_arias_naranjo_1992,Santiago Arias Naranjo,santiago arias naranjo s arias naranjo,"[""S. Arias"",""Santiago Arias Naranjo"",""Naranjo""]",Colombia,RB,Defence,1992,,,false,[],[],Colombia,,Medium,1541,fifa_players_csv,santiago_arias_naranjo_1992
mario_rui_silva_duarte_1991,Mário Rui Silva Duarte,mario rui silva duarte mario rui duarte,"[""Mário Rui"",""Mário Rui Silva Duarte"",""Duarte""]",Portugal,LB,Defence,1991,,,false,[],[],Portugal,,Medium,1540,fifa_players_csv,mario_rui_silva_duarte_1991
geronimo_rulli_1992,Gerónimo Rulli,geronimo rulli g rulli rulli,"[""G. Rulli"",""Gerónimo Rulli"",""Rulli""]",Argentina,GK,Goalkeeper,1992,,,false,[],[],Argentina,,Medium,1539,fifa_players_csv,geronimo_rulli_1992
santiago_cazorla_gonzalez_1984,Santiago Cazorla González,santiago cazorla gonzalez santi cazorla gonzalez,"[""Santi Cazorla"",""Santiago Cazorla González"",""González""]",Spain,"CM,LM,CAM,CDM",Midfield,1984,,,false,[],[],Spain,,Medium,1538,fifa_players_csv,santiago_cazorla_gonzalez_1984
alexandre_rodrigues_da_silva_1989,Alexandre Rodrigues da Silva,alexandre rodrigues da silva alexandre pato silva,"[""Alexandre Pato"",""Alexandre Rodrigues da Silva"",""Silva""]",Brazil,"ST,LW,CAM",Attack,1989,,,false,[],[],Brazil,,Medium,1537,fifa_players_csv,alexandre_rodrigues_da_silva_1989
domenico_berardi_1994,Domenico Berardi,domenico berardi d berardi berardi,"[""D. Berardi"",""Domenico Berardi"",""Berardi""]",Italy,"RW,ST",Attack,1994,,,false,[],[],Italy,,Medium,1537,fifa_players_csv,domenico_berardi_1994
andriy_yarmolenko_1989,Andriy Yarmolenko,andriy yarmolenko a yarmolenko yarmolenko,"[""A. Yarmolenko"",""Andriy Yarmolenko"",""Yarmolenko""]",Ukraine,"RM,RW",Midfield,1989,,,false,[],[],Ukraine,,Medium,1536,fifa_players_csv,andriy_yarmolenko_1989
armindo_tue_na_bangna_1994,Armindo Tué Na Bangna,armindo tue na bangna bruma bangna,"[""Bruma"",""Armindo Tué Na Bangna"",""Bangna""]",Portugal,"CAM,LM",Midfield,1994,,,false,[],[],Portugal,,Medium,1536,fifa_players_csv,armindo_tue_na_bangna_1994
iago_falque_silva_1990,Iago Falqué Silva,iago falque silva iago falque silva,"[""Iago Falqué"",""Iago Falqué Silva"",""Silva""]",Spain,"RW,ST",Attack,1990,,,false,[],[],Spain,,Medium,1536,fifa_players_csv,iago_falque_silva_1990
diego_perotti_1988,Diego Perotti,diego perotti d perotti perotti,"[""D. Perotti"",""Diego Perotti"",""Perotti""]",Argentina,LW,Attack,1988,,,false,[],[],Argentina,,Medium,1535,fifa_players_csv,diego_perotti_1988
nico_elvedi_1996,Nico Elvedi,nico elvedi n elvedi elvedi,"[""N. Elvedi"",""Nico Elvedi"",""Elvedi""]",Switzerland,"CB,RB,LB",Defence,1996,,,false,[],[],Switzerland,,Medium,1535,fifa_players_csv,nico_elvedi_1996
omer_toprak_1989,Ömer Toprak,omer toprak o toprak toprak,"[""O. Toprak"",""Ömer Toprak"",""Toprak""]",Turkey,CB,Defence,1989,,,false,[],[],Turkey,,Medium,1535,fifa_players_csv,omer_toprak_1989
1989_99,香川 真司,s kagawa,"[""S. Kagawa""]",Japan,"CAM,CM,CF",Midfield,1989,,,false,[],[],Japan,,Medium,1535,fifa_players_csv,1989_99
kevin_gameiro_1987,Kévin Gameiro,kevin gameiro k gameiro gameiro,"[""K. Gameiro"",""Kévin Gameiro"",""Gameiro""]",France,ST,Attack,1987,,,false,[],[],France,,Medium,1534,fifa_players_csv,kevin_gameiro_1987
seamus_coleman_1988,Séamus Coleman,seamus coleman s coleman coleman,"[""S. Coleman"",""Séamus Coleman"",""Coleman""]",Republic of Ireland,RB,Defence,1988,,,false,[],[],Republic of Ireland,,Medium,1534,fifa_players_csv,seamus_coleman_1988
tonny_emilio_trindade_de_vilhena_1995,Tonny Emilio Trindade de Vilhena,tonny emilio trindade de vilhena t vilhena vilhena,"[""T. Vilhena"",""Tonny Emilio Trindade de Vilhena"",""Vilhena""]",Netherlands,CM,Midfield,1995,,,false,[],[],Netherlands,,Medium,1534,fifa_players_csv,tonny_emilio_trindade_de_vilhena_1995
andrea_barzagli_1981,Andrea Barzagli,andrea barzagli a barzagli barzagli,"[""A. Barzagli"",""Andrea Barzagli"",""Barzagli""]",Italy,CB,Defence,1981,,,false,[],[],Italy,,Medium,1533,fifa_players_csv,andrea_barzagli_1981
antonio_candreva_1987,Antonio Candreva,antonio candreva a candreva candreva,"[""A. Candreva"",""Antonio Candreva"",""Candreva""]",Italy,RM,Midfield,1987,,,false,[],[],Italy,,Medium,1533,fifa_players_csv,antonio_candreva_1987
oliver_torres_munoz_1994,Óliver Torres Muñoz,oliver torres munoz oliver torres munoz,"[""Óliver Torres"",""Óliver Torres Muñoz"",""Muñoz""]",Spain,CM,Midfield,1994,,,false,[],[],Spain,,Medium,1533,fifa_players_csv,oliver_torres_munoz_1994
konstantinos_fortounis_1992,Konstantinos Fortounis,konstantinos fortounis k fortounis fortounis,"[""K. Fortounis"",""Konstantinos Fortounis"",""Fortounis""]",Greece,"CAM,LM",Midfield,1992,,,false,[],[],Greece,,Medium,1532,fifa_players_csv,konstantinos_fortounis_1992
mateo_pablo_musacchio_1990,Mateo Pablo Musacchio,mateo pablo musacchio m musacchio musacchio,"[""M. Musacchio"",""Mateo Pablo Musacchio"",""Musacchio""]",Argentina,CB,Defence,1990,,,false,[],[],Argentina,,Medium,1532,fifa_players_csv,mateo_pablo_musacchio_1990
roberto_gagliardini_1994,Roberto Gagliardini,roberto gagliardini r gagliardini gagliardini,"[""R. Gagliardini"",""Roberto Gagliardini"",""Gagliardini""]",Italy,"CDM,CM",Midfield,1994,,,false,[],[],Italy,,Medium,1532,fifa_players_csv,roberto_gagliardini_1994
andre_pierre_gignac_1985,André-Pierre Gignac,andre pierre gignac a gignac gignac,"[""A. Gignac"",""André-Pierre Gignac"",""Gignac""]",France,ST,Attack,1985,,,false,[],[],France,,Medium,1531,fifa_players_csv,andre_pierre_gignac_1985
chris_smalling_1989,Chris Smalling,chris smalling c smalling smalling,"[""C. Smalling"",""Chris Smalling"",""Smalling""]",England,CB,Defence,1989,,,false,[],[],England,,Medium,1531,fifa_players_csv,chris_smalling_1989
david_ospina_ramirez_1988,David Ospina Ramírez,david ospina ramirez d ospina ramirez,"[""D. Ospina"",""David Ospina Ramírez"",""Ramírez""]",Colombia,GK,Goalkeeper,1988,,,false,[],[],Colombia,,Medium,1531,fifa_players_csv,david_ospina_ramirez_1988
diego_laxalt_1993,Diego Laxalt,diego laxalt d laxalt laxalt,"[""D. Laxalt"",""Diego Laxalt"",""Laxalt""]",Uruguay,LM,Midfield,1993,,,false,[],[],Uruguay,,Medium,1531,fifa_players_csv,diego_laxalt_1993
jose_manuel_reina_paez_1982,José Manuel  Reina Páez,jose manuel reina paez pepe reina paez,"[""Pepe Reina"",""José Manuel Reina Páez"",""Páez""]",Spain,GK,Goalkeeper,1982,,,false,[],[],Spain,,Medium,1531,fifa_players_csv,jose_manuel_reina_paez_1982
cenk_tosun_1991,Cenk Tosun,cenk tosun c tosun tosun,"[""C. Tosun"",""Cenk Tosun"",""Tosun""]",Turkey,ST,Attack,1991,,,false,[],[],Turkey,,Medium,1530,fifa_players_csv,cenk_tosun_1991
davy_propper_1991,Davy Pröpper,davy propper d propper propper,"[""D. Pröpper"",""Davy Pröpper"",""Pröpper""]",Netherlands,CM,Midfield,1991,,,false,[],[],Netherlands,,Medium,1530,fifa_players_csv,davy_propper_1991
domagoj_vida_1989,Domagoj Vida,domagoj vida d vida vida,"[""D. Vida"",""Domagoj Vida"",""Vida""]",Croatia,"CB,RB",Defence,1989,,,false,[],[],Croatia,,Medium,1530,fifa_players_csv,domagoj_vida_1989
ederson_santana_de_moraes_1993,Ederson Santana de Moraes,ederson santana de moraes ederson moraes,"[""Ederson"",""Ederson Santana de Moraes"",""Moraes""]",Brazil,GK,Goalkeeper,1993,,,false,[],[],Brazil,,Medium,1530,fifa_players_csv,ederson_santana_de_moraes_1993
gerard_deulofeu_lazaro_1994,Gerard Deulofeu Lázaro,gerard deulofeu lazaro deulofeu lazaro,"[""Deulofeu"",""Gerard Deulofeu Lázaro"",""Lázaro""]",Spain,"CF,RW,RM,LW",Attack,1994,,,false,[],[],Spain,,Medium,1530,fifa_players_csv,gerard_deulofeu_lazaro_1994
kepa_arrizabalaga_1994,Kepa Arrizabalaga,kepa arrizabalaga kepa arrizabalaga,"[""Kepa"",""Kepa Arrizabalaga"",""Arrizabalaga""]",Spain,GK,Goalkeeper,1994,,,false,[],[],Spain,,Medium,1530,fifa_players_csv,kepa_arrizabalaga_1994
patrik_schick_1996,Patrik Schick,patrik schick p schick schick,"[""P. Schick"",""Patrik Schick"",""Schick""]",Czech Republic,"ST,CF,RW",Attack,1996,,,false,[],[],Czech Republic,,Medium,1529,fifa_players_csv,patrik_schick_1996
ukasz_piszczek_1985,Łukasz Piszczek,ukasz piszczek l piszczek piszczek,"[""L. Piszczek"",""Łukasz Piszczek"",""Piszczek""]",Poland,RB,Defence,1985,,,false,[],[],Poland,,Medium,1528,fifa_players_csv,ukasz_piszczek_1985
martin_hinteregger_1992,Martin Hinteregger,martin hinteregger m hinteregger hinteregger,"[""M. Hinteregger"",""Martin Hinteregger"",""Hinteregger""]",Austria,CB,Defence,1992,,,false,[],[],Austria,,Medium,1527,fifa_players_csv,martin_hinteregger_1992
andre_martin_carrillo_diaz_1991,André Martín Carrillo Díaz,andre martin carrillo diaz a carrillo diaz,"[""A. Carrillo"",""André Martín Carrillo Díaz"",""Díaz""]",Peru,"RM,RW",Midfield,1991,,,false,[],[],Al Hilal,,Medium,1526,fifa_players_csv,andre_martin_carrillo_diaz_1991
ashley_young_1985,Ashley Young,ashley young a young young,"[""A. Young"",""Ashley Young"",""Young""]",England,"RB,LB",Defence,1985,,,false,[],[],England,,Medium,1526,fifa_players_csv,ashley_young_1985
david_villa_sanchez_1981,David Villa Sánchez,david villa sanchez david villa sanchez,"[""David Villa"",""David Villa Sánchez"",""Sánchez""]",Spain,ST,Attack,1981,,,false,[],[],Spain,,Medium,1526,fifa_players_csv,david_villa_sanchez_1981
denis_cheryshev_1990,Denis Cheryshev,denis cheryshev d cheryshev cheryshev,"[""D. Cheryshev"",""Denis Cheryshev"",""Cheryshev""]",Russia,"LM,LW",Midfield,1990,,,false,[],[],Russia,,Medium,1526,fifa_players_csv,denis_cheryshev_1990
ivan_marcano_sierra_1987,Iván Marcano Sierra,ivan marcano sierra marcano sierra,"[""Marcano"",""Iván Marcano Sierra"",""Sierra""]",Spain,CB,Defence,1987,,,false,[],[],Spain,,Medium,1526,fifa_players_csv,ivan_marcano_sierra_1987
luis_antonio_valencia_mosquera_1985,Luis Antonio Valencia Mosquera,luis antonio valencia mosquera a valencia mosquera,"[""A. Valencia"",""Luis Antonio Valencia Mosquera"",""Mosquera""]",Ecuador,RB,Defence,1985,,,false,[],[],Ecuador,,Medium,1526,fifa_players_csv,luis_antonio_valencia_mosquera_1985
donny_van_de_beek_1997,Donny van de Beek,donny van de beek d van de beek beek,"[""D. van de Beek"",""Donny van de Beek"",""Beek""]",Netherlands,"CAM,CM",Midfield,1997,,,false,[],[],Netherlands,,Medium,1525,fifa_players_csv,donny_van_de_beek_1997
jack_wilshere_1992,Jack Wilshere,jack wilshere j wilshere wilshere,"[""J. Wilshere"",""Jack Wilshere"",""Wilshere""]",England,"CM,CAM,CDM",Midfield,1992,,,false,[],[],England,,Medium,1525,fifa_players_csv,jack_wilshere_1992
mattia_de_sciglio_1992,Mattia De Sciglio,mattia de sciglio m de sciglio sciglio,"[""M. De Sciglio"",""Mattia De Sciglio"",""Sciglio""]",Italy,"RB,LB",Defence,1992,,,false,[],[],Italy,,Medium,1525,fifa_players_csv,mattia_de_sciglio_1992
max_alain_gradel_1987,Max-Alain Gradel,max alain gradel m gradel gradel,"[""M. Gradel"",""Max-Alain Gradel"",""Gradel""]",Ivory Coast,"LW,LM",Attack,1987,,,false,[],[],Côte d'Ivoire,,Medium,1524,fifa_players_csv,max_alain_gradel_1987
borja_valero_iglesias_1985,Borja Valero Iglesias,borja valero iglesias borja valero iglesias,"[""Borja Valero"",""Borja Valero Iglesias"",""Iglesias""]",Spain,"CAM,CDM",Midfield,1985,,,false,[],[],Spain,,Medium,1523,fifa_players_csv,borja_valero_iglesias_1985
mathieu_valbuena_1984,Mathieu Valbuena,mathieu valbuena m valbuena valbuena,"[""M. Valbuena"",""Mathieu Valbuena"",""Valbuena""]",France,"LW,LM,CAM",Attack,1984,,,false,[],[],France,,Medium,1523,fifa_players_csv,mathieu_valbuena_1984
adil_rami_1985,Adil Rami,adil rami a rami rami,"[""A. Rami"",""Adil Rami"",""Rami""]",France,CB,Defence,1985,,,false,[],[],France,,Medium,1522,fifa_players_csv,adil_rami_1985
alex_teixeira_dos_santos_1990,Alex Teixeira dos Santos,alex teixeira dos santos alex teixeira santos,"[""Alex Teixeira"",""Alex Teixeira dos Santos"",""Santos""]",Brazil,"ST,CAM",Attack,1990,,,false,[],[],Brazil,,Medium,1522,fifa_players_csv,alex_teixeira_dos_santos_1990
daniel_andre_sturridge_1989,Daniel Andre Sturridge,daniel andre sturridge d sturridge sturridge,"[""D. Sturridge"",""Daniel Andre Sturridge"",""Sturridge""]",England,ST,Attack,1989,,,false,[],[],England,,Medium,1522,fifa_players_csv,daniel_andre_sturridge_1989
florian_grillitsch_1995,Florian Grillitsch,florian grillitsch f grillitsch grillitsch,"[""F. Grillitsch"",""Florian Grillitsch"",""Grillitsch""]",Austria,"CM,CDM",Midfield,1995,,,false,[],[],Austria,,Medium,1522,fifa_players_csv,florian_grillitsch_1995
jeremy_mathieu_1983,Jérémy Mathieu,jeremy mathieu j mathieu mathieu,"[""J. Mathieu"",""Jérémy Mathieu"",""Mathieu""]",France,CB,Defence,1983,,,false,[],[],France,,Medium,1522,fifa_players_csv,jeremy_mathieu_1983
stevan_jovetic_1989,Stevan Jovetić,stevan jovetic s jovetic jovetic,"[""S. Jovetić"",""Stevan Jovetić"",""Jovetić""]",Montenegro,ST,Attack,1989,,,false,[],[],Montenegro,,Medium,1522,fifa_players_csv,stevan_jovetic_1989
pedro_pablo_hernandez_1986,Pedro Pablo Hernández,pedro pablo hernandez p hernandez hernandez,"[""P. Hernández"",""Pedro Pablo Hernández"",""Hernández""]",Chile,"CM,CAM,CDM",Midfield,1986,,,false,[],[],Independiente,,Medium,1521,fifa_players_csv,pedro_pablo_hernandez_1986
sofiane_feghouli_1989,Sofiane Feghouli,sofiane feghouli s feghouli feghouli,"[""S. Feghouli"",""Sofiane Feghouli"",""Feghouli""]",Algeria,"RM,RW,CAM",Midfield,1989,,,false,[],[],Algeria,,Medium,1521,fifa_players_csv,sofiane_feghouli_1989
theo_walcott_1989,Theo  Walcott,theo walcott t walcott walcott,"[""T. Walcott"",""Theo Walcott"",""Walcott""]",England,RM,Midfield,1989,,,false,[],[],England,,Medium,1521,fifa_players_csv,theo_walcott_1989
viktor_fischer_1994,Viktor Fischer,viktor fischer v fischer fischer,"[""V. Fischer"",""Viktor Fischer"",""Fischer""]",Denmark,"LM,ST",Midfield,1994,,,false,[],[],Denmark,,Medium,1521,fifa_players_csv,viktor_fischer_1994
kevin_lasagna_1992,Kevin Lasagna,kevin lasagna k lasagna lasagna,"[""K. Lasagna"",""Kevin Lasagna"",""Lasagna""]",Italy,ST,Attack,1992,,,false,[],[],Italy,,Medium,1520,fifa_players_csv,kevin_lasagna_1992
nikola_kalinic_1988,Nikola Kalinić,nikola kalinic n kalinic kalinic,"[""N. Kalinić"",""Nikola Kalinić"",""Kalinić""]",Croatia,ST,Attack,1988,,,false,[],[],Croatia,,Medium,1520,fifa_players_csv,nikola_kalinic_1988
sergej_milinkovic_savic_1995,Sergej Milinković-Savić,sergej milinkovic savic s milinkovic savic milinkovic savic,"[""S. Milinković-Savić"",""Sergej Milinković-Savić"",""Milinković-Savić""]",Serbia,"CM,CAM",Midfield,1995,,,false,[],[],Serbia,,Medium,1520,fifa_players_csv,sergej_milinkovic_savic_1995
adam_david_lallana_1988,Adam David Lallana,adam david lallana a lallana lallana,"[""A. Lallana"",""Adam David Lallana"",""Lallana""]",England,CM,Midfield,1988,,,false,[],[],England,,Medium,1519,fifa_players_csv,adam_david_lallana_1988
eder_citadin_martins_1986,Eder Citadin Martins,eder citadin martins eder martins,"[""Eder"",""Eder Citadin Martins"",""Martins""]",Italy,ST,Attack,1986,,,false,[],[],Italy,,Medium,1519,fifa_players_csv,eder_citadin_martins_1986
lucas_hernandez_1996,Lucas Hernández,lucas hernandez l hernandez hernandez,"[""L. Hernández"",""Lucas Hernández"",""Hernández""]",France,"LB,CB",Defence,1996,,,false,[],[],France,,Medium,1519,fifa_players_csv,lucas_hernandez_1996
andrew_robertson_1994,Andrew Robertson,andrew robertson a robertson robertson,"[""A. Robertson"",""Andrew Robertson"",""Robertson""]",Scotland,LB,Defence,1994,,,false,[],[],Scotland,,Medium,1518,fifa_players_csv,andrew_robertson_1994
aymeric_laporte_1994,Aymeric  Laporte,aymeric laporte a laporte laporte,"[""A. Laporte"",""Aymeric Laporte"",""Laporte""]",France,"CB,LB",Defence,1994,,,false,[],[],France,,Medium,1518,fifa_players_csv,aymeric_laporte_1994
john_guidetti_1992,John Guidetti,john guidetti j guidetti guidetti,"[""J. Guidetti"",""John Guidetti"",""Guidetti""]",Sweden,ST,Attack,1992,,,false,[],[],Sweden,,Medium,1518,fifa_players_csv,john_guidetti_1992
jordan_pickford_1994,Jordan Pickford,jordan pickford j pickford pickford,"[""J. Pickford"",""Jordan Pickford"",""Pickford""]",England,GK,Goalkeeper,1994,,,false,[],[],England,,Medium,1518,fifa_players_csv,jordan_pickford_1994
kenny_tete_1995,Kenny Tete,kenny tete k tete tete,"[""K. Tete"",""Kenny Tete"",""Tete""]",Netherlands,"RB,RWB",Defence,1995,,,false,[],[],Netherlands,,Medium,1518,fifa_players_csv,kenny_tete_1995
anthony_lopes_1990,Anthony Lopes,anthony lopes a lopes lopes,"[""A. Lopes"",""Anthony Lopes"",""Lopes""]",Portugal,GK,Goalkeeper,1990,,,false,[],[],Portugal,,Medium,1517,fifa_players_csv,anthony_lopes_1990
hatem_ben_arfa_1987,Hatem Ben Arfa,hatem ben arfa h ben arfa arfa,"[""H. Ben Arfa"",""Hatem Ben Arfa"",""Arfa""]",France,"CAM,ST",Midfield,1987,,,false,[],[],France,,Medium,1517,fifa_players_csv,hatem_ben_arfa_1987
julian_baumgartlinger_1988,Julian Baumgartlinger,julian baumgartlinger j baumgartlinger baumgartlinger,"[""J. Baumgartlinger"",""Julian Baumgartlinger"",""Baumgartlinger""]",Austria,CDM,Midfield,1988,,,false,[],[],Austria,,Medium,1517,fifa_players_csv,julian_baumgartlinger_1988
manuel_agudo_duran_1986,Manuel Agudo Durán,manuel agudo duran nolito duran,"[""Nolito"",""Manuel Agudo Durán"",""Durán""]",Spain,"LM,LW",Midfield,1986,,,false,[],[],Spain,,Medium,1517,fifa_players_csv,manuel_agudo_duran_1986
samir_nasri_1987,Samir Nasri,samir nasri s nasri nasri,"[""S. Nasri"",""Samir Nasri"",""Nasri""]",France,"LM,CM,RM,CAM",Midfield,1987,,,false,[],[],France,,Medium,1517,fifa_players_csv,samir_nasri_1987
kasper_dolberg_1997,Kasper Dolberg,kasper dolberg k dolberg dolberg,"[""K. Dolberg"",""Kasper Dolberg"",""Dolberg""]",Denmark,ST,Attack,1997,,,false,[],[],Denmark,,Medium,1516,fifa_players_csv,kasper_dolberg_1997
daniel_parejo_munoz_1989,Daniel Parejo Muñoz,daniel parejo munoz parejo munoz,"[""Parejo"",""Daniel Parejo Muñoz"",""Muñoz""]",Spain,CM,Midfield,1989,,,false,[],[],Spain,,Medium,1515,fifa_players_csv,daniel_parejo_munoz_1989
faustino_marcos_alberto_rojo_1990,Faustino Marcos Alberto Rojo,faustino marcos alberto rojo m rojo rojo,"[""M. Rojo"",""Faustino Marcos Alberto Rojo"",""Rojo""]",Argentina,CB,Defence,1990,,,false,[],[],Argentina,,Medium,1515,fifa_players_csv,faustino_marcos_alberto_rojo_1990
jakub_jankto_1996,Jakub Jankto,jakub jankto j jankto jankto,"[""J. Jankto"",""Jakub Jankto"",""Jankto""]",Czech Republic,"CM,LM",Midfield,1996,,,false,[],[],Czech Republic,,Medium,1515,fifa_players_csv,jakub_jankto_1996
mario_gomez_garcia_1985,Mario Gómez García,mario gomez garcia m gomez garcia,"[""M. Gómez"",""Mario Gómez García"",""García""]",Germany,ST,Attack,1985,,,false,[],[],Germany,,Medium,1515,fifa_players_csv,mario_gomez_garcia_1985
martin_caceres_1987,Martín Cáceres,martin caceres m caceres caceres,"[""M. Cáceres"",""Martín Cáceres"",""Cáceres""]",Uruguay,"CB,RB",Defence,1987,,,false,[],[],Uruguay,,Medium,1515,fifa_players_csv,martin_caceres_1987
remo_freuler_1992,Remo Freuler,remo freuler r freuler freuler,"[""R. Freuler"",""Remo Freuler"",""Freuler""]",Switzerland,CM,Midfield,1992,,,false,[],[],Switzerland,,Medium,1515,fifa_players_csv,remo_freuler_1992
salomon_armand_magloire_kalou_1985,Salomon Armand Magloire Kalou,salomon armand magloire kalou s kalou kalou,"[""S. Kalou"",""Salomon Armand Magloire Kalou"",""Kalou""]",Ivory Coast,"LM,ST,RM",Midfield,1985,,,false,[],[],Ivory Coast,,Medium,1515,fifa_players_csv,salomon_armand_magloire_kalou_1985
jefferson_agustin_farfan_guadalupe_1984,Jefferson Agustín Farfán Guadalupe,jefferson agustin farfan guadalupe j farfan guadalupe,"[""J. Farfán"",""Jefferson Agustín Farfán Guadalupe"",""Guadalupe""]",Peru,"RM,ST",Midfield,1984,,,false,[],[],Peru,,Medium,1513,fifa_players_csv,jefferson_agustin_farfan_guadalupe_1984
josue_durval_chiamulera_vaz_1992,Josué Durval Chiamulera Vaz,josue durval chiamulera vaz josue chiamulera vaz,"[""Josué Chiamulera"",""Josué Durval Chiamulera Vaz"",""Vaz""]",Brazil,CB,Defence,1992,,,false,[],[],Brazil,,Medium,1513,fifa_players_csv,josue_durval_chiamulera_vaz_1992
lourival_adnan_beretta_barbosa_1992,Lourival Adnan Beretta Barbosa,lourival adnan beretta barbosa louri beretta barbosa,"[""Louri Beretta"",""Lourival Adnan Beretta Barbosa"",""Barbosa""]",Brazil,"ST,CF",Attack,1992,,,false,[],[],Brazil,,Medium,1513,fifa_players_csv,lourival_adnan_beretta_barbosa_1992
martin_skrtel_1984,Martin Škrtel,martin skrtel m skrtel skrtel,"[""M. Škrtel"",""Martin Škrtel"",""Škrtel""]",Slovakia,CB,Defence,1984,,,false,[],[],Slovakia,,Medium,1513,fifa_players_csv,martin_skrtel_1984
ronaldo_jailson_cabrais_petri_1992,Ronaldo Jailson Cabrais Petri,ronaldo jailson cabrais petri ronaldo cabrais petri,"[""Ronaldo Cabrais"",""Ronaldo Jailson Cabrais Petri"",""Petri""]",Brazil,"RW,CAM",Attack,1992,,,false,[],[],Brazil,,Medium,1513,fifa_players_csv,ronaldo_jailson_cabrais_petri_1992
nicolai_j_rgensen_1991,Nicolai Jørgensen,nicolai j rgensen n j rgensen j rgensen,"[""N. Jørgensen"",""Nicolai Jørgensen"",""Jørgensen""]",Denmark,ST,Attack,1991,,,false,[],[],Denmark,,Medium,1512,fifa_players_csv,nicolai_j_rgensen_1991
guilherme_alvim_marinato_1985,Guilherme Alvim Marinato,guilherme alvim marinato guilherme marinato,"[""Guilherme"",""Guilherme Alvim Marinato"",""Marinato""]",Russia,GK,Goalkeeper,1985,,,false,[],[],Russia,,Medium,1511,fifa_players_csv,guilherme_alvim_marinato_1985
juan_francisco_torres_belen_1985,Juan Francisco Torres Belén,juan francisco torres belen juanfran belen,"[""Juanfran"",""Juan Francisco Torres Belén"",""Belén""]",Spain,RB,Defence,1985,,,false,[],[],Spain,,Medium,1511,fifa_players_csv,juan_francisco_torres_belen_1985
albin_ekdal_1989,Albin Ekdal,albin ekdal a ekdal ekdal,"[""A. Ekdal"",""Albin Ekdal"",""Ekdal""]",Sweden,"CM,CDM",Midfield,1989,,,false,[],[],Sweden,,Medium,1510,fifa_players_csv,albin_ekdal_1989
cedric_ricardo_alves_soares_1991,Cédric Ricardo Alves Soares,cedric ricardo alves soares cedric soares,"[""Cédric"",""Cédric Ricardo Alves Soares"",""Soares""]",Portugal,"RB,RWB",Defence,1991,,,false,[],[],Portugal,,Medium,1510,fifa_players_csv,cedric_ricardo_alves_soares_1991
jean_eric_maxim_choupo_moting_1989,Jean-Eric Maxim Choupo-Moting,jean eric maxim choupo moting e choupo moting choupo moting,"[""E. Choupo-Moting"",""Jean-Eric Maxim Choupo-Moting"",""Choupo-Moting""]",Cameroon,"ST,LW",Attack,1989,,,false,[],[],Cameroon,,Medium,1510,fifa_players_csv,jean_eric_maxim_choupo_moting_1989
jose_ramiro_funes_mori_1991,José Ramiro Funes Mori,jose ramiro funes mori r funes mori mori,"[""R. Funes Mori"",""José Ramiro Funes Mori"",""Mori""]",Argentina,"CB,CM",Defence,1991,,,false,[],[],Argentina,,Medium,1510,fifa_players_csv,jose_ramiro_funes_mori_1991
jose_salomon_rondon_gimenez_1989,José Salomón Rondón Giménez,jose salomon rondon gimenez s rondon gimenez,"[""S. Rondón"",""José Salomón Rondón Giménez"",""Giménez""]",Venezuela,ST,Attack,1989,,,false,[],[],Venezuela,,Medium,1510,fifa_players_csv,jose_salomon_rondon_gimenez_1989
marvin_plattenhardt_1992,Marvin Plattenhardt,marvin plattenhardt m plattenhardt plattenhardt,"[""M. Plattenhardt"",""Marvin Plattenhardt"",""Plattenhardt""]",Germany,"LB,LM",Defence,1992,,,false,[],[],Germany,,Medium,1510,fifa_players_csv,marvin_plattenhardt_1992
nacer_chadli_1989,Nacer Chadli,nacer chadli n chadli chadli,"[""N. Chadli"",""Nacer Chadli"",""Chadli""]",Belgium,"LM,RM,LW",Midfield,1989,,,false,[],[],Belgium,,Medium,1510,fifa_players_csv,nacer_chadli_1989
vladimir_darida_1990,Vladimír Darida,vladimir darida v darida darida,"[""V. Darida"",""Vladimír Darida"",""Darida""]",Czech Republic,"CM,CAM,CDM",Midfield,1990,,,false,[],[],Czech Republic,,Medium,1510,fifa_players_csv,vladimir_darida_1990
ezequiel_ivan_lavezzi_1985,Ezequiel Iván Lavezzi,ezequiel ivan lavezzi e lavezzi lavezzi,"[""E. Lavezzi"",""Ezequiel Iván Lavezzi"",""Lavezzi""]",Argentina,"ST,CAM",Attack,1985,,,false,[],[],Argentina,,Medium,1509,fifa_players_csv,ezequiel_ivan_lavezzi_1985
frenkie_de_jong_1997,Frenkie de Jong,frenkie de jong f de jong jong,"[""F. de Jong"",""Frenkie de Jong"",""Jong""]",Netherlands,"CM,CDM,CB",Midfield,1997,,,false,[],[],Netherlands,,Medium,1509,fifa_players_csv,frenkie_de_jong_1997
mattia_perin_1992,Mattia Perin,mattia perin m perin perin,"[""M. Perin"",""Mattia Perin"",""Perin""]",Italy,GK,Goalkeeper,1992,,,false,[],[],Italy,,Medium,1509,fifa_players_csv,mattia_perin_1992
giovani_lo_celso_1996,Giovani Lo Celso,giovani lo celso g lo celso celso,"[""G. Lo Celso"",""Giovani Lo Celso"",""Celso""]",Argentina,"CM,CAM,CDM",Midfield,1996,,,false,[],[],Argentina,,Medium,1508,fifa_players_csv,giovani_lo_celso_1996
pau_lopez_sabata_1994,Pau López Sabata,pau lopez sabata pau lopez sabata,"[""Pau López"",""Pau López Sabata"",""Sabata""]",Spain,GK,Goalkeeper,1994,,,false,[],[],Spain,,Medium,1507,fifa_players_csv,pau_lopez_sabata_1994
rodrigo_hernandez_cascante_1996,Rodrigo Hernández Cascante,rodrigo hernandez cascante rodri cascante,"[""Rodri"",""Rodrigo Hernández Cascante"",""Cascante""]",Spain,"CM,CDM",Midfield,1996,,,false,[],[],Spain,,Medium,1507,fifa_players_csv,rodrigo_hernandez_cascante_1996
tomas_eduardo_rincon_hernandez_1988,Tomás Eduardo Rincón Hernández,tomas eduardo rincon hernandez t rincon hernandez,"[""T. Rincón"",""Tomás Eduardo Rincón Hernández"",""Hernández""]",Venezuela,"CM,CDM",Midfield,1988,,,false,[],[],Venezuela,,Medium,1507,fifa_players_csv,tomas_eduardo_rincon_hernandez_1988
aleksandar_dragovic_1991,Aleksandar Dragović,aleksandar dragovic a dragovic dragovic,"[""A. Dragović"",""Aleksandar Dragović"",""Dragović""]",Austria,CB,Defence,1991,,,false,[],[],Austria,,Medium,1506,fifa_players_csv,aleksandar_dragovic_1991
dante_bonfim_da_costa_santos_1983,Dante Bonfim da Costa Santos,dante bonfim da costa santos dante santos,"[""Dante"",""Dante Bonfim da Costa Santos"",""Santos""]",Brazil,CB,Defence,1983,,,false,[],[],Brazil,,Medium,1506,fifa_players_csv,dante_bonfim_da_costa_santos_1983
gary_cahill_1985,Gary Cahill,gary cahill g cahill cahill,"[""G. Cahill"",""Gary Cahill"",""Cahill""]",England,CB,Defence,1985,,,false,[],[],England,,Medium,1506,fifa_players_csv,gary_cahill_1985
goncalo_manuel_ganchinho_guedes_1996,Gonçalo Manuel Ganchinho Guedes,goncalo manuel ganchinho guedes goncalo guedes guedes,"[""Gonçalo Guedes"",""Gonçalo Manuel Ganchinho Guedes"",""Guedes""]",Portugal,"LM,ST,RM,LW",Midfield,1996,,,false,[],[],Portugal,,Medium,1506,fifa_players_csv,goncalo_manuel_ganchinho_guedes_1996
harry_maguire_1993,Harry Maguire,harry maguire h maguire maguire,"[""H. Maguire"",""Harry Maguire"",""Maguire""]",England,CB,Defence,1993,,,false,[],[],England,,Medium,1505,fifa_players_csv,harry_maguire_1993
josef_alexander_martinez_1993,Josef Alexander Martínez,josef alexander martinez j martinez martinez,"[""J. Martínez"",""Josef Alexander Martínez"",""Martínez""]",Venezuela,ST,Attack,1993,,,false,[],[],Venezuela,,Medium,1505,fifa_players_csv,josef_alexander_martinez_1993
nicolas_castillo_1993,Nicolás Castillo,nicolas castillo n castillo castillo,"[""N. Castillo"",""Nicolás Castillo"",""Castillo""]",Chile,ST,Attack,1993,,,false,[],[],Club América,,Medium,1505,fifa_players_csv,nicolas_castillo_1993
adrien_sebastian_perruchet_silva_1989,Adrien Sebastian Perruchet Silva,adrien sebastian perruchet silva adrien silva silva,"[""Adrien Silva"",""Adrien Sebastian Perruchet Silva"",""Silva""]",Portugal,"CM,CDM",Midfield,1989,,,false,[],[],Portugal,,Medium,1504,fifa_players_csv,adrien_sebastian_perruchet_silva_1989
allan_marques_loureiro_1991,Allan Marques Loureiro,allan marques loureiro allan loureiro,"[""Allan"",""Allan Marques Loureiro"",""Loureiro""]",Brazil,CM,Midfield,1991,,,false,[],[],Brazil,,Medium,1504,fifa_players_csv,allan_marques_loureiro_1991
asier_illarramendi_andonegi_1990,Asier Illarramendi Andonegi,asier illarramendi andonegi illarramendi andonegi,"[""Illarramendi"",""Asier Illarramendi Andonegi"",""Andonegi""]",Spain,"CDM,CM",Midfield,1990,,,false,[],[],Spain,,Medium,1504,fifa_players_csv,asier_illarramendi_andonegi_1990
celso_fabian_ortiz_gamarra_1989,Celso Fabián Ortiz Gamarra,celso fabian ortiz gamarra c ortiz gamarra,"[""C. Ortíz"",""Celso Fabián Ortiz Gamarra"",""Gamarra""]",Paraguay,"CDM,CM",Midfield,1989,,,false,[],[],Monterrey,,Medium,1504,fifa_players_csv,celso_fabian_ortiz_gamarra_1989
fernando_jose_torres_sanz_1984,Fernando José Torres Sanz,fernando jose torres sanz fernando torres sanz,"[""Fernando Torres"",""Fernando José Torres Sanz"",""Sanz""]",Spain,ST,Attack,1984,,,false,[],[],Spain,,Medium,1504,fifa_players_csv,fernando_jose_torres_sanz_1984
bruno_soriano_llido_1984,Bruno  Soriano Llido,bruno soriano llido bruno llido,"[""Bruno"",""Bruno Soriano Llido"",""Llido""]",Spain,"CM,CDM",Midfield,1984,,,false,[],[],Spain,,Medium,1502,fifa_players_csv,bruno_soriano_llido_1984
gabriel_fernando_de_jesus_1997,Gabriel Fernando de Jesus,gabriel fernando de jesus gabriel jesus jesus,"[""Gabriel Jesus"",""Gabriel Fernando de Jesus"",""Jesus""]",Brazil,ST,Attack,1997,,,false,[],[],Brazil,,Medium,1502,fifa_players_csv,gabriel_fernando_de_jesus_1997
lasse_sch_ne_1986,Lasse Schøne,lasse sch ne l sch ne sch ne,"[""L. Schøne"",""Lasse Schøne"",""Schøne""]",Denmark,"CM,CDM",Midfield,1986,,,false,[],[],Denmark,,Medium,1502,fifa_players_csv,lasse_sch_ne_1986
rosberto_j_dourado_santos_1988,Rosberto J. Dourado Santos,rosberto j dourado santos rosberto dourado santos,"[""Rosberto Dourado"",""Rosberto J. Dourado Santos"",""Santos""]",Brazil,"CDM,CM",Midfield,1988,,,false,[],[],Brazil,,Medium,1501,fifa_players_csv,rosberto_j_dourado_santos_1988
alessio_romagnoli_1995,Alessio Romagnoli,alessio romagnoli a romagnoli romagnoli,"[""A. Romagnoli"",""Alessio Romagnoli"",""Romagnoli""]",Italy,CB,Defence,1995,,,false,[],[],Italy,,Medium,1500,fifa_players_csv,alessio_romagnoli_1995
haris_seferovic_1992,Haris Seferović,haris seferovic h seferovic seferovic,"[""H. Seferović"",""Haris Seferović"",""Seferović""]",Switzerland,ST,Attack,1992,,,false,[],[],SL Benfica,,Medium,1500,fifa_players_csv,haris_seferovic_1992
corentin_tolisso_1994,Corentin Tolisso,corentin tolisso c tolisso tolisso,"[""C. Tolisso"",""Corentin Tolisso"",""Tolisso""]",France,"CM,CDM",Midfield,1994,,,false,[],[],France,,Medium,1498,fifa_players_csv,corentin_tolisso_1994
daniel_ceballos_fernandez_1996,Daniel Ceballos Fernández,daniel ceballos fernandez dani ceballos fernandez,"[""Dani Ceballos"",""Daniel Ceballos Fernández"",""Fernández""]",Spain,"CM,LM",Midfield,1996,,,false,[],[],Spain,,Medium,1498,fifa_players_csv,daniel_ceballos_fernandez_1996
kingsley_coman_1996,Kingsley Coman,kingsley coman k coman coman,"[""K. Coman"",""Kingsley Coman"",""Coman""]",France,"LM,RM,LW,RW",Midfield,1996,,,false,[],[],France,,Medium,1498,fifa_players_csv,kingsley_coman_1996
naby_keita_1995,Naby Keïta,naby keita n keita keita,"[""N. Keïta"",""Naby Keïta"",""Keïta""]",Guinea,"CM,CDM,CAM",Midfield,1995,,,false,[],[],Guinea,,Medium,1498,fifa_players_csv,naby_keita_1995
1986_48,本田 圭佑,k honda,"[""K. Honda""]",Japan,"RM,CAM",Midfield,1986,,,false,[],[],Japan,,Medium,1498,fifa_players_csv,1986_48
adrien_rabiot_1995,Adrien Rabiot,adrien rabiot a rabiot rabiot,"[""A. Rabiot"",""Adrien Rabiot"",""Rabiot""]",France,"CM,CDM",Midfield,1995,,,false,[],[],France,,Medium,1497,fifa_players_csv,adrien_rabiot_1995
anderson_souza_conceicao_1994,Anderson Souza Conceição,anderson souza conceicao anderson talisca conceicao,"[""Anderson Talisca"",""Anderson Souza Conceição"",""Conceição""]",Brazil,CAM,Midfield,1994,,,false,[],[],Brazil,,Medium,1497,fifa_players_csv,anderson_souza_conceicao_1994
enner_valencia_1989,Enner Valencia,enner valencia e valencia valencia,"[""E. Valencia"",""Enner Valencia"",""Valencia""]",Ecuador,"ST,RW",Attack,1989,,,false,[],[],Tigres U.A.N.L.,,Medium,1496,fifa_players_csv,enner_valencia_1989
marco_jhonfai_fabian_de_la_mora_1989,Marco Jhonfai Fabián De La Mora,marco jhonfai fabian de la mora m fabian mora,"[""M. Fabián"",""Marco Jhonfai Fabián De La Mora"",""Mora""]",Mexico,"CAM,RM,CF",Midfield,1989,,,false,[],[],Mexico,,Medium,1496,fifa_players_csv,marco_jhonfai_fabian_de_la_mora_1989
marten_de_roon_1991,Marten de Roon,marten de roon m de roon roon,"[""M. de Roon"",""Marten de Roon"",""Roon""]",Netherlands,"CM,CDM",Midfield,1991,,,false,[],[],Netherlands,,Medium,1496,fifa_players_csv,marten_de_roon_1991
raphael_william_anjos_rochedo_1988,Raphael William Anjos Rochedo,raphael william anjos rochedo raphaelito anjos rochedo,"[""Raphaelito Anjos"",""Raphael William Anjos Rochedo"",""Rochedo""]",Brazil,GK,Goalkeeper,1988,,,false,[],[],Brazil,,Medium,1496,fifa_players_csv,raphael_william_anjos_rochedo_1988
timo_horn_1993,Timo Horn,timo horn t horn horn,"[""T. Horn"",""Timo Horn"",""Horn""]",Germany,GK,Goalkeeper,1993,,,false,[],[],Germany,,Medium,1496,fifa_players_csv,timo_horn_1993
adam_szalai_1987,Ádám Szalai,adam szalai a szalai szalai,"[""A. Szalai"",""Ádám Szalai"",""Szalai""]",Hungary,ST,Attack,1987,,,false,[],[],Hungary,,Medium,1495,fifa_players_csv,adam_szalai_1987
joe_allen_1990,Joe Allen,joe allen j allen allen,"[""J. Allen"",""Joe Allen"",""Allen""]",Wales,"CM,CAM",Midfield,1990,,,false,[],[],Wales,,Medium,1495,fifa_players_csv,joe_allen_1990
stefan_savic_1991,Stefan Savić,stefan savic s savic savic,"[""S. Savić"",""Stefan Savić"",""Savić""]",Montenegro,CB,Defence,1991,,,false,[],[],Montenegro,,Medium,1495,fifa_players_csv,stefan_savic_1991
andrej_kramaric_1991,Andrej Kramarić,andrej kramaric a kramaric kramaric,"[""A. Kramarić"",""Andrej Kramarić"",""Kramarić""]",Croatia,"ST,LW,RW,CAM",Attack,1991,,,false,[],[],Croatia,,Medium,1494,fifa_players_csv,andrej_kramaric_1991
havard_nordtveit_1990,Håvard Nordtveit,havard nordtveit h nordtveit nordtveit,"[""H. Nordtveit"",""Håvard Nordtveit"",""Nordtveit""]",Norway,"CB,CDM,RB",Defence,1990,,,false,[],[],Norway,,Medium,1494,fifa_players_csv,havard_nordtveit_1990
ukasz_skorupski_1991,Łukasz Skorupski,ukasz skorupski l skorupski skorupski,"[""L. Skorupski"",""Łukasz Skorupski"",""Skorupski""]",Poland,GK,Goalkeeper,1991,,,false,[],[],Poland,,Medium,1494,fifa_players_csv,ukasz_skorupski_1991
norberto_murara_neto_1989,Norberto Murara Neto,norberto murara neto neto,"[""Neto"",""Norberto Murara Neto""]",Brazil,GK,Goalkeeper,1989,,,false,[],[],Brazil,,Medium,1494,fifa_players_csv,norberto_murara_neto_1989
oliver_baumann_1990,Oliver Baumann,oliver baumann o baumann baumann,"[""O. Baumann"",""Oliver Baumann"",""Baumann""]",Germany,GK,Goalkeeper,1990,,,false,[],[],Germany,,Medium,1494,fifa_players_csv,oliver_baumann_1990
pablo_sarabia_garcia_1992,Pablo Sarabia García,pablo sarabia garcia pablo sarabia garcia,"[""Pablo Sarabia"",""Pablo Sarabia García"",""García""]",Spain,"CAM,CM,RM",Midfield,1992,,,false,[],[],Spain,,Medium,1494,fifa_players_csv,pablo_sarabia_garcia_1992
sergio_asenjo_andres_1989,Sergio  Asenjo Andrés,sergio asenjo andres sergio asenjo andres,"[""Sergio Asenjo"",""Sergio Asenjo Andrés"",""Andrés""]",Spain,GK,Goalkeeper,1989,,,false,[],[],Spain,,Medium,1494,fifa_players_csv,sergio_asenjo_andres_1989
asmir_begovic_1987,Asmir Begović,asmir begovic a begovic begovic,"[""A. Begović"",""Asmir Begović"",""Begović""]",Bosnia Herzegovina,GK,Goalkeeper,1987,,,false,[],[],Bosnia Herzegovina,,Medium,1493,fifa_players_csv,asmir_begovic_1987
edin_visca_1990,Edin Višća,edin visca e visca visca,"[""E. Višća"",""Edin Višća"",""Višća""]",Bosnia Herzegovina,"RM,RW",Midfield,1990,,,false,[],[],Bosnia Herzegovina,,Medium,1493,fifa_players_csv,edin_visca_1990
idrissa_gana_gueye_1989,Idrissa Gana Gueye,idrissa gana gueye i gueye gueye,"[""I. Gueye"",""Idrissa Gana Gueye"",""Gueye""]",Senegal,"CDM,CM",Midfield,1989,,,false,[],[],Senegal,,Medium,1493,fifa_players_csv,idrissa_gana_gueye_1989
joe_hart_1987,Joe Hart,joe hart j hart hart,"[""J. Hart"",""Joe Hart"",""Hart""]",England,GK,Goalkeeper,1987,,,false,[],[],England,,Medium,1493,fifa_players_csv,joe_hart_1987
kevin_kampl_1990,Kevin Kampl,kevin kampl k kampl kampl,"[""K. Kampl"",""Kevin Kampl"",""Kampl""]",Slovenia,"CM,CAM,CDM",Midfield,1990,,,false,[],[],Slovenia,,Medium,1493,fifa_players_csv,kevin_kampl_1990
lucas_vazquez_iglesias_1991,Lucas Vázquez Iglesias,lucas vazquez iglesias lucas vazquez iglesias,"[""Lucas Vázquez"",""Lucas Vázquez Iglesias"",""Iglesias""]",Spain,"RW,RM",Attack,1991,,,false,[],[],Spain,,Medium,1493,fifa_players_csv,lucas_vazquez_iglesias_1991
marcos_alonso_mendoza_1990,Marcos Alonso Mendoza,marcos alonso mendoza marcos alonso mendoza,"[""Marcos Alonso"",""Marcos Alonso Mendoza"",""Mendoza""]",Spain,"LB,LWB",Defence,1990,,,false,[],[],Spain,,Medium,1493,fifa_players_csv,marcos_alonso_mendoza_1990
sergio_canales_madrazo_1991,Sergio Canales Madrazo,sergio canales madrazo canales madrazo,"[""Canales"",""Sergio Canales Madrazo"",""Madrazo""]",Spain,"CAM,CM,RM,RW",Midfield,1991,,,false,[],[],Spain,,Medium,1493,fifa_players_csv,sergio_canales_madrazo_1991
andre_schurrle_1990,André Schürrle,andre schurrle a schurrle schurrle,"[""A. Schürrle"",""André Schürrle"",""Schürrle""]",Germany,"RW,LW",Attack,1990,,,false,[],[],Germany,,Medium,1492,fifa_players_csv,andre_schurrle_1990
fyodor_smolov_1990,Fyodor Smolov,fyodor smolov f smolov smolov,"[""F. Smolov"",""Fyodor Smolov"",""Smolov""]",Russia,ST,Attack,1990,,,false,[],[],Russia,,Medium,1491,fifa_players_csv,fyodor_smolov_1990
jose_miguel_da_rocha_fonte_1983,José Miguel da Rocha Fonte,jose miguel da rocha fonte jose fonte fonte,"[""José Fonte"",""José Miguel da Rocha Fonte"",""Fonte""]",Portugal,CB,Defence,1983,,,false,[],[],Portugal,,Medium,1491,fifa_players_csv,jose_miguel_da_rocha_fonte_1983
andre_ayew_pele_1989,André Ayew Pelé,andre ayew pele a ayew pele,"[""A. Ayew"",""André Ayew Pelé"",""Pelé""]",Ghana,"RM,ST",Midfield,1989,,,false,[],[],Ghana,,Medium,1490,fifa_players_csv,andre_ayew_pele_1989
laureano_thomas_santeiro_marre_1988,Laureano Thomas Santeiro Marre,laureano thomas santeiro marre laure santeiro marre,"[""Laure Santeiro"",""Laureano Thomas Santeiro Marre"",""Marre""]",Brazil,"CAM,LW",Midfield,1988,,,false,[],[],Brazil,,Medium,1490,fifa_players_csv,laureano_thomas_santeiro_marre_1988
cristhian_ricardo_stuani_curbelo_1986,Cristhian Ricardo Stuani Curbelo,cristhian ricardo stuani curbelo c stuani curbelo,"[""C. Stuani"",""Cristhian Ricardo Stuani Curbelo"",""Curbelo""]",Uruguay,ST,Attack,1986,,,false,[],[],Uruguay,,Medium,1489,fifa_players_csv,cristhian_ricardo_stuani_curbelo_1986
fabio_alexandre_da_silva_coentrao_1988,Fábio Alexandre da Silva Coentrão,fabio alexandre da silva coentrao fabio coentrao coentrao,"[""Fábio Coentrão"",""Fábio Alexandre da Silva Coentrão"",""Coentrão""]",Portugal,"RW,LB",Attack,1988,,,false,[],[],Portugal,,Medium,1489,fifa_players_csv,fabio_alexandre_da_silva_coentrao_1988
malcom_filipe_silva_de_oliveira_1997,Malcom Filipe Silva de Oliveira,malcom filipe silva de oliveira malcom oliveira,"[""Malcom"",""Malcom Filipe Silva de Oliveira"",""Oliveira""]",Brazil,RW,Attack,1997,,,false,[],[],Brazil,,Medium,1489,fifa_players_csv,malcom_filipe_silva_de_oliveira_1997
mathieu_debuchy_1985,Mathieu Debuchy,mathieu debuchy m debuchy debuchy,"[""M. Debuchy"",""Mathieu Debuchy"",""Debuchy""]",France,RB,Defence,1985,,,false,[],[],France,,Medium,1489,fifa_players_csv,mathieu_debuchy_1985
robin_van_persie_1983,Robin van Persie,robin van persie r van persie persie,"[""R. van Persie"",""Robin van Persie"",""Persie""]",Netherlands,"ST,CAM",Attack,1983,,,false,[],[],Netherlands,,Medium,1489,fifa_players_csv,robin_van_persie_1983
tanguy_ndombele_alvaro_1996,Tanguy NDombèlé Alvaro,tanguy ndombele alvaro t ndombele alvaro,"[""T. Ndombele"",""Tanguy NDombèlé Alvaro"",""Alvaro""]",France,"CM,CDM",Midfield,1996,,,false,[],[],France,,Medium,1489,fifa_players_csv,tanguy_ndombele_alvaro_1996
aleksandar_kolarov_1985,Aleksandar Kolarov,aleksandar kolarov a kolarov kolarov,"[""A. Kolarov"",""Aleksandar Kolarov"",""Kolarov""]",Serbia,LB,Defence,1985,,,false,[],[],Serbia,,Medium,1488,fifa_players_csv,aleksandar_kolarov_1985
ashley_williams_1984,Ashley Williams,ashley williams a williams williams,"[""A. Williams"",""Ashley Williams"",""Williams""]",Wales,CB,Defence,1984,,,false,[],[],Wales,,Medium,1487,fifa_players_csv,ashley_williams_1984
michael_bradley_1987,Michael Bradley,michael bradley m bradley bradley,"[""M. Bradley"",""Michael Bradley"",""Bradley""]",United States,"CDM,CM",Midfield,1987,,,false,[],[],United States,,Medium,1487,fifa_players_csv,michael_bradley_1987
martin_braithwaite_1991,Martin Braithwaite,martin braithwaite m braithwaite braithwaite,"[""M. Braithwaite"",""Martin Braithwaite"",""Braithwaite""]",Denmark,"ST,LW,CAM",Attack,1991,,,false,[],[],Denmark,,Medium,1486,fifa_players_csv,martin_braithwaite_1991
paul_georges_ntep_de_madiba_1992,Paul-Georges Ntep de Madiba,paul georges ntep de madiba p ntep madiba,"[""P. Ntep"",""Paul-Georges Ntep de Madiba"",""Madiba""]",Cameroon,"LM,LW,ST",Midfield,1992,,,false,[],[],Cameroon,,Medium,1486,fifa_players_csv,paul_georges_ntep_de_madiba_1992
steven_bergwijn_1997,Steven Bergwijn,steven bergwijn s bergwijn bergwijn,"[""S. Bergwijn"",""Steven Bergwijn"",""Bergwijn""]",Netherlands,"LW,RW",Attack,1997,,,false,[],[],Netherlands,,Medium,1486,fifa_players_csv,steven_bergwijn_1997
benjamin_lecomte_1991,Benjamin Lecomte,benjamin lecomte b lecomte lecomte,"[""B. Lecomte"",""Benjamin Lecomte"",""Lecomte""]",France,GK,Goalkeeper,1991,,,false,[],[],France,,Medium,1485,fifa_players_csv,benjamin_lecomte_1991
diego_lopez_rodriguez_1981,Diego López Rodríguez,diego lopez rodriguez diego lopez rodriguez,"[""Diego López"",""Diego López Rodríguez"",""Rodríguez""]",Spain,GK,Goalkeeper,1981,,,false,[],[],Spain,,Medium,1485,fifa_players_csv,diego_lopez_rodriguez_1981
fabian_schar_1991,Fabian Schär,fabian schar f schar schar,"[""F. Schär"",""Fabian Schär"",""Schär""]",Switzerland,CB,Defence,1991,,,false,[],[],Switzerland,,Medium,1485,fifa_players_csv,fabian_schar_1991
francisco_alcacer_garcia_1993,Francisco Alcácer García,francisco alcacer garcia paco alcacer garcia,"[""Paco Alcácer"",""Francisco Alcácer García"",""García""]",Spain,ST,Attack,1993,,,false,[],[],Spain,,Medium,1485,fifa_players_csv,francisco_alcacer_garcia_1993
kerem_demirbay_1993,Kerem Demirbay,kerem demirbay k demirbay demirbay,"[""K. Demirbay"",""Kerem Demirbay"",""Demirbay""]",Germany,"CAM,CM",Midfield,1993,,,false,[],[],Germany,,Medium,1485,fifa_players_csv,kerem_demirbay_1993
matteo_politano_1993,Matteo Politano,matteo politano m politano politano,"[""M. Politano"",""Matteo Politano"",""Politano""]",Italy,"RM,LM,ST",Midfield,1993,,,false,[],[],Italy,,Medium,1485,fifa_players_csv,matteo_politano_1993
maximiliano_gomez_1996,Maximiliano Gómez,maximiliano gomez m gomez gomez,"[""M. Gómez"",""Maximiliano Gómez"",""Gómez""]",Uruguay,ST,Attack,1996,,,false,[],[],Uruguay,,Medium,1485,fifa_players_csv,maximiliano_gomez_1996
rafael_alcantara_do_nascimento_1993,Rafael Alcântara do Nascimento,rafael alcantara do nascimento rafinha nascimento,"[""Rafinha"",""Rafael Alcântara do Nascimento"",""Nascimento""]",Brazil,"CAM,CM,RW",Midfield,1993,,,false,[],[],Brazil,,Medium,1485,fifa_players_csv,rafael_alcantara_do_nascimento_1993
theodor_gebre_selassie_1986,Theodor Gebre Selassie,theodor gebre selassie t gebre selassie selassie,"[""T. Gebre Selassie"",""Theodor Gebre Selassie"",""Selassie""]",Czech Republic,"RB,RM",Defence,1986,,,false,[],[],Czech Republic,,Medium,1485,fifa_players_csv,theodor_gebre_selassie_1986
wilfried_zaha_1992,Wilfried Zaha,wilfried zaha w zaha zaha,"[""W. Zaha"",""Wilfried Zaha"",""Zaha""]",Ivory Coast,"CF,LM,RM",Attack,1992,,,false,[],[],Ivory Coast,,Medium,1485,fifa_players_csv,wilfried_zaha_1992
luis_alberto_romero_alconchel_1992,Luis Alberto Romero Alconchel,luis alberto romero alconchel luis alberto alconchel,"[""Luis Alberto"",""Luis Alberto Romero Alconchel"",""Alconchel""]",Spain,"CF,CAM,CM",Attack,1992,,,false,[],[],Spain,,Medium,1484,fifa_players_csv,luis_alberto_romero_alconchel_1992
cedric_bakambu_1991,Cédric Bakambu,cedric bakambu c bakambu bakambu,"[""C. Bakambu"",""Cédric Bakambu"",""Bakambu""]",DR Congo,ST,Attack,1991,,,false,[],[],DR Congo,,Medium,1483,fifa_players_csv,cedric_bakambu_1991
gabriel_armando_de_abreu_1990,Gabriel Armando de Abreu,gabriel armando de abreu gabriel paulista abreu,"[""Gabriel Paulista"",""Gabriel Armando de Abreu"",""Abreu""]",Brazil,CB,Defence,1990,,,false,[],[],Brazil,,Medium,1483,fifa_players_csv,gabriel_armando_de_abreu_1990
nathan_ake_1995,Nathan Aké,nathan ake n ake ake,"[""N. Aké"",""Nathan Aké"",""Aké""]",Netherlands,CB,Defence,1995,,,false,[],[],Netherlands,,Medium,1483,fifa_players_csv,nathan_ake_1995
willian_jose_da_silva_1991,Willian José da Silva,willian jose da silva willian jose silva,"[""Willian José"",""Willian José da Silva"",""Silva""]",Brazil,ST,Attack,1991,,,false,[],[],Brazil,,Medium,1483,fifa_players_csv,willian_jose_da_silva_1991
felipe_alejandro_gutierrez_leiva_1990,Felipe Alejandro Gutiérrez Leiva,felipe alejandro gutierrez leiva f gutierrez leiva,"[""F. Gutiérrez"",""Felipe Alejandro Gutiérrez Leiva"",""Leiva""]",Chile,"CM,CAM,CDM",Midfield,1990,,,false,[],[],Chile,,Medium,1482,fifa_players_csv,felipe_alejandro_gutierrez_leiva_1990
franco_vazquez_1989,Franco Vázquez,franco vazquez f vazquez vazquez,"[""F. Vázquez"",""Franco Vázquez"",""Vázquez""]",Argentina,"CAM,CM,RW,LW",Midfield,1989,,,false,[],[],Argentina,,Medium,1482,fifa_players_csv,franco_vazquez_1989
giuliano_victor_de_paula_1990,Giuliano Victor de Paula,giuliano victor de paula giuliano paula,"[""Giuliano"",""Giuliano Victor de Paula"",""Paula""]",Brazil,"CAM,RW",Midfield,1990,,,false,[],[],Brazil,,Medium,1482,fifa_players_csv,giuliano_victor_de_paula_1990
jonathan_viera_ramos_1989,Jonathan Viera Ramos,jonathan viera ramos jonathan viera ramos,"[""Jonathan Viera"",""Jonathan Viera Ramos"",""Ramos""]",Spain,"CAM,CM",Midfield,1989,,,false,[],[],Spain,,Medium,1482,fifa_players_csv,jonathan_viera_ramos_1989
marlos_romero_bonfim_1988,Marlos Romero Bonfim,marlos romero bonfim marlos bonfim,"[""Marlos"",""Marlos Romero Bonfim"",""Bonfim""]",Ukraine,RM,Midfield,1988,,,false,[],[],Ukraine,,Medium,1482,fifa_players_csv,marlos_romero_bonfim_1988
mathew_leckie_1991,Mathew Leckie,mathew leckie m leckie leckie,"[""M. Leckie"",""Mathew Leckie"",""Leckie""]",Australia,"RM,LM,RW",Midfield,1991,,,false,[],[],Australia,,Medium,1482,fifa_players_csv,mathew_leckie_1991
max_kruse_1988,Max Kruse,max kruse m kruse kruse,"[""M. Kruse"",""Max Kruse"",""Kruse""]",Germany,"CF,ST,CAM",Attack,1988,,,false,[],[],Germany,,Medium,1482,fifa_players_csv,max_kruse_1988
ralf_fahrmann_1988,Ralf Fährmann,ralf fahrmann r fahrmann fahrmann,"[""R. Fährmann"",""Ralf Fährmann"",""Fährmann""]",Germany,GK,Goalkeeper,1988,,,false,[],[],Germany,,Medium,1482,fifa_players_csv,ralf_fahrmann_1988
salif_sane_1990,Salif Sané,salif sane s sane sane,"[""S. Sané"",""Salif Sané"",""Sané""]",Senegal,"CB,CDM",Defence,1990,,,false,[],[],Senegal,,Medium,1482,fifa_players_csv,salif_sane_1990
taison_barcellos_freda_1988,Taison Barcellos Freda,taison barcellos freda taison freda,"[""Taison"",""Taison Barcellos Freda"",""Freda""]",Brazil,"LM,CAM",Midfield,1988,,,false,[],[],Brazil,,Medium,1482,fifa_players_csv,taison_barcellos_freda_1988
wissam_ben_yedder_1990,Wissam Ben Yedder,wissam ben yedder w ben yedder yedder,"[""W. Ben Yedder"",""Wissam Ben Yedder"",""Yedder""]",France,ST,Attack,1990,,,false,[],[],France,,Medium,1482,fifa_players_csv,wissam_ben_yedder_1990
ederzito_antonio_macedo_lopes_1987,Éderzito António Macedo Lopes,ederzito antonio macedo lopes eder lopes,"[""Éder"",""Éderzito António Macedo Lopes"",""Lopes""]",Portugal,ST,Attack,1987,,,false,[],[],Portugal,,Medium,1480,fifa_players_csv,ederzito_antonio_macedo_lopes_1987
jasmin_kurtic_1989,Jasmin Kurtić,jasmin kurtic j kurtic kurtic,"[""J. Kurtić"",""Jasmin Kurtić"",""Kurtić""]",Slovenia,"CM,CAM,CF",Midfield,1989,,,false,[],[],Slovenia,,Medium,1480,fifa_players_csv,jasmin_kurtic_1989
jefferson_antonio_montero_vite_1989,Jefferson Antonio Montero Vite,jefferson antonio montero vite j montero vite,"[""J. Montero"",""Jefferson Antonio Montero Vite"",""Vite""]",Ecuador,"LM,LW",Midfield,1989,,,false,[],[],Ecuador,,Medium,1480,fifa_players_csv,jefferson_antonio_montero_vite_1989
lukas_podolski_1985,Lukas Podolski,lukas podolski l podolski podolski,"[""L. Podolski"",""Lukas Podolski"",""Podolski""]",Germany,"CAM,ST",Midfield,1985,,,false,[],[],Germany,,Medium,1478,fifa_players_csv,lukas_podolski_1985
trent_alexander_arnold_1998,Trent Alexander-Arnold,trent alexander arnold t alexander arnold alexander arnold,"[""T. Alexander-Arnold"",""Trent Alexander-Arnold"",""Alexander-Arnold""]",England,RB,Defence,1998,,,false,[],[],England,,Medium,1478,fifa_players_csv,trent_alexander_arnold_1998
andreas_evald_cornelius_1993,Andreas Evald Cornelius,andreas evald cornelius a cornelius cornelius,"[""A. Cornelius"",""Andreas Evald Cornelius"",""Cornelius""]",Denmark,ST,Attack,1993,,,false,[],[],Denmark,,Medium,1477,fifa_players_csv,andreas_evald_cornelius_1993
german_alejandro_pezzella_1991,Germán Alejandro Pezzella,german alejandro pezzella g pezzella pezzella,"[""G. Pezzella"",""Germán Alejandro Pezzella"",""Pezzella""]",Argentina,CB,Defence,1991,,,false,[],[],Argentina,,Medium,1477,fifa_players_csv,german_alejandro_pezzella_1991
juan_everton_mestres_de_mesquita_1984,Juan Everton Mestres de Mesquita,juan everton mestres de mesquita juiano mestres mesquita,"[""Juiano Mestres"",""Juan Everton Mestres de Mesquita"",""Mesquita""]",Brazil,"CB,CDM",Defence,1984,,,false,[],[],Brazil,,Medium,1477,fifa_players_csv,juan_everton_mestres_de_mesquita_1984
andrea_consigli_1987,Andrea Consigli,andrea consigli a consigli consigli,"[""A. Consigli"",""Andrea Consigli"",""Consigli""]",Italy,GK,Goalkeeper,1987,,,false,[],[],Italy,,Medium,1476,fifa_players_csv,andrea_consigli_1987
antonio_adan_garrido_1987,Antonio Adán Garrido,antonio adan garrido adan garrido,"[""Adán"",""Antonio Adán Garrido"",""Garrido""]",Spain,GK,Goalkeeper,1987,,,false,[],[],Spain,,Medium,1476,fifa_players_csv,antonio_adan_garrido_1987
benjamin_mendy_1994,Benjamin Mendy,benjamin mendy b mendy mendy,"[""B. Mendy"",""Benjamin Mendy"",""Mendy""]",France,LB,Defence,1994,,,false,[],[],France,,Medium,1476,fifa_players_csv,benjamin_mendy_1994
christian_benteke_liolo_1990,Christian Benteke Liolo,christian benteke liolo c benteke liolo,"[""C. Benteke"",""Christian Benteke Liolo"",""Liolo""]",Belgium,ST,Attack,1990,,,false,[],[],Belgium,,Medium,1476,fifa_players_csv,christian_benteke_liolo_1990
gabriel_alejandro_paletta_1986,Gabriel Alejandro Paletta,gabriel alejandro paletta g paletta paletta,"[""G. Paletta"",""Gabriel Alejandro Paletta"",""Paletta""]",Italy,CB,Defence,1986,,,false,[],[],Italy,,Medium,1476,fifa_players_csv,gabriel_alejandro_paletta_1986
harry_winks_1996,Harry Winks,harry winks h winks winks,"[""H. Winks"",""Harry Winks"",""Winks""]",England,"CM,CDM",Midfield,1996,,,false,[],[],England,,Medium,1476,fifa_players_csv,harry_winks_1996
lautaro_martinez_1997,Lautaro Martínez,lautaro martinez l martinez martinez,"[""L. Martínez"",""Lautaro Martínez"",""Martínez""]",Argentina,ST,Attack,1997,,,false,[],[],Argentina,,Medium,1476,fifa_players_csv,lautaro_martinez_1997
mathew_ryan_1992,Mathew Ryan,mathew ryan m ryan ryan,"[""M. Ryan"",""Mathew Ryan"",""Ryan""]",Australia,GK,Goalkeeper,1992,,,false,[],[],Australia,,Medium,1476,fifa_players_csv,mathew_ryan_1992
nahuel_ignacio_guzman_1986,Nahuel Ignacio Guzmán,nahuel ignacio guzman n guzman guzman,"[""N. Guzmán"",""Nahuel Ignacio Guzmán"",""Guzmán""]",Argentina,GK,Goalkeeper,1986,,,false,[],[],Argentina,,Medium,1476,fifa_players_csv,nahuel_ignacio_guzman_1986
nelson_cabral_semedo_1993,Nélson Cabral Semedo,nelson cabral semedo nelson semedo semedo,"[""Nélson Semedo"",""Nélson Cabral Semedo"",""Semedo""]",Portugal,RB,Defence,1993,,,false,[],[],Portugal,,Medium,1476,fifa_players_csv,nelson_cabral_semedo_1993
tiemoue_bakayoko_1994,Tiémoué Bakayoko,tiemoue bakayoko t bakayoko bakayoko,"[""T. Bakayoko"",""Tiémoué Bakayoko"",""Bakayoko""]",France,"CDM,CM",Midfield,1994,,,false,[],[],France,,Medium,1476,fifa_players_csv,tiemoue_bakayoko_1994
abdoulaye_doucoure_1993,Abdoulaye Doucouré,abdoulaye doucoure a doucoure doucoure,"[""A. Doucouré"",""Abdoulaye Doucouré"",""Doucouré""]",France,"CDM,CM",Midfield,1993,,,false,[],[],France,,Medium,1475,fifa_players_csv,abdoulaye_doucoure_1993
adnan_januzaj_1995,Adnan Januzaj,adnan januzaj a januzaj januzaj,"[""A. Januzaj"",""Adnan Januzaj"",""Januzaj""]",Belgium,"RW,RM",Attack,1995,,,false,[],[],Belgium,,Medium,1475,fifa_players_csv,adnan_januzaj_1995
gael_clichy_1985,Gaël Clichy,gael clichy g clichy clichy,"[""G. Clichy"",""Gaël Clichy"",""Clichy""]",France,LB,Defence,1985,,,false,[],[],France,,Medium,1475,fifa_players_csv,gael_clichy_1985
islam_slimani_1988,Islam Slimani,islam slimani i slimani slimani,"[""I. Slimani"",""Islam Slimani"",""Slimani""]",Algeria,ST,Attack,1988,,,false,[],[],Algeria,,Medium,1475,fifa_players_csv,islam_slimani_1988
samuel_castillejo_azuaga_1995,Samuel Castillejo Azuaga,samuel castillejo azuaga samu castillejo azuaga,"[""Samu Castillejo"",""Samuel Castillejo Azuaga"",""Azuaga""]",Spain,"RM,LM,CM",Midfield,1995,,,false,[],[],Spain,,Medium,1475,fifa_players_csv,samuel_castillejo_azuaga_1995
seydou_doumbia_1987,Seydou Doumbia,seydou doumbia s doumbia doumbia,"[""S. Doumbia"",""Seydou Doumbia"",""Doumbia""]",Ivory Coast,ST,Attack,1987,,,false,[],[],Ivory Coast,,Medium,1475,fifa_players_csv,seydou_doumbia_1987
emiliano_viviano_1985,Emiliano Viviano,emiliano viviano e viviano viviano,"[""E. Viviano"",""Emiliano Viviano"",""Viviano""]",Italy,GK,Goalkeeper,1985,,,false,[],[],Italy,,Medium,1474,fifa_players_csv,emiliano_viviano_1985
geoffrey_kondogbia_1993,Geoffrey Kondogbia,geoffrey kondogbia g kondogbia kondogbia,"[""G. Kondogbia"",""Geoffrey Kondogbia"",""Kondogbia""]",Central African Rep.,"CM,CDM",Midfield,1993,,,false,[],[],Central African Rep.,,Medium,1474,fifa_players_csv,geoffrey_kondogbia_1993
jardel_nivaldo_vieira_1986,Jardel Nivaldo Vieira,jardel nivaldo vieira jardel vieira,"[""Jardel"",""Jardel Nivaldo Vieira"",""Vieira""]",Brazil,CB,Defence,1986,,,false,[],[],Brazil,,Medium,1474,fifa_players_csv,jardel_nivaldo_vieira_1986
klaas_jan_huntelaar_1983,Klaas-Jan Huntelaar,klaas jan huntelaar k huntelaar huntelaar,"[""K. Huntelaar"",""Klaas-Jan Huntelaar"",""Huntelaar""]",Netherlands,ST,Attack,1983,,,false,[],[],Netherlands,,Medium,1474,fifa_players_csv,klaas_jan_huntelaar_1983
marcelo_brozovic_1992,Marcelo Brozović,marcelo brozovic m brozovic brozovic,"[""M. Brozović"",""Marcelo Brozović"",""Brozović""]",Croatia,"CDM,CM",Midfield,1992,,,false,[],[],Croatia,,Medium,1474,fifa_players_csv,marcelo_brozovic_1992
matias_ariel_fernandez_fernandez_1986,Matías Ariel Fernández Fernández,matias ariel fernandez fernandez m fernandez fernandez,"[""M. Fernández"",""Matías Ariel Fernández Fernández"",""Fernández""]",Chile,"CM,CAM",Midfield,1986,,,false,[],[],Junior FC,,Medium,1474,fifa_players_csv,matias_ariel_fernandez_fernandez_1986
matija_nastasic_1993,Matija Nastasić,matija nastasic m nastasic nastasic,"[""M. Nastasić"",""Matija Nastasić"",""Nastasić""]",Serbia,CB,Defence,1993,,,false,[],[],Serbia,,Medium,1474,fifa_players_csv,matija_nastasic_1993
alassane_plea_1993,Alassane Plea,alassane plea a plea plea,"[""A. Plea"",""Alassane Plea"",""Plea""]",France,"ST,LW",Attack,1993,,,false,[],[],France,,Medium,1473,fifa_players_csv,alassane_plea_1993
carlos_alberto_tevez_1984,Carlos Alberto Tevez,carlos alberto tevez c tevez tevez,"[""C. Tévez"",""Carlos Alberto Tevez"",""Tevez""]",Argentina,"CAM,ST",Midfield,1984,,,false,[],[],Argentina,,Medium,1473,fifa_players_csv,carlos_alberto_tevez_1984
jackson_martinez_1986,Jackson Martínez,jackson martinez j martinez martinez,"[""J. Martínez"",""Jackson Martínez"",""Martínez""]",Colombia,ST,Attack,1986,,,false,[],[],Colombia,,Medium,1473,fifa_players_csv,jackson_martinez_1986
jerome_roussillon_1993,Jérôme Roussillon,jerome roussillon j roussillon roussillon,"[""J. Roussillon"",""Jérôme Roussillon"",""Roussillon""]",France,"LB,LWB,LM",Defence,1993,,,false,[],[],France,,Medium,1473,fifa_players_csv,jerome_roussillon_1993
kevin_volland_1992,Kevin Volland,kevin volland k volland volland,"[""K. Volland"",""Kevin Volland"",""Volland""]",Germany,"ST,RW,LW",Attack,1992,,,false,[],[],Germany,,Medium,1473,fifa_players_csv,kevin_volland_1992
mauricio_anibal_isla_isla_1988,Mauricio Aníbal Isla Isla,mauricio anibal isla isla m isla isla,"[""M. Isla"",""Mauricio Aníbal Isla Isla"",""Isla""]",Chile,"RB,CM",Defence,1988,,,false,[],[],Chile,,Medium,1473,fifa_players_csv,mauricio_anibal_isla_isla_1988
iker_muniain_goni_1992,Iker Muniain Goñi,iker muniain goni muniain goni,"[""Muniain"",""Iker Muniain Goñi"",""Goñi""]",Spain,"CAM,LW",Midfield,1992,,,false,[],[],Spain,,Medium,1472,fifa_players_csv,iker_muniain_goni_1992
kevin_vogt_1991,Kevin Vogt,kevin vogt k vogt vogt,"[""K. Vogt"",""Kevin Vogt"",""Vogt""]",Germany,CB,Defence,1991,,,false,[],[],Germany,,Medium,1472,fifa_players_csv,kevin_vogt_1991
moussa_marega_1991,Moussa Marega,moussa marega m marega marega,"[""M. Marega"",""Moussa Marega"",""Marega""]",Mali,"ST,RM",Attack,1991,,,false,[],[],Mali,,Medium,1472,fifa_players_csv,moussa_marega_1991
roman_zobnin_1994,Roman Zobnin,roman zobnin r zobnin zobnin,"[""R. Zobnin"",""Roman Zobnin"",""Zobnin""]",Russia,"CDM,CM,LM",Midfield,1994,,,false,[],[],Russia,,Medium,1472,fifa_players_csv,roman_zobnin_1994
simone_zaza_1991,Simone Zaza,simone zaza s zaza zaza,"[""S. Zaza"",""Simone Zaza"",""Zaza""]",Italy,ST,Attack,1991,,,false,[],[],Italy,,Medium,1472,fifa_players_csv,simone_zaza_1991
arda_turan_1987,Arda Turan,arda turan a turan turan,"[""A. Turan"",""Arda Turan"",""Turan""]",Turkey,"CM,RM,LM",Midfield,1987,,,false,[],[],Turkey,,Medium,1471,fifa_players_csv,arda_turan_1987
christoph_kramer_1991,Christoph Kramer,christoph kramer c kramer kramer,"[""C. Kramer"",""Christoph Kramer"",""Kramer""]",Germany,"CDM,CM",Midfield,1991,,,false,[],[],Germany,,Medium,1471,fifa_players_csv,christoph_kramer_1991
eduardo_antonio_salvio_1990,Eduardo Antonio Salvio,eduardo antonio salvio e salvio salvio,"[""E. Salvio"",""Eduardo Antonio Salvio"",""Salvio""]",Argentina,RW,Attack,1990,,,false,[],[],Argentina,,Medium,1471,fifa_players_csv,eduardo_antonio_salvio_1990
kevin_wimmer_1992,Kevin Wimmer,kevin wimmer k wimmer wimmer,"[""K. Wimmer"",""Kevin Wimmer"",""Wimmer""]",Austria,CB,Defence,1992,,,false,[],[],Austria,,Medium,1471,fifa_players_csv,kevin_wimmer_1992
lars_stindl_1988,Lars Stindl,lars stindl l stindl stindl,"[""L. Stindl"",""Lars Stindl"",""Stindl""]",Germany,CF,Attack,1988,,,false,[],[],Germany,,Medium,1471,fifa_players_csv,lars_stindl_1988
ruben_alves_dias_1997,Rúben Alves Dias,ruben alves dias ruben dias dias,"[""Rúben Dias"",""Rúben Alves Dias"",""Dias""]",Portugal,CB,Defence,1997,,,false,[],[],SL Benfica,,Medium,1471,fifa_players_csv,ruben_alves_dias_1997
simone_verdi_1992,Simone Verdi,simone verdi s verdi verdi,"[""S. Verdi"",""Simone Verdi"",""Verdi""]",Italy,"RW,CAM",Attack,1992,,,false,[],[],Italy,,Medium,1471,fifa_players_csv,simone_verdi_1992
tomas_vaclik_1989,Tomáš Vaclík,tomas vaclik t vaclik vaclik,"[""T. Vaclík"",""Tomáš Vaclík"",""Vaclík""]",Czech Republic,GK,Goalkeeper,1989,,,false,[],[],Czech Republic,,Medium,1471,fifa_players_csv,tomas_vaclik_1989
victor_machin_perez_1989,Víctor Machín Pérez,victor machin perez vitolo perez,"[""Vitolo"",""Víctor Machín Pérez"",""Pérez""]",Spain,"LM,RM",Midfield,1989,,,false,[],[],Spain,,Medium,1471,fifa_players_csv,victor_machin_perez_1989
benjamin_pavard_1996,Benjamin Pavard,benjamin pavard b pavard pavard,"[""B. Pavard"",""Benjamin Pavard"",""Pavard""]",France,"CB,RB",Defence,1996,,,false,[],[],France,,Medium,1470,fifa_players_csv,benjamin_pavard_1996
benjamin_verbic_1993,Benjamin Verbič,benjamin verbic b verbic verbic,"[""B. Verbič"",""Benjamin Verbič"",""Verbič""]",Slovenia,"LM,RM",Midfield,1993,,,false,[],[],Slovenia,,Medium,1470,fifa_players_csv,benjamin_verbic_1993
daniel_garcia_carrillo_1990,Daniel García Carrillo,daniel garcia carrillo dani garcia carrillo,"[""Dani García"",""Daniel García Carrillo"",""Carrillo""]",Spain,"CDM,CM",Midfield,1990,,,false,[],[],Spain,,Medium,1470,fifa_players_csv,daniel_garcia_carrillo_1990
dejan_lovren_1989,Dejan Lovren,dejan lovren d lovren lovren,"[""D. Lovren"",""Dejan Lovren"",""Lovren""]",Croatia,CB,Defence,1989,,,false,[],[],Croatia,,Medium,1470,fifa_players_csv,dejan_lovren_1989
edwin_andres_cardona_bedoya_1992,Edwin Andrés Cardona Bedoya,edwin andres cardona bedoya e cardona bedoya,"[""E. Cardona"",""Edwin Andrés Cardona Bedoya"",""Bedoya""]",Colombia,"LW,CAM,LM,CM",Attack,1992,,,false,[],[],Pachuca,,Medium,1470,fifa_players_csv,edwin_andres_cardona_bedoya_1992
enzo_pablo_roco_roco_1992,Enzo Pablo Roco Roco,enzo pablo roco roco e roco roco,"[""E. Roco"",""Enzo Pablo Roco Roco"",""Roco""]",Chile,CB,Defence,1992,,,false,[],[],Chile,,Medium,1470,fifa_players_csv,enzo_pablo_roco_roco_1992
renato_soares_de_oliveira_augusto_1988,Renato  Soares de Oliveira Augusto,renato soares de oliveira augusto renato augusto augusto,"[""Renato Augusto"",""Renato Soares de Oliveira Augusto"",""Augusto""]",Brazil,"CM,CAM,CDM,LM",Midfield,1988,,,false,[],[],Brazil,,Medium,1470,fifa_players_csv,renato_soares_de_oliveira_augusto_1988
robert_beric_1991,Robert Berić,robert beric r beric beric,"[""R. Berić"",""Robert Berić"",""Berić""]",Slovenia,ST,Attack,1991,,,false,[],[],Slovenia,,Medium,1470,fifa_players_csv,robert_beric_1991
rodrigo_bentancur_colman_1997,Rodrigo Bentancur Colmán,rodrigo bentancur colman r bentancur colman,"[""R. Bentancur"",""Rodrigo Bentancur Colmán"",""Colmán""]",Uruguay,CM,Midfield,1997,,,false,[],[],Uruguay,,Medium,1470,fifa_players_csv,rodrigo_bentancur_colman_1997
lisandro_lopez_1989,Lisandro López,lisandro lopez l lopez lopez,"[""L. López"",""Lisandro López"",""López""]",Argentina,CB,Defence,1989,,,false,[],[],Argentina,,Medium,1469,fifa_players_csv,lisandro_lopez_1989
claudio_andres_bravo_munoz_1983,Claudio Andrés Bravo Muñoz,claudio andres bravo munoz c bravo munoz,"[""C. Bravo"",""Claudio Andrés Bravo Muñoz"",""Muñoz""]",Chile,GK,Goalkeeper,1983,,,false,[],[],Chile,,Medium,1468,fifa_players_csv,claudio_andres_bravo_munoz_1983
fabio_quagliarella_1983,Fabio Quagliarella,fabio quagliarella f quagliarella quagliarella,"[""F. Quagliarella"",""Fabio Quagliarella"",""Quagliarella""]",Italy,ST,Attack,1983,,,false,[],[],Italy,,Medium,1468,fifa_players_csv,fabio_quagliarella_1983
hans_vanaken_1992,Hans Vanaken,hans vanaken h vanaken vanaken,"[""H. Vanaken"",""Hans Vanaken"",""Vanaken""]",Belgium,"CAM,CF",Midfield,1992,,,false,[],[],Belgium,,Medium,1468,fifa_players_csv,hans_vanaken_1992
wayne_hennessey_1987,Wayne  Hennessey,wayne hennessey w hennessey hennessey,"[""W. Hennessey"",""Wayne Hennessey"",""Hennessey""]",Wales,GK,Goalkeeper,1987,,,false,[],[],Wales,,Medium,1468,fifa_players_csv,wayne_hennessey_1987
jefferson_andres_lerma_solis_1994,Jefferson Andrés Lerma Solís,jefferson andres lerma solis j lerma solis,"[""J. Lerma"",""Jefferson Andrés Lerma Solís"",""Solís""]",Colombia,"CDM,CM",Midfield,1994,,,false,[],[],Colombia,,Medium,1467,fifa_players_csv,jefferson_andres_lerma_solis_1994
sime_vrsaljko_1992,Šime Vrsaljko,sime vrsaljko s vrsaljko vrsaljko,"[""S. Vrsaljko"",""Šime Vrsaljko"",""Vrsaljko""]",Croatia,RB,Defence,1992,,,false,[],[],Croatia,,Medium,1467,fifa_players_csv,sime_vrsaljko_1992
welington_kaue_dano_nascimento_1988,Welington Kauê Dano Nascimento,welington kaue dano nascimento welington dano nascimento,"[""Welington Dano"",""Welington Kauê Dano Nascimento"",""Nascimento""]",Brazil,"LB,LM",Defence,1988,,,false,[],[],Brazil,,Medium,1467,fifa_players_csv,welington_kaue_dano_nascimento_1988
faouzi_ghoulam_1991,Faouzi Ghoulam,faouzi ghoulam f ghoulam ghoulam,"[""F. Ghoulam"",""Faouzi Ghoulam"",""Ghoulam""]",Algeria,LB,Defence,1991,,,false,[],[],Algeria,,Medium,1466,fifa_players_csv,faouzi_ghoulam_1991
inaki_williams_arthuer_1994,Iñaki Williams Arthuer,inaki williams arthuer williams arthuer,"[""Williams"",""Iñaki Williams Arthuer"",""Arthuer""]",Spain,"ST,RW",Attack,1994,,,false,[],[],Spain,,Medium,1466,fifa_players_csv,inaki_williams_arthuer_1994
jurgen_damm_1992,Jürgen Damm,jurgen damm j damm damm,"[""J. Damm"",""Jürgen Damm"",""Damm""]",Mexico,RM,Midfield,1992,,,false,[],[],Mexico,,Medium,1466,fifa_players_csv,jurgen_damm_1992
kevin_trapp_1990,Kevin Trapp,kevin trapp k trapp trapp,"[""K. Trapp"",""Kevin Trapp"",""Trapp""]",Germany,GK,Goalkeeper,1990,,,false,[],[],Germany,,Medium,1466,fifa_players_csv,kevin_trapp_1990
mattia_caldara_1994,Mattia Caldara,mattia caldara m caldara caldara,"[""M. Caldara"",""Mattia Caldara"",""Caldara""]",Italy,CB,Defence,1994,,,false,[],[],Italy,,Medium,1466,fifa_players_csv,mattia_caldara_1994
alex_oxlade_chamberlain_1993,Alex Oxlade-Chamberlain,alex oxlade chamberlain a oxlade chamberlain oxlade chamberlain,"[""A. Oxlade-Chamberlain"",""Alex Oxlade-Chamberlain"",""Oxlade-Chamberlain""]",England,"CM,RM",Midfield,1993,,,false,[],[],England,,Medium,1465,fifa_players_csv,alex_oxlade_chamberlain_1993
cengiz_under_1997,Cengiz Ünder,cengiz under c under under,"[""C. Ünder"",""Cengiz Ünder"",""Ünder""]",Turkey,"RW,LW",Attack,1997,,,false,[],[],Turkey,,Medium,1465,fifa_players_csv,cengiz_under_1997
david_junior_hoilett_1990,David Junior Hoilett,david junior hoilett j hoilett hoilett,"[""J. Hoilett"",""David Junior Hoilett"",""Hoilett""]",Canada,"LW,LM,RM",Attack,1990,,,false,[],[],Canada,,Medium,1465,fifa_players_csv,david_junior_hoilett_1990
james_philip_milner_1986,James Philip Milner,james philip milner j milner milner,"[""J. Milner"",""James Philip Milner"",""Milner""]",England,"CM,LB",Midfield,1986,,,false,[],[],England,,Medium,1465,fifa_players_csv,james_philip_milner_1986
jesus_navas_gonzalez_1985,Jesús Navas González,jesus navas gonzalez jesus navas gonzalez,"[""Jesús Navas"",""Jesús Navas González"",""González""]",Spain,"RM,RB",Midfield,1985,,,false,[],[],Spain,,Medium,1465,fifa_players_csv,jesus_navas_gonzalez_1985
jimmy_durmaz_1989,Jimmy Durmaz,jimmy durmaz j durmaz durmaz,"[""J. Durmaz"",""Jimmy Durmaz"",""Durmaz""]",Sweden,"CAM,LW,RW",Midfield,1989,,,false,[],[],Sweden,,Medium,1465,fifa_players_csv,jimmy_durmaz_1989
keita_balde_1995,Keita Baldé,keita balde k balde balde,"[""K. Baldé"",""Keita Baldé"",""Baldé""]",Senegal,"RM,ST,LM",Midfield,1995,,,false,[],[],Senegal,,Medium,1465,fifa_players_csv,keita_balde_1995
ljubomir_fejsa_1988,Ljubomir Fejsa,ljubomir fejsa l fejsa fejsa,"[""L. Fejsa"",""Ljubomir Fejsa"",""Fejsa""]",Serbia,CDM,Midfield,1988,,,false,[],[],Serbia,,Medium,1465,fifa_players_csv,ljubomir_fejsa_1988
mahmoud_dahoud_1996,Mahmoud Dahoud,mahmoud dahoud m dahoud dahoud,"[""M. Dahoud"",""Mahmoud Dahoud"",""Dahoud""]",Germany,"CM,CDM",Midfield,1996,,,false,[],[],Germany,,Medium,1465,fifa_players_csv,mahmoud_dahoud_1996
marco_parolo_1985,Marco Parolo,marco parolo m parolo parolo,"[""M. Parolo"",""Marco Parolo"",""Parolo""]",Italy,"CDM,CM",Midfield,1985,,,false,[],[],Italy,,Medium,1465,fifa_players_csv,marco_parolo_1985
marcos_paulo_mesquita_lopes_1995,Marcos Paulo Mesquita Lopes,marcos paulo mesquita lopes rony lopes lopes,"[""Rony Lopes"",""Marcos Paulo Mesquita Lopes"",""Lopes""]",Portugal,"LM,RM,CF",Midfield,1995,,,false,[],[],Portugal,,Medium,1465,fifa_players_csv,marcos_paulo_mesquita_lopes_1995
morgan_sanson_1994,Morgan Sanson,morgan sanson m sanson sanson,"[""M. Sanson"",""Morgan Sanson"",""Sanson""]",France,"CM,CDM,CAM",Midfield,1994,,,false,[],[],France,,Medium,1465,fifa_players_csv,morgan_sanson_1994
sven_bender_1989,Sven Bender,sven bender s bender bender,"[""S. Bender"",""Sven Bender"",""Bender""]",Germany,"CB,CDM",Defence,1989,,,false,[],[],Germany,,Medium,1465,fifa_players_csv,sven_bender_1989
elseid_hysaj_1994,Elseid Hysaj,elseid hysaj e hysaj hysaj,"[""E. Hysaj"",""Elseid Hysaj"",""Hysaj""]",Albania,RB,Defence,1994,,,false,[],[],Albania,,Medium,1464,fifa_players_csv,elseid_hysaj_1994
fernando_javier_llorente_torres_1985,Fernando Javier Llorente Torres,fernando javier llorente torres llorente torres,"[""Llorente"",""Fernando Javier Llorente Torres"",""Torres""]",Spain,ST,Attack,1985,,,false,[],[],Spain,,Medium,1464,fifa_players_csv,fernando_javier_llorente_torres_1985
luke_shaw_1995,Luke Shaw,luke shaw l shaw shaw,"[""L. Shaw"",""Luke Shaw"",""Shaw""]",England,LB,Defence,1995,,,false,[],[],England,,Medium,1464,fifa_players_csv,luke_shaw_1995
roberto_soldado_rillo_1985,Roberto Soldado Rillo,roberto soldado rillo soldado rillo,"[""Soldado"",""Roberto Soldado Rillo"",""Rillo""]",Spain,ST,Attack,1985,,,false,[],[],Spain,,Medium,1464,fifa_players_csv,roberto_soldado_rillo_1985
franco_armani_1986,Franco Armani,franco armani f armani armani,"[""F. Armani"",""Franco Armani"",""Armani""]",Argentina,GK,Goalkeeper,1986,,,false,[],[],River Plate,,Medium,1463,fifa_players_csv,franco_armani_1986
joe_gomez_1997,Joe Gomez,joe gomez j gomez gomez,"[""J. Gomez"",""Joe Gomez"",""Gomez""]",England,"CB,RB",Defence,1997,,,false,[],[],England,,Medium,1463,fifa_players_csv,joe_gomez_1997
manuel_lanzini_1993,Manuel Lanzini,manuel lanzini m lanzini lanzini,"[""M. Lanzini"",""Manuel Lanzini"",""Lanzini""]",Argentina,"CAM,CM,LM",Midfield,1993,,,false,[],[],Argentina,,Medium,1463,fifa_players_csv,manuel_lanzini_1993
johann_berg_gu_munds_son_1990,Johann  Berg Guðmunds­son,johann berg gu munds son j gu mundsson gu munds son,"[""J. Guðmundsson"",""Johann Berg Guðmunds­son"",""Guðmunds­son""]",Iceland,"RM,LM",Midfield,1990,,,false,[],[],Iceland,,Medium,1462,fifa_players_csv,johann_berg_gu_munds_son_1990
antonio_sanabria_1996,Antonio Sanabria,antonio sanabria a sanabria sanabria,"[""A. Sanabria"",""Antonio Sanabria"",""Sanabria""]",Paraguay,ST,Attack,1996,,,false,[],[],Paraguay,,Medium,1461,fifa_players_csv,antonio_sanabria_1996
bernard_anicio_caldeira_duarte_1992,Bernard  Anício Caldeira Duarte,bernard anicio caldeira duarte bernard duarte,"[""Bernard"",""Bernard Anício Caldeira Duarte"",""Duarte""]",Brazil,"LM,LW",Midfield,1992,,,false,[],[],Brazil,,Medium,1461,fifa_players_csv,bernard_anicio_caldeira_duarte_1992
jadon_sancho_2000,Jadon Sancho,jadon sancho j sancho sancho,"[""J. Sancho"",""Jadon Sancho"",""Sancho""]",England,"RM,LM",Midfield,2000,,,false,[],[],England,,Medium,1461,fifa_players_csv,jadon_sancho_2000
giovani_dos_santos_ramirez_1989,Giovani dos Santos Ramírez,giovani dos santos ramirez g dos santos ramirez,"[""G. dos Santos"",""Giovani dos Santos Ramírez"",""Ramírez""]",Mexico,"CF,CAM,ST",Attack,1989,,,false,[],[],Mexico,,Medium,1460,fifa_players_csv,giovani_dos_santos_ramirez_1989
jean_michael_seri_1991,Jean Michaël Seri,jean michael seri j seri seri,"[""J. Seri"",""Jean Michaël Seri"",""Seri""]",Ivory Coast,CM,Midfield,1991,,,false,[],[],Ivory Coast,,Medium,1460,fifa_players_csv,jean_michael_seri_1991
luan_vagner_boas_macedo_1988,Luan Vágner Boas Macedo,luan vagner boas macedo luimo boas santos macedo,"[""Luimo Boas Santos"",""Luan Vágner Boas Macedo"",""Macedo""]",Brazil,ST,Attack,1988,,,false,[],[],Brazil,,Medium,1460,fifa_players_csv,luan_vagner_boas_macedo_1988
manuel_trigueros_munoz_1991,Manuel Trigueros Muñoz,manuel trigueros munoz manu trigueros munoz,"[""Manu Trigueros"",""Manuel Trigueros Muñoz"",""Muñoz""]",Spain,"CM,CDM",Midfield,1991,,,false,[],[],Spain,,Medium,1460,fifa_players_csv,manuel_trigueros_munoz_1991
nick_pope_1992,Nick Pope,nick pope n pope pope,"[""N. Pope"",""Nick Pope"",""Pope""]",England,GK,Goalkeeper,1992,,,false,[],[],England,,Medium,1460,fifa_players_csv,nick_pope_1992
atiba_hutchinson_1983,Atiba Hutchinson,atiba hutchinson a hutchinson hutchinson,"[""A. Hutchinson"",""Atiba Hutchinson"",""Hutchinson""]",Canada,"CDM,CM",Midfield,1983,,,false,[],[],Canada,,Medium,1459,fifa_players_csv,atiba_hutchinson_1983
eugenio_mena_1988,Eugenio Mena,eugenio mena e mena mena,"[""E. Mena"",""Eugenio Mena"",""Mena""]",Chile,LB,Defence,1988,,,false,[],[],Racing Club,,Medium,1459,fifa_players_csv,eugenio_mena_1988
jakub_b_aszczykowski_1985,Jakub Błaszczykowski,jakub b aszczykowski j b aszczykowski b aszczykowski,"[""J. Błaszczykowski"",""Jakub Błaszczykowski"",""Błaszczykowski""]",Poland,"RM,RB,RW",Midfield,1985,,,false,[],[],Poland,,Medium,1459,fifa_players_csv,jakub_b_aszczykowski_1985
roberto_rosales_1988,Roberto Rosales,roberto rosales r rosales rosales,"[""R. Rosales"",""Roberto Rosales"",""Rosales""]",Venezuela,"RB,RWB,RM",Defence,1988,,,false,[],[],Venezuela,,Medium,1459,fifa_players_csv,roberto_rosales_1988
alexandr_golovin_1996,Alexandr Golovin,alexandr golovin a golovin golovin,"[""A. Golovin"",""Alexandr Golovin"",""Golovin""]",Russia,"CM,CAM,CF",Midfield,1996,,,false,[],[],Russia,,Medium,1458,fifa_players_csv,alexandr_golovin_1996
cristian_tello_herrera_1991,Cristian Tello Herrera,cristian tello herrera cristian tello herrera,"[""Cristian Tello"",""Cristian Tello Herrera"",""Herrera""]",Spain,"LM,RM",Midfield,1991,,,false,[],[],Spain,,Medium,1458,fifa_players_csv,cristian_tello_herrera_1991
joel_andre_job_matip_1991,Joël Andre Job Matip,joel andre job matip j matip matip,"[""J. Matip"",""Joël Andre Job Matip"",""Matip""]",Cameroon,CB,Defence,1991,,,false,[],[],Cameroon,,Medium,1458,fifa_players_csv,joel_andre_job_matip_1991
maximiliano_pereira_1984,Maximiliano Pereira,maximiliano pereira m pereira pereira,"[""M. Pereira"",""Maximiliano Pereira"",""Pereira""]",Uruguay,RB,Defence,1984,,,false,[],[],Uruguay,,Medium,1458,fifa_players_csv,maximiliano_pereira_1984
pione_sisto_ifolo_emirmija_1995,Pione Sisto Ifolo Emirmija,pione sisto ifolo emirmija p sisto emirmija,"[""P. Sisto"",""Pione Sisto Ifolo Emirmija"",""Emirmija""]",Denmark,"LW,LM",Attack,1995,,,false,[],[],Denmark,,Medium,1458,fifa_players_csv,pione_sisto_ifolo_emirmija_1995
ben_chilwell_1996,Ben Chilwell,ben chilwell b chilwell chilwell,"[""B. Chilwell"",""Ben Chilwell"",""Chilwell""]",England,LB,Defence,1996,,,false,[],[],England,,Medium,1457,fifa_players_csv,ben_chilwell_1996
mohamed_elyounoussi_1994,Mohamed Elyounoussi,mohamed elyounoussi m elyounoussi elyounoussi,"[""M. Elyounoussi"",""Mohamed Elyounoussi"",""Elyounoussi""]",Norway,"LM,CAM,RM",Midfield,1994,,,false,[],[],Norway,,Medium,1457,fifa_players_csv,mohamed_elyounoussi_1994
sergio_enrich_ametller_1990,Sergio Enrich Ametller,sergio enrich ametller sergi enrich ametller,"[""Sergi Enrich"",""Sergio Enrich Ametller"",""Ametller""]",Spain,ST,Attack,1990,,,false,[],[],Spain,,Medium,1457,fifa_players_csv,sergio_enrich_ametller_1990
allan_saint_maximin_1997,Allan Saint-Maximin,allan saint maximin a saint maximin saint maximin,"[""A. Saint-Maximin"",""Allan Saint-Maximin"",""Saint-Maximin""]",France,"RW,LW,ST",Attack,1997,,,false,[],[],France,,Medium,1456,fifa_players_csv,allan_saint_maximin_1997
daniel_didavi_1990,Daniel Didavi,daniel didavi d didavi didavi,"[""D. Didavi"",""Daniel Didavi"",""Didavi""]",Germany,"CAM,CM",Midfield,1990,,,false,[],[],Germany,,Medium,1456,fifa_players_csv,daniel_didavi_1990
martin_campana_1989,Martín Campaña,martin campana m campana campana,"[""M. Campaña"",""Martín Campaña"",""Campaña""]",Uruguay,GK,Goalkeeper,1989,,,false,[],[],Independiente,,Medium,1456,fifa_players_csv,martin_campana_1989
sebastian_prodl_1987,Sebastian Prödl,sebastian prodl s prodl prodl,"[""S. Prödl"",""Sebastian Prödl"",""Prödl""]",Austria,CB,Defence,1987,,,false,[],[],Austria,,Medium,1456,fifa_players_csv,sebastian_prodl_1987
anthony_modeste_1988,Anthony Modeste,anthony modeste a modeste modeste,"[""A. Modeste"",""Anthony Modeste"",""Modeste""]",France,ST,Attack,1988,,,false,[],[],France,,Medium,1455,fifa_players_csv,anthony_modeste_1988
esteban_paredes_1980,Esteban Paredes,esteban paredes e paredes paredes,"[""E. Paredes"",""Esteban Paredes"",""Paredes""]",Chile,ST,Attack,1980,,,false,[],[],Colo-Colo,,Medium,1455,fifa_players_csv,esteban_paredes_1980
ignacio_camacho_barnola_1990,Ignacio Camacho Barnola,ignacio camacho barnola camacho barnola,"[""Camacho"",""Ignacio Camacho Barnola"",""Barnola""]",Spain,"CDM,CM,CB",Midfield,1990,,,false,[],[],Spain,,Medium,1455,fifa_players_csv,ignacio_camacho_barnola_1990
josuha_guilavogui_1990,Josuha Guilavogui,josuha guilavogui j guilavogui guilavogui,"[""J. Guilavogui"",""Josuha Guilavogui"",""Guilavogui""]",France,"CDM,CM",Midfield,1990,,,false,[],[],France,,Medium,1455,fifa_players_csv,josuha_guilavogui_1990
yann_gerard_m_vila_1990,Yann Gérard M'Vila,yann gerard m vila y m vila m vila,"[""Y. M'Vila"",""Yann Gérard M'Vila"",""M'Vila""]",France,"CDM,CM",Midfield,1990,,,false,[],[],France,,Medium,1455,fifa_players_csv,yann_gerard_m_vila_1990
a_benjamin_chiamuloira_paes_1988,A. Benjamin Chiamuloira Paes,a benjamin chiamuloira paes antonio chiamuloira paes,"[""Antônio Chiamuloira"",""A. Benjamin Chiamuloira Paes"",""Paes""]",Brazil,"CB,LB",Defence,1988,,,false,[],[],Brazil,,Medium,1454,fifa_players_csv,a_benjamin_chiamuloira_paes_1988
maxime_gonalons_1989,Maxime Gonalons,maxime gonalons m gonalons gonalons,"[""M. Gonalons"",""Maxime Gonalons"",""Gonalons""]",France,"CDM,CM",Midfield,1989,,,false,[],[],France,,Medium,1454,fifa_players_csv,maxime_gonalons_1989
melvin_luan_parrela_porfirio_1988,Melvin Luan Parrela Porfírio,melvin luan parrela porfirio melvin parrela porfirio,"[""Melvin Parrela"",""Melvin Luan Parrela Porfírio"",""Porfírio""]",Brazil,"CDM,CM",Midfield,1988,,,false,[],[],Brazil,,Medium,1454,fifa_players_csv,melvin_luan_parrela_porfirio_1988
ryan_fraser_1994,Ryan Fraser,ryan fraser r fraser fraser,"[""R. Fraser"",""Ryan Fraser"",""Fraser""]",Scotland,"LM,LW",Midfield,1994,,,false,[],[],Scotland,,Medium,1454,fifa_players_csv,ryan_fraser_1994
franco_cervi_1994,Franco Cervi,franco cervi f cervi cervi,"[""F. Cervi"",""Franco Cervi"",""Cervi""]",Argentina,LW,Attack,1994,,,false,[],[],Argentina,,Medium,1453,fifa_players_csv,franco_cervi_1994
milan_skriniar_1995,Milan Škriniar,milan skriniar m skriniar skriniar,"[""M. Škriniar"",""Milan Škriniar"",""Škriniar""]",Slovakia,CB,Defence,1995,,,false,[],[],Slovakia,,Medium,1453,fifa_players_csv,milan_skriniar_1995
pedro_leon_sanchez_gil_1986,Pedro León Sánchez Gil,pedro leon sanchez gil pedro leon gil,"[""Pedro León"",""Pedro León Sánchez Gil"",""Gil""]",Spain,RM,Midfield,1986,,,false,[],[],Spain,,Medium,1453,fifa_players_csv,pedro_leon_sanchez_gil_1986
raul_garcia_escudero_1986,Raúl García Escudero,raul garcia escudero raul garcia escudero,"[""Raúl García"",""Raúl García Escudero"",""Escudero""]",Spain,CAM,Midfield,1986,,,false,[],[],Spain,,Medium,1453,fifa_players_csv,raul_garcia_escudero_1986
sergi_darder_moll_1993,Sergi Darder Moll,sergi darder moll sergi darder moll,"[""Sergi Darder"",""Sergi Darder Moll"",""Moll""]",Spain,"CM,CDM",Midfield,1993,,,false,[],[],Spain,,Medium,1453,fifa_players_csv,sergi_darder_moll_1993
valentin_rongier_1994,Valentin Rongier,valentin rongier v rongier rongier,"[""V. Rongier"",""Valentin Rongier"",""Rongier""]",France,"CM,CDM,CAM",Midfield,1994,,,false,[],[],France,,Medium,1453,fifa_players_csv,valentin_rongier_1994
abdou_diallo_1996,Abdou Diallo,abdou diallo a diallo diallo,"[""A. Diallo"",""Abdou Diallo"",""Diallo""]",France,"CB,LB",Defence,1996,,,false,[],[],France,,Medium,1452,fifa_players_csv,abdou_diallo_1996
benat_etxebarria_urkiaga_1987,Beñat Etxebarria Urkiaga,benat etxebarria urkiaga benat urkiaga,"[""Beñat"",""Beñat Etxebarria Urkiaga"",""Urkiaga""]",Spain,CM,Midfield,1987,,,false,[],[],Spain,,Medium,1452,fifa_players_csv,benat_etxebarria_urkiaga_1987
bernard_gabriel_prestao_chaves_1992,Bernard Gabriel Prestão Chaves,bernard gabriel prestao chaves gabri prestao chaves,"[""Gabri Prestão"",""Bernard Gabriel Prestão Chaves"",""Chaves""]",Brazil,GK,Goalkeeper,1992,,,false,[],[],Brazil,,Medium,1452,fifa_players_csv,bernard_gabriel_prestao_chaves_1992
leighton_baines_1984,Leighton Baines,leighton baines l baines baines,"[""L. Baines"",""Leighton Baines"",""Baines""]",England,LB,Defence,1984,,,false,[],[],England,,Medium,1452,fifa_players_csv,leighton_baines_1984
odisseas_vlachodimos_1994,Odisseas Vlachodimos,odisseas vlachodimos o vlachodimos vlachodimos,"[""O. Vlachodimos"",""Odisseas Vlachodimos"",""Vlachodimos""]",Greece,GK,Goalkeeper,1994,,,false,[],[],SL Benfica,,Medium,1452,fifa_players_csv,odisseas_vlachodimos_1994
pablo_javier_zabaleta_girod_1985,Pablo Javier Zabaleta Girod,pablo javier zabaleta girod p zabaleta girod,"[""P. Zabaleta"",""Pablo Javier Zabaleta Girod"",""Girod""]",Argentina,RB,Defence,1985,,,false,[],[],Argentina,,Medium,1452,fifa_players_csv,pablo_javier_zabaleta_girod_1985
steven_davis_1985,Steven Davis,steven davis s davis davis,"[""S. Davis"",""Steven Davis"",""Davis""]",Northern Ireland,"CM,CDM,CAM",Midfield,1985,,,false,[],[],Northern Ireland,,Medium,1452,fifa_players_csv,steven_davis_1985
alessio_cragno_1994,Alessio Cragno,alessio cragno a cragno cragno,"[""A. Cragno"",""Alessio Cragno"",""Cragno""]",Italy,GK,Goalkeeper,1994,,,false,[],[],Italy,,Medium,1451,fifa_players_csv,alessio_cragno_1994
andre_gomes_magalhaes_de_almeida_1990,André Gomes Magalhaes de Almeida,andre gomes magalhaes de almeida andre almeida almeida,"[""André Almeida"",""André Gomes Magalhaes de Almeida"",""Almeida""]",Portugal,RB,Defence,1990,,,false,[],[],Portugal,,Medium,1451,fifa_players_csv,andre_gomes_magalhaes_de_almeida_1990
darijo_srna_1982,Darijo Srna,darijo srna d srna srna,"[""D. Srna"",""Darijo Srna"",""Srna""]",Croatia,RB,Defence,1982,,,false,[],[],Croatia,,Medium,1451,fifa_players_csv,darijo_srna_1982
denis_suarez_fernandez_1994,Denis Suárez Fernández,denis suarez fernandez denis suarez fernandez,"[""Denis Suárez"",""Denis Suárez Fernández"",""Fernández""]",Spain,"CM,LW,RW",Midfield,1994,,,false,[],[],Spain,,Medium,1451,fifa_players_csv,denis_suarez_fernandez_1994
gabriel_ivan_mercado_1987,Gabriel Iván Mercado,gabriel ivan mercado g mercado mercado,"[""G. Mercado"",""Gabriel Iván Mercado"",""Mercado""]",Argentina,"CB,RB",Defence,1987,,,false,[],[],Argentina,,Medium,1451,fifa_players_csv,gabriel_ivan_mercado_1987
john_michael_nchekwube_obinna_1987,John Michael Nchekwube Obinna,john michael nchekwube obinna j mikel obinna,"[""J. Mikel"",""John Michael Nchekwube Obinna"",""Obinna""]",Nigeria,"CDM,CM",Midfield,1987,,,false,[],[],Nigeria,,Medium,1451,fifa_players_csv,john_michael_nchekwube_obinna_1987
maximiliano_eduardo_meza_1992,Maximiliano Eduardo Meza,maximiliano eduardo meza m meza meza,"[""M. Meza"",""Maximiliano Eduardo Meza"",""Meza""]",Argentina,"CAM,LM,RM",Midfield,1992,,,false,[],[],Monterrey,,Medium,1451,fifa_players_csv,maximiliano_eduardo_meza_1992
sidnei_rechel_da_silva_junior_1989,Sidnei Rechel da Silva Júnior,sidnei rechel da silva junior sidnei junior,"[""Sidnei"",""Sidnei Rechel da Silva Júnior"",""Júnior""]",Brazil,CB,Defence,1989,,,false,[],[],Brazil,,Medium,1451,fifa_players_csv,sidnei_rechel_da_silva_junior_1989
diego_hernan_valeri_1986,Diego Hernán Váleri,diego hernan valeri d valeri valeri,"[""D. Valeri"",""Diego Hernán Váleri"",""Váleri""]",Argentina,"CAM,CF,ST",Midfield,1986,,,false,[],[],Argentina,,Medium,1450,fifa_players_csv,diego_hernan_valeri_1986
lucas_alario_1992,Lucas Alario,lucas alario l alario alario,"[""L. Alario"",""Lucas Alario"",""Alario""]",Argentina,ST,Attack,1992,,,false,[],[],Argentina,,Medium,1450,fifa_players_csv,lucas_alario_1992
maicon_pereira_roque_1988,Maicon Pereira Roque,maicon pereira roque maicon roque,"[""Maicon"",""Maicon Pereira Roque"",""Roque""]",Brazil,CB,Defence,1988,,,false,[],[],Brazil,,Medium,1450,fifa_players_csv,maicon_pereira_roque_1988
manuel_henrique_tavares_fernandes_1986,Manuel Henrique Tavares Fernandes,manuel henrique tavares fernandes manuel fernandes fernandes,"[""Manuel Fernandes"",""Manuel Henrique Tavares Fernandes"",""Fernandes""]",Portugal,"LM,CAM",Midfield,1986,,,false,[],[],Portugal,,Medium,1450,fifa_players_csv,manuel_henrique_tavares_fernandes_1986
rodrigo_andres_battaglia_1991,Rodrigo Andrés Battaglia,rodrigo andres battaglia r battaglia battaglia,"[""R. Battaglia"",""Rodrigo Andrés Battaglia"",""Battaglia""]",Argentina,"CM,CDM",Midfield,1991,,,false,[],[],Sporting CP,,Medium,1450,fifa_players_csv,rodrigo_andres_battaglia_1991
daniele_baselli_1992,Daniele Baselli,daniele baselli d baselli baselli,"[""D. Baselli"",""Daniele Baselli"",""Baselli""]",Italy,CM,Midfield,1992,,,false,[],[],Italy,,Medium,1449,fifa_players_csv,daniele_baselli_1992
lucas_tousart_1997,Lucas Tousart,lucas tousart l tousart tousart,"[""L. Tousart"",""Lucas Tousart"",""Tousart""]",France,CDM,Midfield,1997,,,false,[],[],France,,Medium,1449,fifa_players_csv,lucas_tousart_1997
augusto_matias_fernandez_1986,Augusto Matías Fernández,augusto matias fernandez a fernandez fernandez,"[""A. Fernández"",""Augusto Matías Fernández"",""Fernández""]",Argentina,"CM,CDM",Midfield,1986,,,false,[],[],Argentina,,Medium,1448,fifa_players_csv,augusto_matias_fernandez_1986
denis_lemi_zakaria_lako_lado_1996,Denis Lemi Zakaria Lako Lado,denis lemi zakaria lako lado d zakaria lado,"[""D. Zakaria"",""Denis Lemi Zakaria Lako Lado"",""Lado""]",Switzerland,"CM,CDM",Midfield,1996,,,false,[],[],Switzerland,,Medium,1448,fifa_players_csv,denis_lemi_zakaria_lako_lado_1996
erick_gutierrez_1995,Erick Gutiérrez,erick gutierrez e gutierrez gutierrez,"[""E. Gutiérrez"",""Erick Gutiérrez"",""Gutiérrez""]",Mexico,CM,Midfield,1995,,,false,[],[],Mexico,,Medium,1448,fifa_players_csv,erick_gutierrez_1995
james_maddison_1996,James Maddison,james maddison j maddison maddison,"[""J. Maddison"",""James Maddison"",""Maddison""]",England,"CAM,LM",Midfield,1996,,,false,[],[],England,,Medium,1448,fifa_players_csv,james_maddison_1996
moanes_dabour_1992,Moanes Dabour,moanes dabour m dabbur dabour,"[""M. Dabbur"",""Moanes Dabour"",""Dabour""]",Israel,ST,Attack,1992,,,false,[],[],Israel,,Medium,1448,fifa_players_csv,moanes_dabour_1992
alexandru_iulian_maxim_1990,Alexandru Iulian Maxim,alexandru iulian maxim a maxim maxim,"[""A. Maxim"",""Alexandru Iulian Maxim"",""Maxim""]",Romania,"CAM,CM,LM",Midfield,1990,,,false,[],[],Romania,,Medium,1447,fifa_players_csv,alexandru_iulian_maxim_1990
davy_klaassen_1993,Davy Klaassen,davy klaassen d klaassen klaassen,"[""D. Klaassen"",""Davy Klaassen"",""Klaassen""]",Netherlands,"CM,CAM",Midfield,1993,,,false,[],[],Netherlands,,Medium,1447,fifa_players_csv,davy_klaassen_1993
fredy_alejandro_guarin_vasquez_1986,Fredy Alejandro Guarín Vásquez,fredy alejandro guarin vasquez f guarin vasquez,"[""F. Guarín"",""Fredy Alejandro Guarín Vásquez"",""Vásquez""]",Colombia,"CDM,CM",Midfield,1986,,,false,[],[],Colombia,,Medium,1447,fifa_players_csv,fredy_alejandro_guarin_vasquez_1986
jonathan_castro_otto_1994,Jonathan Castro Otto,jonathan castro otto jonny otto,"[""Jonny"",""Jonathan Castro Otto"",""Otto""]",Spain,LWB,Defence,1994,,,false,[],[],Spain,,Medium,1447,fifa_players_csv,jonathan_castro_otto_1994
sander_berge_1998,Sander Berge,sander berge s berge berge,"[""S. Berge"",""Sander Berge"",""Berge""]",Norway,"CDM,CM",Midfield,1998,,,false,[],[],Norway,,Medium,1447,fifa_players_csv,sander_berge_1998
adem_ljajic_1991,Adem Ljajić,adem ljajic a ljajic ljajic,"[""A. Ljajić"",""Adem Ljajić"",""Ljajić""]",Serbia,"CAM,LW",Midfield,1991,,,false,[],[],Serbia,,Medium,1446,fifa_players_csv,adem_ljajic_1991
domenico_criscito_1986,Domenico Criscito,domenico criscito d criscito criscito,"[""D. Criscito"",""Domenico Criscito"",""Criscito""]",Italy,"CB,LB",Defence,1986,,,false,[],[],Italy,,Medium,1446,fifa_players_csv,domenico_criscito_1986
everton_jorge_andrade_zanon_1984,Everton Jorge Andrade Zanon,everton jorge andrade zanon everton andrao zanon,"[""Everton Andrão"",""Everton Jorge Andrade Zanon"",""Zanon""]",Brazil,"CDM,CM",Midfield,1984,,,false,[],[],Brazil,,Medium,1446,fifa_players_csv,everton_jorge_andrade_zanon_1984
jonas_hofmann_1992,Jonas Hofmann,jonas hofmann j hofmann hofmann,"[""J. Hofmann"",""Jonas Hofmann"",""Hofmann""]",Germany,"CAM,RM,LM",Midfield,1992,,,false,[],[],Germany,,Medium,1446,fifa_players_csv,jonas_hofmann_1992
michael_keane_1993,Michael Keane,michael keane m keane keane,"[""M. Keane"",""Michael Keane"",""Keane""]",England,CB,Defence,1993,,,false,[],[],England,,Medium,1446,fifa_players_csv,michael_keane_1993
stefan_daniel_radu_1986,Ştefan Daniel Radu,stefan daniel radu s radu radu,"[""S. Radu"",""Ştefan Daniel Radu"",""Radu""]",Romania,CB,Defence,1986,,,false,[],[],Romania,,Medium,1446,fifa_players_csv,stefan_daniel_radu_1986
sven_ulreich_1988,Sven Ulreich,sven ulreich s ulreich ulreich,"[""S. Ulreich"",""Sven Ulreich"",""Ulreich""]",Germany,GK,Goalkeeper,1988,,,false,[],[],Germany,,Medium,1446,fifa_players_csv,sven_ulreich_1988
duvan_zapata_1991,Duván Zapata,duvan zapata d zapata zapata,"[""D. Zapata"",""Duván Zapata"",""Zapata""]",Colombia,ST,Attack,1991,,,false,[],[],Colombia,,Medium,1445,fifa_players_csv,duvan_zapata_1991
enes_unal_1997,Enes Ünal,enes unal e unal unal,"[""E. Ünal"",""Enes Ünal"",""Ünal""]",Turkey,ST,Attack,1997,,,false,[],[],Turkey,,Medium,1445,fifa_players_csv,enes_unal_1997
kamil_grosicki_1988,Kamil Grosicki,kamil grosicki k grosicki grosicki,"[""K. Grosicki"",""Kamil Grosicki"",""Grosicki""]",Poland,LM,Midfield,1988,,,false,[],[],Poland,,Medium,1445,fifa_players_csv,kamil_grosicki_1988
raffael_caetano_de_araujo_1985,Raffael Caetano de Araújo,raffael caetano de araujo raffael araujo,"[""Raffael"",""Raffael Caetano de Araújo"",""Araújo""]",Brazil,"CF,ST",Attack,1985,,,false,[],[],Brazil,,Medium,1445,fifa_players_csv,raffael_caetano_de_araujo_1985
sead_kolasinac_1993,Sead Kolašinac,sead kolasinac s kolasinac kolasinac,"[""S. Kolašinac"",""Sead Kolašinac"",""Kolašinac""]",Bosnia Herzegovina,"LB,LWB",Defence,1993,,,false,[],[],Bosnia Herzegovina,,Medium,1445,fifa_players_csv,sead_kolasinac_1993
vitorino_gabriel_pacheco_antunes_1987,Vitorino Gabriel  Pacheco Antunes,vitorino gabriel pacheco antunes antunes,"[""Antunes"",""Vitorino Gabriel Pacheco Antunes""]",Portugal,LB,Defence,1987,,,false,[],[],Portugal,,Medium,1445,fifa_players_csv,vitorino_gabriel_pacheco_antunes_1987
alban_lafont_1999,Alban Lafont,alban lafont a lafont lafont,"[""A. Lafont"",""Alban Lafont"",""Lafont""]",France,GK,Goalkeeper,1999,,,false,[],[],France,,Medium,1444,fifa_players_csv,alban_lafont_1999
antonio_alberto_bastos_pimparel_1982,António Alberto Bastos Pimparel,antonio alberto bastos pimparel beto pimparel,"[""Beto"",""António Alberto Bastos Pimparel"",""Pimparel""]",Portugal,GK,Goalkeeper,1982,,,false,[],[],Portugal,,Medium,1444,fifa_players_csv,antonio_alberto_bastos_pimparel_1982
diego_carlos_santos_silva_1993,Diego Carlos Santos Silva,diego carlos santos silva diego carlos silva,"[""Diego Carlos"",""Diego Carlos Santos Silva"",""Silva""]",Brazil,CB,Defence,1993,,,false,[],[],Brazil,,Medium,1444,fifa_players_csv,diego_carlos_santos_silva_1993
joaquin_sanchez_rodriguez_1981,Joaquín Sánchez Rodríguez,joaquin sanchez rodriguez joaquin rodriguez,"[""Joaquín"",""Joaquín Sánchez Rodríguez"",""Rodríguez""]",Spain,"LM,ST,RM",Midfield,1981,,,false,[],[],Spain,,Medium,1444,fifa_players_csv,joaquin_sanchez_rodriguez_1981
rodrigo_javier_de_paul_1994,Rodrigo Javier De Paul,rodrigo javier de paul r de paul paul,"[""R. De Paul"",""Rodrigo Javier De Paul"",""Paul""]",Argentina,"LW,RW,CF",Attack,1994,,,false,[],[],Argentina,,Medium,1444,fifa_players_csv,rodrigo_javier_de_paul_1994
aleksey_miranchuk_1995,Aleksey Miranchuk,aleksey miranchuk a miranchuk miranchuk,"[""A. Miranchuk"",""Aleksey Miranchuk"",""Miranchuk""]",Russia,"CAM,ST",Midfield,1995,,,false,[],[],Russia,,Medium,1443,fifa_players_csv,aleksey_miranchuk_1995
amine_harit_1997,Amine Harit,amine harit a harit harit,"[""A. Harit"",""Amine Harit"",""Harit""]",Morocco,"CAM,CM,RW",Midfield,1997,,,false,[],[],Morocco,,Medium,1443,fifa_players_csv,amine_harit_1997
carlos_idriss_kameni_1984,Carlos Idriss Kameni,carlos idriss kameni c kameni kameni,"[""C. Kameni"",""Carlos Idriss Kameni"",""Kameni""]",Cameroon,GK,Goalkeeper,1984,,,false,[],[],Cameroon,,Medium,1443,fifa_players_csv,carlos_idriss_kameni_1984
davide_zappacosta_1992,Davide Zappacosta,davide zappacosta d zappacosta zappacosta,"[""D. Zappacosta"",""Davide Zappacosta"",""Zappacosta""]",Italy,"RB,RWB",Defence,1992,,,false,[],[],Italy,,Medium,1443,fifa_players_csv,davide_zappacosta_1992
diogo_jose_teixeira_da_silva_1996,Diogo José Teixeira da Silva,diogo jose teixeira da silva diogo jota silva,"[""Diogo Jota"",""Diogo José Teixeira da Silva"",""Silva""]",Portugal,"LW,ST",Attack,1996,,,false,[],[],Portugal,,Medium,1443,fifa_players_csv,diogo_jose_teixeira_da_silva_1996
gaston_rodrigo_pereiro_lopez_1995,Gastón Rodrigo Pereiro López,gaston rodrigo pereiro lopez g pereiro lopez,"[""G. Pereiro"",""Gastón Rodrigo Pereiro López"",""López""]",Uruguay,"CAM,RW",Midfield,1995,,,false,[],[],Uruguay,,Medium,1443,fifa_players_csv,gaston_rodrigo_pereiro_lopez_1995
ignacio_piatti_1985,Ignacio Piatti,ignacio piatti i piatti piatti,"[""I. Piatti"",""Ignacio Piatti"",""Piatti""]",Argentina,"LW,CF,ST",Attack,1985,,,false,[],[],Argentina,,Medium,1443,fifa_players_csv,ignacio_piatti_1985
loris_karius_1993,Loris Karius,loris karius l karius karius,"[""L. Karius"",""Loris Karius"",""Karius""]",Germany,GK,Goalkeeper,1993,,,false,[],[],Germany,,Medium,1443,fifa_players_csv,loris_karius_1993
roger_marti_salvador_1991,Roger Martí Salvador,roger marti salvador roger salvador,"[""Roger"",""Roger Martí Salvador"",""Salvador""]",Spain,ST,Attack,1991,,,false,[],[],Spain,,Medium,1443,fifa_players_csv,roger_marti_salvador_1991
sereso_geoffroy_gonzaroua_die_1984,Sereso Geoffroy Gonzaroua Dié,sereso geoffroy gonzaroua die serey die die,"[""Serey Dié"",""Sereso Geoffroy Gonzaroua Dié"",""Dié""]",Ivory Coast,"CDM,CM",Midfield,1984,,,false,[],[],Neuchâtel Xamax,,Medium,1443,fifa_players_csv,sereso_geoffroy_gonzaroua_die_1984
shane_long_1987,Shane  Long,shane long s long long,"[""S. Long"",""Shane Long"",""Long""]",Republic of Ireland,ST,Attack,1987,,,false,[],[],Republic of Ireland,,Medium,1443,fifa_players_csv,shane_long_1987
steven_berghuis_1991,Steven Berghuis,steven berghuis s berghuis berghuis,"[""S. Berghuis"",""Steven Berghuis"",""Berghuis""]",Netherlands,RW,Attack,1991,,,false,[],[],Netherlands,,Medium,1443,fifa_players_csv,steven_berghuis_1991
steven_naismith_1986,Steven Naismith,steven naismith s naismith naismith,"[""S. Naismith"",""Steven Naismith"",""Naismith""]",Scotland,"CAM,LM,ST,RM",Midfield,1986,,,false,[],[],Scotland,,Medium,1443,fifa_players_csv,steven_naismith_1986
vicente_guaita_panadero_1987,Vicente Guaita Panadero,vicente guaita panadero guaita panadero,"[""Guaita"",""Vicente Guaita Panadero"",""Panadero""]",Spain,GK,Goalkeeper,1987,,,false,[],[],Spain,,Medium,1443,fifa_players_csv,vicente_guaita_panadero_1987
victor_wanyama_1991,Victor Wanyama,victor wanyama v wanyama wanyama,"[""V. Wanyama"",""Victor Wanyama"",""Wanyama""]",Kenya,"CDM,CM",Midfield,1991,,,false,[],[],Kenya,,Medium,1443,fifa_players_csv,victor_wanyama_1991
dario_benedetto_1990,Darío Benedetto,dario benedetto d benedetto benedetto,"[""D. Benedetto"",""Darío Benedetto"",""Benedetto""]",Argentina,ST,Attack,1990,,,false,[],[],Argentina,,Medium,1442,fifa_players_csv,dario_benedetto_1990
elkeson_de_oliveira_cardoso_1989,Elkeson de Oliveira Cardoso,elkeson de oliveira cardoso elkeson cardoso,"[""Elkeson"",""Elkeson de Oliveira Cardoso"",""Cardoso""]",Brazil,"ST,CAM",Attack,1989,,,false,[],[],Brazil,,Medium,1442,fifa_players_csv,elkeson_de_oliveira_cardoso_1989
gaston_exequiel_ramirez_pereyra_1990,Gastón Exequiel Ramírez Pereyra,gaston exequiel ramirez pereyra g ramirez pereyra,"[""G. Ramírez"",""Gastón Exequiel Ramírez Pereyra"",""Pereyra""]",Uruguay,CAM,Midfield,1990,,,false,[],[],Uruguay,,Medium,1442,fifa_players_csv,gaston_exequiel_ramirez_pereyra_1990
loic_perrin_1985,Loïc Perrin,loic perrin l perrin perrin,"[""L. Perrin"",""Loïc Perrin"",""Perrin""]",France,CB,Defence,1985,,,false,[],[],France,,Medium,1442,fifa_players_csv,loic_perrin_1985
sergio_rico_gonzalez_1993,Sergio Rico González,sergio rico gonzalez sergio rico gonzalez,"[""Sergio Rico"",""Sergio Rico González"",""González""]",Spain,GK,Goalkeeper,1993,,,false,[],[],Spain,,Medium,1442,fifa_players_csv,sergio_rico_gonzalez_1993
danilo_luiz_da_silva_1991,Danilo Luiz da Silva,danilo luiz da silva danilo silva,"[""Danilo"",""Danilo Luiz da Silva"",""Silva""]",Brazil,"RB,LB",Defence,1991,,,false,[],[],Brazil,,Medium,1441,fifa_players_csv,danilo_luiz_da_silva_1991
federico_valverde_1998,Federico Valverde,federico valverde f valverde valverde,"[""F. Valverde"",""Federico Valverde"",""Valverde""]",Uruguay,"CM,LM,CAM",Midfield,1998,,,false,[],[],Uruguay,,Medium,1441,fifa_players_csv,federico_valverde_1998
francis_coquelin_1991,Francis Coquelin,francis coquelin f coquelin coquelin,"[""F. Coquelin"",""Francis Coquelin"",""Coquelin""]",France,"CDM,CM",Midfield,1991,,,false,[],[],France,,Medium,1441,fifa_players_csv,francis_coquelin_1991
phil_jones_1992,Phil Jones,phil jones p jones jones,"[""P. Jones"",""Phil Jones"",""Jones""]",England,CB,Defence,1992,,,false,[],[],England,,Medium,1441,fifa_players_csv,phil_jones_1992
ryad_boudebouz_1990,Ryad Boudebouz,ryad boudebouz r boudebouz boudebouz,"[""R. Boudebouz"",""Ryad Boudebouz"",""Boudebouz""]",Algeria,"CAM,RM,ST",Midfield,1990,,,false,[],[],Algeria,,Medium,1441,fifa_players_csv,ryad_boudebouz_1990
sidney_adrian_pessoa_vidigal_1992,Sidney Adrián Pessoa Vidigal,sidney adrian pessoa vidigal sidney pessinho vidigal,"[""Sidney Pessinho"",""Sidney Adrián Pessoa Vidigal"",""Vidigal""]",Brazil,"CDM,CM",Midfield,1992,,,false,[],[],Brazil,,Medium,1441,fifa_players_csv,sidney_adrian_pessoa_vidigal_1992
younes_belhanda_1990,Younès Belhanda,younes belhanda y belhanda belhanda,"[""Y. Belhanda"",""Younès Belhanda"",""Belhanda""]",Morocco,"CAM,LW",Midfield,1990,,,false,[],[],Morocco,,Medium,1441,fifa_players_csv,younes_belhanda_1990
alessandro_schopf_1994,Alessandro Schöpf,alessandro schopf a schopf schopf,"[""A. Schöpf"",""Alessandro Schöpf"",""Schöpf""]",Austria,"RM,RWB,RW,CM",Midfield,1994,,,false,[],[],Austria,,Medium,1440,fifa_players_csv,alessandro_schopf_1994
asamoah_gyan_1985,Asamoah Gyan,asamoah gyan a gyan gyan,"[""A. Gyan"",""Asamoah Gyan"",""Gyan""]",Ghana,ST,Attack,1985,,,false,[],[],Ghana,,Medium,1440,fifa_players_csv,asamoah_gyan_1985
daniel_wass_1989,Daniel Wass,daniel wass d wass wass,"[""D. Wass"",""Daniel Wass"",""Wass""]",Denmark,"CM,RM,RB",Midfield,1989,,,false,[],[],Denmark,,Medium,1440,fifa_players_csv,daniel_wass_1989
david_neres_campos_1997,David Neres Campos,david neres campos david neres campos,"[""David Neres"",""David Neres Campos"",""Campos""]",Brazil,"RW,CAM,LW",Attack,1997,,,false,[],[],Brazil,,Medium,1440,fifa_players_csv,david_neres_campos_1997
ignacio_monreal_eraso_1986,Ignacio Monreal Eraso,ignacio monreal eraso nacho monreal eraso,"[""Nacho Monreal"",""Ignacio Monreal Eraso"",""Eraso""]",Spain,"LB,CB",Defence,1986,,,false,[],[],Spain,,Medium,1440,fifa_players_csv,ignacio_monreal_eraso_1986
lucas_david_pratto_1988,Lucas David Pratto,lucas david pratto l pratto pratto,"[""L. Pratto"",""Lucas David Pratto"",""Pratto""]",Argentina,ST,Attack,1988,,,false,[],[],Argentina,,Medium,1440,fifa_players_csv,lucas_david_pratto_1988
markel_susaeta_laskurain_1987,Markel Susaeta Laskurain,markel susaeta laskurain susaeta laskurain,"[""Susaeta"",""Markel Susaeta Laskurain"",""Laskurain""]",Spain,"RW,LW",Attack,1987,,,false,[],[],Spain,,Medium,1440,fifa_players_csv,markel_susaeta_laskurain_1987
nathaniel_edwin_clyne_1991,Nathaniel Edwin Clyne,nathaniel edwin clyne n clyne clyne,"[""N. Clyne"",""Nathaniel Edwin Clyne"",""Clyne""]",England,RB,Defence,1991,,,false,[],[],England,,Medium,1440,fifa_players_csv,nathaniel_edwin_clyne_1991
okay_yokuslu_1994,Okay Yokuşlu,okay yokuslu o yokuslu yokuslu,"[""O. Yokuşlu"",""Okay Yokuşlu"",""Yokuşlu""]",Turkey,"CDM,CB",Midfield,1994,,,false,[],[],Turkey,,Medium,1440,fifa_players_csv,okay_yokuslu_1994
kevin_mbabu_1995,Kevin Mbabu,kevin mbabu k mbabu mbabu,"[""K. Mbabu"",""Kevin Mbabu"",""Mbabu""]",Switzerland,RB,Defence,1995,,,false,[],[],BSC Young Boys,,Medium,1439,fifa_players_csv,kevin_mbabu_1995
roman_neustadter_1988,Roman Neustädter,roman neustadter r neustadter neustadter,"[""R. Neustädter"",""Roman Neustädter"",""Neustädter""]",Russia,"CB,CDM",Defence,1988,,,false,[],[],Russia,,Medium,1439,fifa_players_csv,roman_neustadter_1988
steven_defour_1988,Steven Defour,steven defour s defour defour,"[""S. Defour"",""Steven Defour"",""Defour""]",Belgium,CM,Midfield,1988,,,false,[],[],Belgium,,Medium,1439,fifa_players_csv,steven_defour_1988
alexandre_dimitri_song_billong_1987,Alexandre Dimitri Song-Billong,alexandre dimitri song billong a song song billong,"[""A. Song"",""Alexandre Dimitri Song-Billong"",""Song-Billong""]",Cameroon,"CDM,CM",Midfield,1987,,,false,[],[],Cameroon,,Medium,1438,fifa_players_csv,alexandre_dimitri_song_billong_1987
bryan_cristante_1995,Bryan Cristante,bryan cristante b cristante cristante,"[""B. Cristante"",""Bryan Cristante"",""Cristante""]",Italy,"CM,CDM,CAM",Midfield,1995,,,false,[],[],Italy,,Medium,1438,fifa_players_csv,bryan_cristante_1995
diego_orlando_benaglio_1983,Diego Orlando Benaglio,diego orlando benaglio d benaglio benaglio,"[""D. Benaglio"",""Diego Orlando Benaglio"",""Benaglio""]",Switzerland,GK,Goalkeeper,1983,,,false,[],[],Switzerland,,Medium,1438,fifa_players_csv,diego_orlando_benaglio_1983
erick_pulgar_1994,Erick Pulgar,erick pulgar e pulgar pulgar,"[""E. Pulgar"",""Erick Pulgar"",""Pulgar""]",Chile,"CDM,CM",Midfield,1994,,,false,[],[],Chile,,Medium,1438,fifa_players_csv,erick_pulgar_1994
ludwig_augustinsson_1994,Ludwig Augustinsson,ludwig augustinsson l augustinsson augustinsson,"[""L. Augustinsson"",""Ludwig Augustinsson"",""Augustinsson""]",Sweden,LB,Defence,1994,,,false,[],[],Sweden,,Medium,1438,fifa_players_csv,ludwig_augustinsson_1994
bertrand_traore_1995,Bertrand Traoré,bertrand traore b traore traore,"[""B. Traoré"",""Bertrand Traoré"",""Traoré""]",Burkina Faso,"ST,RW,RM",Attack,1995,,,false,[],[],Burkina Faso,,Medium,1437,fifa_players_csv,bertrand_traore_1995
everton_jorge_simao_resende_1988,Everton Jorge Simão Resende,everton jorge simao resende everticinho resende,"[""Everticinho"",""Everton Jorge Simão Resende"",""Resende""]",Brazil,"RB,RW,CM",Defence,1988,,,false,[],[],Brazil,,Medium,1437,fifa_players_csv,everton_jorge_simao_resende_1988
guillermo_alfonso_maripan_loaysa_1994,Guillermo Alfonso Maripán Loaysa,guillermo alfonso maripan loaysa g maripan loaysa,"[""G. Maripán"",""Guillermo Alfonso Maripán Loaysa"",""Loaysa""]",Chile,CB,Defence,1994,,,false,[],[],Chile,,Medium,1437,fifa_players_csv,guillermo_alfonso_maripan_loaysa_1994
lisandro_lopez_1983,Lisandro López,lisandro lopez l lopez lopez,"[""L. López"",""Lisandro López"",""López""]",Argentina,ST,Attack,1983,,,false,[],[],Argentina,,Medium,1437,fifa_players_csv,lisandro_lopez_1983
mario_lemina_1993,Mario Lemina,mario lemina m lemina lemina,"[""M. Lemina"",""Mario Lemina"",""Lemina""]",Gabon,"CM,CDM",Midfield,1993,,,false,[],[],Gabon,,Medium,1437,fifa_players_csv,mario_lemina_1993
maximilian_arnold_1994,Maximilian Arnold,maximilian arnold m arnold arnold,"[""M. Arnold"",""Maximilian Arnold"",""Arnold""]",Germany,"CM,CDM,CAM",Midfield,1994,,,false,[],[],Germany,,Medium,1437,fifa_players_csv,maximilian_arnold_1994
maximilian_philipp_1994,Maximilian Philipp,maximilian philipp m philipp philipp,"[""M. Philipp"",""Maximilian Philipp"",""Philipp""]",Germany,"ST,CF,LM,CAM",Attack,1994,,,false,[],[],Germany,,Medium,1437,fifa_players_csv,maximilian_philipp_1994
nabil_bentaleb_1994,Nabil Bentaleb,nabil bentaleb n bentaleb bentaleb,"[""N. Bentaleb"",""Nabil Bentaleb"",""Bentaleb""]",Algeria,"CM,CDM",Midfield,1994,,,false,[],[],Algeria,,Medium,1437,fifa_players_csv,nabil_bentaleb_1994
robin_olsen_1990,Robin Olsen,robin olsen r olsen olsen,"[""R. Olsen"",""Robin Olsen"",""Olsen""]",Sweden,GK,Goalkeeper,1990,,,false,[],[],Sweden,,Medium,1437,fifa_players_csv,robin_olsen_1990
vincenzo_grifo_1993,Vincenzo Grifo,vincenzo grifo v grifo grifo,"[""V. Grifo"",""Vincenzo Grifo"",""Grifo""]",Italy,LM,Midfield,1993,,,false,[],[],Italy,,Medium,1437,fifa_players_csv,vincenzo_grifo_1993
wylan_cyprien_1995,Wylan Cyprien,wylan cyprien w cyprien cyprien,"[""W. Cyprien"",""Wylan Cyprien"",""Cyprien""]",France,"CM,CDM",Midfield,1995,,,false,[],[],France,,Medium,1437,fifa_players_csv,wylan_cyprien_1995
benjamin_stambouli_1990,Benjamin Stambouli,benjamin stambouli b stambouli stambouli,"[""B. Stambouli"",""Benjamin Stambouli"",""Stambouli""]",France,"CB,CDM",Defence,1990,,,false,[],[],France,,Medium,1436,fifa_players_csv,benjamin_stambouli_1990
hugo_mallo_novegil_1991,Hugo Mallo Novegil,hugo mallo novegil hugo mallo novegil,"[""Hugo Mallo"",""Hugo Mallo Novegil"",""Novegil""]",Spain,RB,Defence,1991,,,false,[],[],Spain,,Medium,1436,fifa_players_csv,hugo_mallo_novegil_1991
max_meyer_1995,Max  Meyer,max meyer m meyer meyer,"[""M. Meyer"",""Max Meyer"",""Meyer""]",Germany,"CM,LM",Midfield,1995,,,false,[],[],Germany,,Medium,1436,fifa_players_csv,max_meyer_1995
rafael_pereira_da_silva_1990,Rafael Pereira da Silva,rafael pereira da silva rafael silva,"[""Rafael"",""Rafael Pereira da Silva"",""Silva""]",Brazil,"RB,RWB",Defence,1990,,,false,[],[],Brazil,,Medium,1436,fifa_players_csv,rafael_pereira_da_silva_1990
ron_robert_zieler_1989,Ron-Robert Zieler,ron robert zieler r zieler zieler,"[""R. Zieler"",""Ron-Robert Zieler"",""Zieler""]",Germany,GK,Goalkeeper,1989,,,false,[],[],Germany,,Medium,1436,fifa_players_csv,ron_robert_zieler_1989
benjamin_hubner_1989,Benjamin Hübner,benjamin hubner b hubner hubner,"[""B. Hübner"",""Benjamin Hübner"",""Hübner""]",Germany,CB,Defence,1989,,,false,[],[],Germany,,Medium,1435,fifa_players_csv,benjamin_hubner_1989
burak_y_lmaz_1985,Burak Yılmaz,burak y lmaz b y lmaz y lmaz,"[""B. Yılmaz"",""Burak Yılmaz"",""Yılmaz""]",Turkey,ST,Attack,1985,,,false,[],[],Turkey,,Medium,1435,fifa_players_csv,burak_y_lmaz_1985
chris_wood_1991,Chris Wood,chris wood c wood wood,"[""C. Wood"",""Chris Wood"",""Wood""]",New Zealand,ST,Attack,1991,,,false,[],[],New Zealand,,Medium,1435,fifa_players_csv,chris_wood_1991
etienne_capoue_1988,Etienne Capoue,etienne capoue e capoue capoue,"[""E. Capoue"",""Etienne Capoue"",""Capoue""]",France,"CDM,CM",Midfield,1988,,,false,[],[],France,,Medium,1435,fifa_players_csv,etienne_capoue_1988
fabian_delph_1989,Fabian Delph,fabian delph f delph delph,"[""F. Delph"",""Fabian Delph"",""Delph""]",England,"LB,CM",Defence,1989,,,false,[],[],England,,Medium,1435,fifa_players_csv,fabian_delph_1989
josef_de_souza_dias_1989,Josef de Souza Dias,josef de souza dias souza dias,"[""Souza"",""Josef de Souza Dias"",""Dias""]",Brazil,"CDM,CM",Midfield,1989,,,false,[],[],Brazil,,Medium,1435,fifa_players_csv,josef_de_souza_dias_1989
milan_badelj_1989,Milan Badelj,milan badelj m badelj badelj,"[""M. Badelj"",""Milan Badelj"",""Badelj""]",Croatia,"CDM,CM",Midfield,1989,,,false,[],[],Croatia,,Medium,1435,fifa_players_csv,milan_badelj_1989
nahitan_nandez_1995,Nahitan Nández,nahitan nandez n nandez nandez,"[""N. Nández"",""Nahitan Nández"",""Nández""]",Uruguay,"CM,CDM,RM",Midfield,1995,,,false,[],[],Boca Juniors,,Medium,1435,fifa_players_csv,nahitan_nandez_1995
roque_mesa_quevedo_1989,Roque Mesa Quevedo,roque mesa quevedo roque mesa quevedo,"[""Roque Mesa"",""Roque Mesa Quevedo"",""Quevedo""]",Spain,"CDM,CM",Midfield,1989,,,false,[],[],Spain,,Medium,1435,fifa_players_csv,roque_mesa_quevedo_1989
sebastian_rudy_1990,Sebastian Rudy,sebastian rudy s rudy rudy,"[""S. Rudy"",""Sebastian Rudy"",""Rudy""]",Germany,"CDM,CM,RB",Midfield,1990,,,false,[],[],Germany,,Medium,1435,fifa_players_csv,sebastian_rudy_1990
victor_ruiz_torre_1989,Víctor Ruíz Torre,victor ruiz torre victor ruiz torre,"[""Víctor Ruiz"",""Víctor Ruíz Torre"",""Torre""]",Spain,CB,Defence,1989,,,false,[],[],Spain,,Medium,1435,fifa_players_csv,victor_ruiz_torre_1989
fernando_francisco_reges_1987,Fernando Francisco Reges,fernando francisco reges fernando reges,"[""Fernando"",""Fernando Francisco Reges"",""Reges""]",Brazil,"CDM,CM",Midfield,1987,,,false,[],[],Brazil,,Medium,1434,fifa_players_csv,fernando_francisco_reges_1987
jean_andre_emanuel_beausejour_coliqueo_1984,Jean André Emanuel Beausejour Coliqueo,jean andre emanuel beausejour coliqueo j beausejour coliqueo,"[""J. Beausejour"",""Jean André Emanuel Beausejour Coliqueo"",""Coliqueo""]",Chile,LB,Defence,1984,,,false,[],[],Universidad de Chile,,Medium,1434,fifa_players_csv,jean_andre_emanuel_beausejour_coliqueo_1984
kieran_tierney_1997,Kieran Tierney,kieran tierney k tierney tierney,"[""K. Tierney"",""Kieran Tierney"",""Tierney""]",Scotland,"LB,LWB,LM",Defence,1997,,,false,[],[],Scotland,,Medium,1434,fifa_players_csv,kieran_tierney_1997
kwadwo_asamoah_1988,Kwadwo Asamoah,kwadwo asamoah k asamoah asamoah,"[""K. Asamoah"",""Kwadwo Asamoah"",""Asamoah""]",Ghana,"LB,CM",Defence,1988,,,false,[],[],Ghana,,Medium,1434,fifa_players_csv,kwadwo_asamoah_1988
leonardo_bittencourt_1993,Leonardo Bittencourt,leonardo bittencourt l bittencourt bittencourt,"[""L. Bittencourt"",""Leonardo Bittencourt"",""Bittencourt""]",Germany,"CAM,CM,LM",Midfield,1993,,,false,[],[],Germany,,Medium,1434,fifa_players_csv,leonardo_bittencourt_1993
terence_kongolo_1994,Terence Kongolo,terence kongolo t kongolo kongolo,"[""T. Kongolo"",""Terence Kongolo"",""Kongolo""]",Netherlands,"CB,LB",Defence,1994,,,false,[],[],Netherlands,,Medium,1434,fifa_players_csv,terence_kongolo_1994
vicente_iborra_de_la_fuente_1988,Vicente Iborra de la Fuente,vicente iborra de la fuente iborra fuente,"[""Iborra"",""Vicente Iborra de la Fuente"",""Fuente""]",Spain,"CDM,CM",Midfield,1988,,,false,[],[],Spain,,Medium,1434,fifa_players_csv,vicente_iborra_de_la_fuente_1988
xaver_schlager_1997,Xaver Schlager,xaver schlager x schlager schlager,"[""X. Schlager"",""Xaver Schlager"",""Schlager""]",Austria,"CM,CAM,CDM",Midfield,1997,,,false,[],[],FC Red Bull Salzburg,,Medium,1434,fifa_players_csv,xaver_schlager_1997
yeray_alvarez_lopez_1995,Yeray Álvarez López,yeray alvarez lopez yeray lopez,"[""Yeray"",""Yeray Álvarez López"",""López""]",Spain,CB,Defence,1995,,,false,[],[],Spain,,Medium,1434,fifa_players_csv,yeray_alvarez_lopez_1995
miguel_angel_moya_rumbo_1984,Miguel Ángel Moyá Rumbo,miguel angel moya rumbo moya rumbo,"[""Moyá"",""Miguel Ángel Moyá Rumbo"",""Rumbo""]",Spain,GK,Goalkeeper,1984,,,false,[],[],Spain,,Medium,1433,fifa_players_csv,miguel_angel_moya_rumbo_1984
daniel_caligiuri_1988,Daniel Caligiuri,daniel caligiuri d caligiuri caligiuri,"[""D. Caligiuri"",""Daniel Caligiuri"",""Caligiuri""]",Italy,"RWB,RM,RB,LWB",Defence,1988,,,false,[],[],Italy,,Medium,1432,fifa_players_csv,daniel_caligiuri_1988
mohamed_elneny_1992,Mohamed Elneny,mohamed elneny m elneny elneny,"[""M. Elneny"",""Mohamed Elneny"",""Elneny""]",Egypt,"CDM,CM",Midfield,1992,,,false,[],[],Egypt,,Medium,1432,fifa_players_csv,mohamed_elneny_1992
sebastian_larsson_1985,Sebastian Larsson,sebastian larsson s larsson larsson,"[""S. Larsson"",""Sebastian Larsson"",""Larsson""]",Sweden,"CM,CDM",Midfield,1985,,,false,[],[],Sweden,,Medium,1432,fifa_players_csv,sebastian_larsson_1985
stefan_lainer_1992,Stefan Lainer,stefan lainer s lainer lainer,"[""S. Lainer"",""Stefan Lainer"",""Lainer""]",Austria,RB,Defence,1992,,,false,[],[],FC Red Bull Salzburg,,Medium,1432,fifa_players_csv,stefan_lainer_1992
filip_kostic_1992,Filip Kostić,filip kostic f kostic kostic,"[""F. Kostić"",""Filip Kostić"",""Kostić""]",Serbia,"LM,LWB",Midfield,1992,,,false,[],[],Serbia,,Medium,1431,fifa_players_csv,filip_kostic_1992
marcelo_antonio_guedes_filho_1987,Marcelo Antônio Guedes Filho,marcelo antonio guedes filho marcelo filho,"[""Marcelo"",""Marcelo Antônio Guedes Filho"",""Filho""]",Brazil,CB,Defence,1987,,,false,[],[],Brazil,,Medium,1431,fifa_players_csv,marcelo_antonio_guedes_filho_1987
mathias_j_rgensen_1990,Mathias Jørgensen,mathias j rgensen m j rgensen j rgensen,"[""M. Jørgensen"",""Mathias Jørgensen"",""Jørgensen""]",Denmark,CB,Defence,1990,,,false,[],[],Denmark,,Medium,1431,fifa_players_csv,mathias_j_rgensen_1990
pontus_jansson_1991,Pontus Jansson,pontus jansson p jansson jansson,"[""P. Jansson"",""Pontus Jansson"",""Jansson""]",Sweden,CB,Defence,1991,,,false,[],[],Sweden,,Medium,1431,fifa_players_csv,pontus_jansson_1991
serdar_aziz_1990,Serdar Aziz,serdar aziz s aziz aziz,"[""S. Aziz"",""Serdar Aziz"",""Aziz""]",Turkey,CB,Defence,1990,,,false,[],[],Turkey,,Medium,1431,fifa_players_csv,serdar_aziz_1990
yusuf_yaz_c_1997,Yusuf Yazıcı,yusuf yaz c y yaz c yaz c,"[""Y. Yazıcı"",""Yusuf Yazıcı"",""Yazıcı""]",Turkey,"CAM,CM,RM",Midfield,1997,,,false,[],[],Turkey,,Medium,1431,fifa_players_csv,yusuf_yaz_c_1997
allan_mcgregor_1982,Allan McGregor,allan mcgregor a mcgregor mcgregor,"[""A. McGregor"",""Allan McGregor"",""McGregor""]",Scotland,GK,Goalkeeper,1982,,,false,[],[],Scotland,,Medium,1430,fifa_players_csv,allan_mcgregor_1982
daniel_ginczek_1991,Daniel Ginczek,daniel ginczek d ginczek ginczek,"[""D. Ginczek"",""Daniel Ginczek"",""Ginczek""]",Germany,ST,Attack,1991,,,false,[],[],Germany,,Medium,1430,fifa_players_csv,daniel_ginczek_1991
jonathan_dos_santos_ramirez_1990,Jonathan dos Santos Ramírez,jonathan dos santos ramirez j dos santos ramirez,"[""J. dos Santos"",""Jonathan dos Santos Ramírez"",""Ramírez""]",Mexico,"CM,RM",Midfield,1990,,,false,[],[],Mexico,,Medium,1430,fifa_players_csv,jonathan_dos_santos_ramirez_1990
jonjo_shelvey_1992,Jonjo Shelvey,jonjo shelvey j shelvey shelvey,"[""J. Shelvey"",""Jonjo Shelvey"",""Shelvey""]",England,"CM,CDM",Midfield,1992,,,false,[],[],England,,Medium,1430,fifa_players_csv,jonjo_shelvey_1992
matt_doherty_1992,Matt Doherty,matt doherty m doherty doherty,"[""M. Doherty"",""Matt Doherty"",""Doherty""]",Republic of Ireland,RWB,Defence,1992,,,false,[],[],Republic of Ireland,,Medium,1430,fifa_players_csv,matt_doherty_1992
tomas_soucek_1995,Tomáš Souček,tomas soucek t soucek soucek,"[""T. Souček"",""Tomáš Souček"",""Souček""]",Czech Republic,CDM,Midfield,1995,,,false,[],[],Czech Republic,,Medium,1430,fifa_players_csv,tomas_soucek_1995
benoit_costil_1987,Benoît Costil,benoit costil b costil costil,"[""B. Costil"",""Benoît Costil"",""Costil""]",France,GK,Goalkeeper,1987,,,false,[],[],France,,Medium,1429,fifa_players_csv,benoit_costil_1987
craig_gordon_1982,Craig  Gordon,craig gordon c gordon gordon,"[""C. Gordon"",""Craig Gordon"",""Gordon""]",Scotland,GK,Goalkeeper,1982,,,false,[],[],Scotland,,Medium,1429,fifa_players_csv,craig_gordon_1982
krzysztof_piatek_1995,Krzysztof Piątek,krzysztof piatek k piatek piatek,"[""K. Piątek"",""Krzysztof Piątek"",""Piątek""]",Poland,ST,Attack,1995,,,false,[],[],Poland,,Medium,1429,fifa_players_csv,krzysztof_piatek_1995
maikel_renan_catarino_fagundes_1984,Maikel Renan Catarino Fagundes,maikel renan catarino fagundes maikel catarino fagundes,"[""Maikel Catarino"",""Maikel Renan Catarino Fagundes"",""Fagundes""]",Brazil,"RB,LM",Defence,1984,,,false,[],[],Brazil,,Medium,1429,fifa_players_csv,maikel_renan_catarino_fagundes_1984
marwin_hitz_1987,Marwin Hitz,marwin hitz m hitz hitz,"[""M. Hitz"",""Marwin Hitz"",""Hitz""]",Switzerland,GK,Goalkeeper,1987,,,false,[],[],Switzerland,,Medium,1429,fifa_players_csv,marwin_hitz_1987
nikola_maksimovic_1991,Nikola Maksimović,nikola maksimovic n maksimovic maksimovic,"[""N. Maksimović"",""Nikola Maksimović"",""Maksimović""]",Serbia,CB,Defence,1991,,,false,[],[],Serbia,,Medium,1429,fifa_players_csv,nikola_maksimovic_1991
razvan_marin_1996,Răzvan Marin,razvan marin r marin marin,"[""R. Marin"",""Răzvan Marin"",""Marin""]",Romania,"CM,CDM",Midfield,1996,,,false,[],[],Romania,,Medium,1429,fifa_players_csv,razvan_marin_1996
simao_alvin_acunha_bardini_1988,Simão Alvin Acunha Bardini,simao alvin acunha bardini simao acunha bardini,"[""Simão Acunha"",""Simão Alvin Acunha Bardini"",""Bardini""]",Brazil,"CAM,ST,RM",Midfield,1988,,,false,[],[],Brazil,,Medium,1429,fifa_players_csv,simao_alvin_acunha_bardini_1988
adam_nagy_1995,Ádám Nagy,adam nagy a nagy nagy,"[""A. Nagy"",""Ádám Nagy"",""Nagy""]",Hungary,CDM,Midfield,1995,,,false,[],[],Hungary,,Medium,1428,fifa_players_csv,adam_nagy_1995
bradley_guzan_1984,Bradley Guzan,bradley guzan b guzan guzan,"[""B. Guzan"",""Bradley Guzan"",""Guzan""]",United States,GK,Goalkeeper,1984,,,false,[],[],United States,,Medium,1428,fifa_players_csv,bradley_guzan_1984
francisco_casilla_cortes_1986,Francisco Casilla Cortés,francisco casilla cortes kiko casilla cortes,"[""Kiko Casilla"",""Francisco Casilla Cortés"",""Cortés""]",Spain,GK,Goalkeeper,1986,,,false,[],[],Spain,,Medium,1428,fifa_players_csv,francisco_casilla_cortes_1986
juan_bernat_velasco_1993,Juan Bernat Velasco,juan bernat velasco bernat velasco,"[""Bernat"",""Juan Bernat Velasco"",""Velasco""]",Spain,"LB,LM",Defence,1993,,,false,[],[],Spain,,Medium,1428,fifa_players_csv,juan_bernat_velasco_1993
layvin_kurzawa_1992,Layvin Kurzawa,layvin kurzawa l kurzawa kurzawa,"[""L. Kurzawa"",""Layvin Kurzawa"",""Kurzawa""]",France,"LB,LWB",Defence,1992,,,false,[],[],France,,Medium,1428,fifa_players_csv,layvin_kurzawa_1992
claudio_nuno_cointra_calegari_1984,Claudio Nuno Coíntra Calegari,claudio nuno cointra calegari claudio cointra calegari,"[""Claudio Coíntra"",""Claudio Nuno Coíntra Calegari"",""Calegari""]",Brazil,"CAM,CF",Midfield,1984,,,false,[],[],Brazil,,Medium,1427,fifa_players_csv,claudio_nuno_cointra_calegari_1984
issa_diop_1997,Issa Diop,issa diop i diop diop,"[""I. Diop"",""Issa Diop"",""Diop""]",France,CB,Defence,1997,,,false,[],[],France,,Medium,1427,fifa_players_csv,issa_diop_1997
andrea_masiello_1986,Andrea Masiello,andrea masiello a masiello masiello,"[""A. Masiello"",""Andrea Masiello"",""Masiello""]",Italy,CB,Defence,1986,,,false,[],[],Italy,,Medium,1426,fifa_players_csv,andrea_masiello_1986
david_brooks_1997,David Brooks,david brooks d brooks brooks,"[""D. Brooks"",""David Brooks"",""Brooks""]",Wales,"RM,CAM",Midfield,1997,,,false,[],[],Wales,,Medium,1426,fifa_players_csv,david_brooks_1997
gregoire_defrel_1991,Gregoire Defrel,gregoire defrel g defrel defrel,"[""G. Defrel"",""Gregoire Defrel"",""Defrel""]",France,"ST,RW",Attack,1991,,,false,[],[],France,,Medium,1426,fifa_players_csv,gregoire_defrel_1991
igor_denisov_1984,Igor Denisov,igor denisov i denisov denisov,"[""I. Denisov"",""Igor Denisov"",""Denisov""]",Russia,CDM,Midfield,1984,,,false,[],[],Russia,,Medium,1426,fifa_players_csv,igor_denisov_1984
michael_lang_1991,Michael Lang,michael lang m lang lang,"[""M. Lang"",""Michael Lang"",""Lang""]",Switzerland,"RB,RM",Defence,1991,,,false,[],[],Switzerland,,Medium,1426,fifa_players_csv,michael_lang_1991
pontus_wernbloom_1986,Pontus Wernbloom,pontus wernbloom p wernbloom wernbloom,"[""P. Wernbloom"",""Pontus Wernbloom"",""Wernbloom""]",Sweden,CDM,Midfield,1986,,,false,[],[],Sweden,,Medium,1426,fifa_players_csv,pontus_wernbloom_1986
rafael_toloi_1990,Rafael Tolói,rafael toloi,"[""Rafael Tolói""]",Brazil,CB,Defence,1990,,,false,[],[],Brazil,,Medium,1426,fifa_players_csv,rafael_toloi_1990
riccardo_saponara_1991,Riccardo Saponara,riccardo saponara r saponara saponara,"[""R. Saponara"",""Riccardo Saponara"",""Saponara""]",Italy,CAM,Midfield,1991,,,false,[],[],Italy,,Medium,1426,fifa_players_csv,riccardo_saponara_1991
tom_heaton_1986,Tom Heaton,tom heaton t heaton heaton,"[""T. Heaton"",""Tom Heaton"",""Heaton""]",England,GK,Goalkeeper,1986,,,false,[],[],England,,Medium,1426,fifa_players_csv,tom_heaton_1986
victor_moses_1990,Victor Moses,victor moses v moses moses,"[""V. Moses"",""Victor Moses"",""Moses""]",Nigeria,"RW,RWB",Attack,1990,,,false,[],[],Nigeria,,Medium,1426,fifa_players_csv,victor_moses_1990
bartolomeu_jacinto_quissanga_1991,Bartolomeu Jacinto Quissanga,bartolomeu jacinto quissanga bastos quissanga,"[""Bastos"",""Bartolomeu Jacinto Quissanga"",""Quissanga""]",Angola,CB,Defence,1991,,,false,[],[],Angola,,Medium,1425,fifa_players_csv,bartolomeu_jacinto_quissanga_1991
dimitrios_pelkas_1993,Dimitrios Pelkas,dimitrios pelkas d pelkas pelkas,"[""D. Pelkas"",""Dimitrios Pelkas"",""Pelkas""]",Greece,"CAM,RM,LM,CM",Midfield,1993,,,false,[],[],Greece,,Medium,1425,fifa_players_csv,dimitrios_pelkas_1993
kristoffer_nordfeldt_1989,Kristoffer Nordfeldt,kristoffer nordfeldt k nordfeldt nordfeldt,"[""K. Nordfeldt"",""Kristoffer Nordfeldt"",""Nordfeldt""]",Sweden,GK,Goalkeeper,1989,,,false,[],[],Sweden,,Medium,1425,fifa_players_csv,kristoffer_nordfeldt_1989
leonardo_pavoletti_1988,Leonardo Pavoletti,leonardo pavoletti l pavoletti pavoletti,"[""L. Pavoletti"",""Leonardo Pavoletti"",""Pavoletti""]",Italy,ST,Attack,1988,,,false,[],[],Italy,,Medium,1425,fifa_players_csv,leonardo_pavoletti_1988
lucas_perez_martinez_1988,Lucas Pérez Martínez,lucas perez martinez lucas perez martinez,"[""Lucas Pérez"",""Lucas Pérez Martínez"",""Martínez""]",Spain,"ST,RM",Attack,1988,,,false,[],[],Spain,,Medium,1425,fifa_players_csv,lucas_perez_martinez_1988
marcel_halstenberg_1991,Marcel Halstenberg,marcel halstenberg m halstenberg halstenberg,"[""M. Halstenberg"",""Marcel Halstenberg"",""Halstenberg""]",Germany,LB,Defence,1991,,,false,[],[],Germany,,Medium,1425,fifa_players_csv,marcel_halstenberg_1991
michail_antonio_1990,Michail Antonio,michail antonio m antonio antonio,"[""M. Antonio"",""Michail Antonio"",""Antonio""]",England,"ST,RM,RWB,LM",Attack,1990,,,false,[],[],England,,Medium,1425,fifa_players_csv,michail_antonio_1990
munir_el_haddadi_1995,Munir El Haddadi,munir el haddadi munir haddadi,"[""Munir"",""Munir El Haddadi"",""Haddadi""]",Spain,"ST,RW",Attack,1995,,,false,[],[],Spain,,Medium,1425,fifa_players_csv,munir_el_haddadi_1995
omar_al_soma_1989,Omar Al Soma,omar al soma o al soma soma,"[""O. Al Soma"",""Omar Al Soma"",""Soma""]",Syria,ST,Attack,1989,,,false,[],[],Syria,,Medium,1425,fifa_players_csv,omar_al_soma_1989
remy_cabella_1990,Rémy Cabella,remy cabella r cabella cabella,"[""R. Cabella"",""Rémy Cabella"",""Cabella""]",France,CAM,Midfield,1990,,,false,[],[],France,,Medium,1425,fifa_players_csv,remy_cabella_1990
yevhen_konoplyanka_1989,Yevhen Konoplyanka,yevhen konoplyanka y konoplyanka konoplyanka,"[""Y. Konoplyanka"",""Yevhen Konoplyanka"",""Konoplyanka""]",Ukraine,"LM,LW,ST",Midfield,1989,,,false,[],[],Ukraine,,Medium,1425,fifa_players_csv,yevhen_konoplyanka_1989
faycal_fajr_1988,Fayçal Fajr,faycal fajr f fajr fajr,"[""F. Fajr"",""Fayçal Fajr"",""Fajr""]",Morocco,"CM,CDM,RM,LM",Midfield,1988,,,false,[],[],Morocco,,Medium,1424,fifa_players_csv,faycal_fajr_1988
jeremain_lens_1987,Jeremain Lens,jeremain lens j lens lens,"[""J. Lens"",""Jeremain Lens"",""Lens""]",Netherlands,"RM,RW",Midfield,1987,,,false,[],[],Netherlands,,Medium,1424,fifa_players_csv,jeremain_lens_1987
kevin_mirallas_1987,Kevin Mirallas,kevin mirallas k mirallas mirallas,"[""K. Mirallas"",""Kevin Mirallas"",""Mirallas""]",Belgium,"LM,LW,ST",Midfield,1987,,,false,[],[],Belgium,,Medium,1424,fifa_players_csv,kevin_mirallas_1987
lucas_castro_1989,Lucas Castro,lucas castro l castro castro,"[""L. Castro"",""Lucas Castro"",""Castro""]",Argentina,"CM,RM",Midfield,1989,,,false,[],[],Argentina,,Medium,1424,fifa_players_csv,lucas_castro_1989
romain_alessandrini_1989,Romain Alessandrini,romain alessandrini r alessandrini alessandrini,"[""R. Alessandrini"",""Romain Alessandrini"",""Alessandrini""]",France,"RM,LM,RW,CAM",Midfield,1989,,,false,[],[],France,,Medium,1424,fifa_players_csv,romain_alessandrini_1989
tom_rogic_1992,Tom Rogić,tom rogic t rogic rogic,"[""T. Rogić"",""Tom Rogić"",""Rogić""]",Australia,"CAM,CM",Midfield,1992,,,false,[],[],Australia,,Medium,1424,fifa_players_csv,tom_rogic_1992
aurelien_chedjou_1985,Aurélien Chedjou,aurelien chedjou a chedjou chedjou,"[""A. Chedjou"",""Aurélien Chedjou"",""Chedjou""]",Cameroon,CB,Defence,1985,,,false,[],[],Cameroon,,Medium,1423,fifa_players_csv,aurelien_chedjou_1985
deandre_yedlin_1993,DeAndre Yedlin,deandre yedlin d yedlin yedlin,"[""D. Yedlin"",""DeAndre Yedlin"",""Yedlin""]",United States,"RB,RWB",Defence,1993,,,false,[],[],United States,,Medium,1423,fifa_players_csv,deandre_yedlin_1993
denzel_dumfries_1996,Denzel Dumfries,denzel dumfries d dumfries dumfries,"[""D. Dumfries"",""Denzel Dumfries"",""Dumfries""]",Netherlands,RB,Defence,1996,,,false,[],[],Netherlands,,Medium,1423,fifa_players_csv,denzel_dumfries_1996
divock_origi_1995,Divock Origi,divock origi d origi origi,"[""D. Origi"",""Divock Origi"",""Origi""]",Belgium,"ST,LW,RM",Attack,1995,,,false,[],[],Belgium,,Medium,1423,fifa_players_csv,divock_origi_1995
esteban_felix_granero_molina_1987,Esteban Félix Granero Molina,esteban felix granero molina granero molina,"[""Granero"",""Esteban Félix Granero Molina"",""Molina""]",Spain,"CM,LM,RM",Midfield,1987,,,false,[],[],Spain,,Medium,1423,fifa_players_csv,esteban_felix_granero_molina_1987
james_ward_prowse_1994,James  Ward-Prowse,james ward prowse j ward prowse ward prowse,"[""J. Ward-Prowse"",""James Ward-Prowse"",""Ward-Prowse""]",England,"RM,CM",Midfield,1994,,,false,[],[],England,,Medium,1423,fifa_players_csv,james_ward_prowse_1994
jeremy_menez_1987,Jérémy Ménez,jeremy menez j menez menez,"[""J. Ménez"",""Jérémy Ménez"",""Ménez""]",France,"ST,LW,CAM",Attack,1987,,,false,[],[],France,,Medium,1423,fifa_players_csv,jeremy_menez_1987
lucas_ocampos_1994,Lucas Ocampos,lucas ocampos l ocampos ocampos,"[""L. Ocampos"",""Lucas Ocampos"",""Ocampos""]",Argentina,"LM,LW",Midfield,1994,,,false,[],[],Argentina,,Medium,1423,fifa_players_csv,lucas_ocampos_1994
ruud_vormer_1988,Ruud Vormer,ruud vormer r vormer vormer,"[""R. Vormer"",""Ruud Vormer"",""Vormer""]",Netherlands,"CM,RM,CF",Midfield,1988,,,false,[],[],Netherlands,,Medium,1423,fifa_players_csv,ruud_vormer_1988
zlatko_junuzovic_1987,Zlatko Junuzović,zlatko junuzovic z junuzovic junuzovic,"[""Z. Junuzović"",""Zlatko Junuzović"",""Junuzović""]",Austria,"CM,CAM,LM",Midfield,1987,,,false,[],[],Austria,,Medium,1423,fifa_players_csv,zlatko_junuzovic_1987
baptiste_reynet_1990,Baptiste Reynet,baptiste reynet b reynet reynet,"[""B. Reynet"",""Baptiste Reynet"",""Reynet""]",France,GK,Goalkeeper,1990,,,false,[],[],France,,Medium,1422,fifa_players_csv,baptiste_reynet_1990
dimitrios_siovas_1988,Dimitrios Siovas,dimitrios siovas d siovas siovas,"[""D. Siovas"",""Dimitrios Siovas"",""Siovas""]",Greece,CB,Defence,1988,,,false,[],[],Greece,,Medium,1422,fifa_players_csv,dimitrios_siovas_1988
gerson_adriano_gutierres_serra_1988,Gérson Adriano Gutierres Serra,gerson adriano gutierres serra gazzolisco serra,"[""Gazzolisco"",""Gérson Adriano Gutierres Serra"",""Serra""]",Brazil,"LB,LM",Defence,1988,,,false,[],[],Brazil,,Medium,1422,fifa_players_csv,gerson_adriano_gutierres_serra_1988
james_tomkins_1989,James Tomkins,james tomkins j tomkins tomkins,"[""J. Tomkins"",""James Tomkins"",""Tomkins""]",England,CB,Defence,1989,,,false,[],[],England,,Medium,1422,fifa_players_csv,james_tomkins_1989
marco_benassi_1994,Marco Benassi,marco benassi m benassi benassi,"[""M. Benassi"",""Marco Benassi"",""Benassi""]",Italy,CM,Midfield,1994,,,false,[],[],Italy,,Medium,1422,fifa_players_csv,marco_benassi_1994
marco_sportiello_1992,Marco Sportiello,marco sportiello m sportiello sportiello,"[""M. Sportiello"",""Marco Sportiello"",""Sportiello""]",Italy,GK,Goalkeeper,1992,,,false,[],[],Italy,,Medium,1422,fifa_players_csv,marco_sportiello_1992
pierre_emile_h_jbjerg_1995,Pierre-Emile Højbjerg,pierre emile h jbjerg p h jbjerg h jbjerg,"[""P. Højbjerg"",""Pierre-Emile Højbjerg"",""Højbjerg""]",Denmark,"CM,CDM",Midfield,1995,,,false,[],[],Denmark,,Medium,1422,fifa_players_csv,pierre_emile_h_jbjerg_1995
weston_mckennie_1998,Weston McKennie,weston mckennie w mckennie mckennie,"[""W. McKennie"",""Weston McKennie"",""McKennie""]",United States,"CM,CDM,CAM,RM",Midfield,1998,,,false,[],[],United States,,Medium,1422,fifa_players_csv,weston_mckennie_1998
florin_andone_1993,Florin Andone,florin andone f andone andone,"[""F. Andone"",""Florin Andone"",""Andone""]",Romania,ST,Attack,1993,,,false,[],[],Romania,,Medium,1421,fifa_players_csv,florin_andone_1993
jordan_lukaku_1994,Jordan Lukaku,jordan lukaku j lukaku lukaku,"[""J. Lukaku"",""Jordan Lukaku"",""Lukaku""]",Belgium,"LM,LB",Midfield,1994,,,false,[],[],Belgium,,Medium,1421,fifa_players_csv,jordan_lukaku_1994
marius_wolf_1995,Marius Wolf,marius wolf m wolf wolf,"[""M. Wolf"",""Marius Wolf"",""Wolf""]",Germany,"RM,CM,LM,RB",Midfield,1995,,,false,[],[],Germany,,Medium,1421,fifa_players_csv,marius_wolf_1995
vassilis_torosidis_1985,Vassilis Torosidis,vassilis torosidis v torosidis torosidis,"[""V. Torosidis"",""Vassilis Torosidis"",""Torosidis""]",Greece,"RB,LB,CDM",Defence,1985,,,false,[],[],Greece,,Medium,1421,fifa_players_csv,vassilis_torosidis_1985
alireza_jahanbakhsh_1993,Alireza Jahanbakhsh,alireza jahanbakhsh a jahanbakhsh jahanbakhsh,"[""A. Jahanbakhsh"",""Alireza Jahanbakhsh"",""Jahanbakhsh""]",Iran,RM,Midfield,1993,,,false,[],[],Iran,,Medium,1420,fifa_players_csv,alireza_jahanbakhsh_1993
martin_degaard_1998,Martin Ødegaard,martin degaard m degaard degaard,"[""M. Ødegaard"",""Martin Ødegaard"",""Ødegaard""]",Norway,"RW,CAM",Attack,1998,,,false,[],[],Norway,,Medium,1420,fifa_players_csv,martin_degaard_1998
morgan_schneiderlin_1989,Morgan Schneiderlin,morgan schneiderlin m schneiderlin schneiderlin,"[""M. Schneiderlin"",""Morgan Schneiderlin"",""Schneiderlin""]",France,"CDM,CM",Midfield,1989,,,false,[],[],France,,Medium,1420,fifa_players_csv,morgan_schneiderlin_1989
petros_mantalos_1991,Petros Mantalos,petros mantalos p mantalos mantalos,"[""P. Mantalos"",""Petros Mantalos"",""Mantalos""]",Greece,"CAM,CM,RM",Midfield,1991,,,false,[],[],Greece,,Medium,1420,fifa_players_csv,petros_mantalos_1991
sofiane_boufal_1993,Sofiane Boufal,sofiane boufal s boufal boufal,"[""S. Boufal"",""Sofiane Boufal"",""Boufal""]",Morocco,"LM,LW",Midfield,1993,,,false,[],[],Morocco,,Medium,1420,fifa_players_csv,sofiane_boufal_1993
vlad_chiriches_1989,Vlad Chiricheş,vlad chiriches v chiriches chiriches,"[""V. Chiricheş"",""Vlad Chiricheş"",""Chiricheş""]",Romania,CB,Defence,1989,,,false,[],[],Romania,,Medium,1420,fifa_players_csv,vlad_chiriches_1989
andres_mateus_uribe_villa_1991,Andrés Mateus Uribe Villa,andres mateus uribe villa m uribe villa,"[""M. Uribe"",""Andrés Mateus Uribe Villa"",""Villa""]",Colombia,"CM,CDM,RM",Midfield,1991,,,false,[],[],Club América,,Medium,1419,fifa_players_csv,andres_mateus_uribe_villa_1991
mitchell_langerak_1988,Mitchell Langerak,mitchell langerak m langerak langerak,"[""M. Langerak"",""Mitchell Langerak"",""Langerak""]",Australia,GK,Goalkeeper,1988,,,false,[],[],Nagoya Grampus,,Medium,1419,fifa_players_csv,mitchell_langerak_1988
agustin_marchesin_1988,Agustín Marchesín,agustin marchesin a marchesin marchesin,"[""A. Marchesín"",""Agustín Marchesín"",""Marchesín""]",Argentina,GK,Goalkeeper,1988,,,false,[],[],Club América,,Medium,1418,fifa_players_csv,agustin_marchesin_1988
daniel_filipe_martins_carrico_1988,Daniel Filipe Martins Carriço,daniel filipe martins carrico daniel carrico carrico,"[""Daniel Carriço"",""Daniel Filipe Martins Carriço"",""Carriço""]",Portugal,"CB,CDM",Defence,1988,,,false,[],[],Portugal,,Medium,1418,fifa_players_csv,daniel_filipe_martins_carrico_1988
henry_onyekuru_1997,Henry Onyekuru,henry onyekuru h onyekuru onyekuru,"[""H. Onyekuru"",""Henry Onyekuru"",""Onyekuru""]",Nigeria,"LM,ST",Midfield,1997,,,false,[],[],Nigeria,,Medium,1418,fifa_players_csv,henry_onyekuru_1997
james_forrest_1991,James Forrest,james forrest j forrest forrest,"[""J. Forrest"",""James Forrest"",""Forrest""]",Scotland,"RM,RWB",Midfield,1991,,,false,[],[],Scotland,,Medium,1418,fifa_players_csv,james_forrest_1991
jose_manuel_jurado_marin_1986,José Manuel Jurado Marín,jose manuel jurado marin jurado marin,"[""Jurado"",""José Manuel Jurado Marín"",""Marín""]",Spain,"RM,CAM,LM",Midfield,1986,,,false,[],[],Spain,,Medium,1418,fifa_players_csv,jose_manuel_jurado_marin_1986
leonardo_spinazzola_1993,Leonardo Spinazzola,leonardo spinazzola l spinazzola spinazzola,"[""L. Spinazzola"",""Leonardo Spinazzola"",""Spinazzola""]",Italy,"LM,LB",Midfield,1993,,,false,[],[],Italy,,Medium,1418,fifa_players_csv,leonardo_spinazzola_1993
mitchell_weiser_1994,Mitchell Weiser,mitchell weiser m weiser weiser,"[""M. Weiser"",""Mitchell Weiser"",""Weiser""]",Germany,"RB,RM",Defence,1994,,,false,[],[],Germany,,Medium,1418,fifa_players_csv,mitchell_weiser_1994
oscar_de_marcos_arana_1989,Óscar de Marcos Arana,oscar de marcos arana de marcos arana,"[""De Marcos"",""Óscar de Marcos Arana"",""Arana""]",Spain,"RB,RW",Defence,1989,,,false,[],[],Spain,,Medium,1418,fifa_players_csv,oscar_de_marcos_arana_1989
otavio_henrique_passos_santos_1994,Otávio Henrique Passos Santos,otavio henrique passos santos otavio santos,"[""Otávio"",""Otávio Henrique Passos Santos"",""Santos""]",Brazil,CDM,Midfield,1994,,,false,[],[],Brazil,,Medium,1418,fifa_players_csv,otavio_henrique_passos_santos_1994
robbie_brady_1992,Robbie Brady,robbie brady r brady brady,"[""R. Brady"",""Robbie Brady"",""Brady""]",Republic of Ireland,"LM,LB",Midfield,1992,,,false,[],[],Republic of Ireland,,Medium,1418,fifa_players_csv,robbie_brady_1992
ryan_bertrand_1989,Ryan Bertrand,ryan bertrand r bertrand bertrand,"[""R. Bertrand"",""Ryan Bertrand"",""Bertrand""]",England,"LB,LWB",Defence,1989,,,false,[],[],England,,Medium,1418,fifa_players_csv,ryan_bertrand_1989
ahmed_hegazi_1991,Ahmed Hegazi,ahmed hegazi a hegazi hegazi,"[""A. Hegazi"",""Ahmed Hegazi"",""Hegazi""]",Egypt,CB,Defence,1991,,,false,[],[],Egypt,,Medium,1417,fifa_players_csv,ahmed_hegazi_1991
cristiano_biraghi_1992,Cristiano Biraghi,cristiano biraghi c biraghi biraghi,"[""C. Biraghi"",""Cristiano Biraghi"",""Biraghi""]",Italy,"LB,LM",Defence,1992,,,false,[],[],Italy,,Medium,1417,fifa_players_csv,cristiano_biraghi_1992
dmitriy_kombarov_1987,Dmitriy Kombarov,dmitriy kombarov d kombarov kombarov,"[""D. Kombarov"",""Dmitriy Kombarov"",""Kombarov""]",Russia,"LB,LWB",Defence,1987,,,false,[],[],Russia,,Medium,1417,fifa_players_csv,dmitriy_kombarov_1987
miha_zajc_1994,Miha Zajc,miha zajc m zajc zajc,"[""M. Zajc"",""Miha Zajc"",""Zajc""]",Slovenia,"CAM,CM",Midfield,1994,,,false,[],[],Slovenia,,Medium,1417,fifa_players_csv,miha_zajc_1994
nicolas_pallois_1987,Nicolas Pallois,nicolas pallois n pallois pallois,"[""N. Pallois"",""Nicolas Pallois"",""Pallois""]",France,CB,Defence,1987,,,false,[],[],France,,Medium,1417,fifa_players_csv,nicolas_pallois_1987
wallace_fortuna_dos_santos_1994,Wallace Fortuna dos Santos,wallace fortuna dos santos wallace santos,"[""Wallace"",""Wallace Fortuna dos Santos"",""Santos""]",Brazil,CB,Defence,1994,,,false,[],[],Brazil,,Medium,1417,fifa_players_csv,wallace_fortuna_dos_santos_1994
breel_donald_embolo_1997,Breel-Donald Embolo,breel donald embolo b embolo embolo,"[""B. Embolo"",""Breel-Donald Embolo"",""Embolo""]",Switzerland,"ST,RW",Attack,1997,,,false,[],[],Switzerland,,Medium,1416,fifa_players_csv,breel_donald_embolo_1997
matt_phillips_1991,Matt Phillips,matt phillips m phillips phillips,"[""M. Phillips"",""Matt Phillips"",""Phillips""]",Scotland,"CAM,CM,RW",Midfield,1991,,,false,[],[],Scotland,,Medium,1416,fifa_players_csv,matt_phillips_1991
raul_mario_ruidiaz_misitich_1990,Raúl Mario Ruidíaz Misitich,raul mario ruidiaz misitich r ruidiaz misitich,"[""R. Ruidíaz"",""Raúl Mario Ruidíaz Misitich"",""Misitich""]",Peru,ST,Attack,1990,,,false,[],[],Peru,,Medium,1416,fifa_players_csv,raul_mario_ruidiaz_misitich_1990
steven_zuber_1991,Steven Zuber,steven zuber s zuber zuber,"[""S. Zuber"",""Steven Zuber"",""Zuber""]",Switzerland,"LWB,LM,LB,CM",Defence,1991,,,false,[],[],Switzerland,,Medium,1416,fifa_players_csv,steven_zuber_1991
tomas_koubek_1992,Tomáš Koubek,tomas koubek t koubek koubek,"[""T. Koubek"",""Tomáš Koubek"",""Koubek""]",Czech Republic,GK,Goalkeeper,1992,,,false,[],[],Czech Republic,,Medium,1416,fifa_players_csv,tomas_koubek_1992
andy_delort_1991,Andy Delort,andy delort a delort delort,"[""A. Delort"",""Andy Delort"",""Delort""]",France,"ST,RW",Attack,1991,,,false,[],[],France,,Medium,1415,fifa_players_csv,andy_delort_1991
david_angel_abraham_1986,David Ángel Abraham,david angel abraham d abraham abraham,"[""D. Abraham"",""David Ángel Abraham"",""Abraham""]",Argentina,CB,Defence,1986,,,false,[],[],Argentina,,Medium,1415,fifa_players_csv,david_angel_abraham_1986
dominik_kohr_1994,Dominik Kohr,dominik kohr d kohr kohr,"[""D. Kohr"",""Dominik Kohr"",""Kohr""]",Germany,"CDM,CM",Midfield,1994,,,false,[],[],Germany,,Medium,1415,fifa_players_csv,dominik_kohr_1994
federico_nicolas_cartabia_1993,Federico Nicolás Cartabia,federico nicolas cartabia f cartabia cartabia,"[""F. Cartabia"",""Federico Nicolás Cartabia"",""Cartabia""]",Argentina,"RM,ST,CAM",Midfield,1993,,,false,[],[],Argentina,,Medium,1415,fifa_players_csv,federico_nicolas_cartabia_1993
francisco_javier_garcia_fernandez_1987,Francisco Javier  García Fernández,francisco javier garcia fernandez javi garcia fernandez,"[""Javi García"",""Francisco Javier García Fernández"",""Fernández""]",Spain,"CDM,CM,CB",Midfield,1987,,,false,[],[],Spain,,Medium,1415,fifa_players_csv,francisco_javier_garcia_fernandez_1987
gokhan_inler_1984,Gökhan İnler,gokhan inler g inler inler,"[""G. İnler"",""Gökhan İnler"",""İnler""]",Switzerland,"CDM,CM",Midfield,1984,,,false,[],[],Switzerland,,Medium,1415,fifa_players_csv,gokhan_inler_1984
juan_camilo_hernandez_1999,Juan Camilo Hernández,juan camilo hernandez j hernandez hernandez,"[""J. Hernández"",""Juan Camilo Hernández"",""Hernández""]",Colombia,"ST,RM",Attack,1999,,,false,[],[],Colombia,,Medium,1415,fifa_players_csv,juan_camilo_hernandez_1999
manolo_gabbiadini_1991,Manolo Gabbiadini,manolo gabbiadini m gabbiadini gabbiadini,"[""M. Gabbiadini"",""Manolo Gabbiadini"",""Gabbiadini""]",Italy,ST,Attack,1991,,,false,[],[],Italy,,Medium,1415,fifa_players_csv,manolo_gabbiadini_1991
omar_abdulrahman_1991,Omar Abdulrahman,omar abdulrahman o abdulrahman abdulrahman,"[""O. Abdulrahman"",""Omar Abdulrahman"",""Abdulrahman""]",United Arab Emirates,CAM,Midfield,1991,,,false,[],[],United Arab Emirates,,Medium,1415,fifa_players_csv,omar_abdulrahman_1991
wendell_nascimento_borges_1993,Wendell Nascimento Borges,wendell nascimento borges wendell borges,"[""Wendell"",""Wendell Nascimento Borges"",""Borges""]",Brazil,LB,Defence,1993,,,false,[],[],Brazil,,Medium,1415,fifa_players_csv,wendell_nascimento_borges_1993
admir_mehmedi_1991,Admir Mehmedi,admir mehmedi a mehmedi mehmedi,"[""A. Mehmedi"",""Admir Mehmedi"",""Mehmedi""]",Switzerland,"CAM,LM,RM,CF",Midfield,1991,,,false,[],[],Switzerland,,Medium,1414,fifa_players_csv,admir_mehmedi_1991
amadou_diawara_1997,Amadou Diawara,amadou diawara a diawara diawara,"[""A. Diawara"",""Amadou Diawara"",""Diawara""]",Guinea,"CM,CDM",Midfield,1997,,,false,[],[],Guinea,,Medium,1414,fifa_players_csv,amadou_diawara_1997
claudio_miguel_pizarro_bossio_1978,Claudio Miguel Pizarro Bossio,claudio miguel pizarro bossio c pizarro bossio,"[""C. Pizarro"",""Claudio Miguel Pizarro Bossio"",""Bossio""]",Peru,ST,Attack,1978,,,false,[],[],Peru,,Medium,1414,fifa_players_csv,claudio_miguel_pizarro_bossio_1978
demba_ba_1985,Demba Ba,demba ba d ba,"[""D. Ba"",""Demba Ba""]",Senegal,ST,Attack,1985,,,false,[],[],Senegal,,Medium,1414,fifa_players_csv,demba_ba_1985
lucas_barrios_1984,Lucas Barrios,lucas barrios l barrios barrios,"[""L. Barrios"",""Lucas Barrios"",""Barrios""]",Paraguay,ST,Attack,1984,,,false,[],[],Paraguay,,Medium,1414,fifa_players_csv,lucas_barrios_1984
pascal_gro_1991,Pascal Groß,pascal gro p gro gro,"[""P. Groß"",""Pascal Groß"",""Groß""]",Germany,"CAM,CM",Midfield,1991,,,false,[],[],Germany,,Medium,1414,fifa_players_csv,pascal_gro_1991
zack_steffen_1995,Zack Steffen,zack steffen z steffen steffen,"[""Z. Steffen"",""Zack Steffen"",""Steffen""]",United States,GK,Goalkeeper,1995,,,false,[],[],United States,,Medium,1414,fifa_players_csv,zack_steffen_1995
irfan_can_kahveci_1995,İrfan Can Kahveci,irfan can kahveci i kahveci kahveci,"[""I. Kahveci"",""İrfan Can Kahveci"",""Kahveci""]",Turkey,"CAM,CM,LM",Midfield,1995,,,false,[],[],Turkey,,Medium,1413,fifa_players_csv,irfan_can_kahveci_1995
jose_de_jesus_corona_rodriguez_1981,José de Jesús Corona Rodríguez,jose de jesus corona rodriguez j corona rodriguez,"[""J. Corona"",""José de Jesús Corona Rodríguez"",""Rodríguez""]",Mexico,GK,Goalkeeper,1981,,,false,[],[],Cruz Azul,,Medium,1413,fifa_players_csv,jose_de_jesus_corona_rodriguez_1981
louis_schaub_1994,Louis Schaub,louis schaub l schaub schaub,"[""L. Schaub"",""Louis Schaub"",""Schaub""]",Austria,"CAM,RM",Midfield,1994,,,false,[],[],Austria,,Medium,1413,fifa_players_csv,louis_schaub_1994
michael_krmencik_1993,Michael Krmenčík,michael krmencik m krmencik krmencik,"[""M. Krmenčík"",""Michael Krmenčík"",""Krmenčík""]",Czech Republic,ST,Attack,1993,,,false,[],[],Czech Republic,,Medium,1413,fifa_players_csv,michael_krmencik_1993
nicolae_claudiu_stanciu_1993,Nicolae Claudiu Stanciu,nicolae claudiu stanciu n stanciu stanciu,"[""N. Stanciu"",""Nicolae Claudiu Stanciu"",""Stanciu""]",Romania,"CAM,RM,CM",Midfield,1993,,,false,[],[],Al Ahli,,Medium,1413,fifa_players_csv,nicolae_claudiu_stanciu_1993
ryan_thomas_1994,Ryan Thomas,ryan thomas r thomas thomas,"[""R. Thomas"",""Ryan Thomas"",""Thomas""]",New Zealand,CM,Midfield,1994,,,false,[],[],New Zealand,,Medium,1413,fifa_players_csv,ryan_thomas_1994
victor_alfonso_guzman_guzman_1995,Víctor Alfonso Guzmán Guzmán,victor alfonso guzman guzman v guzman guzman,"[""V. Guzmán"",""Víctor Alfonso Guzmán Guzmán"",""Guzmán""]",Mexico,"CM,CAM,CDM",Midfield,1995,,,false,[],[],Pachuca,,Medium,1413,fifa_players_csv,victor_alfonso_guzman_guzman_1995
emre_belozoglu_1980,Emre Belözoğlu,emre belozoglu e belozoglu belozoglu,"[""E. Belözoğlu"",""Emre Belözoğlu"",""Belözoğlu""]",Turkey,"CM,CDM",Midfield,1980,,,false,[],[],Turkey,,Medium,1412,fifa_players_csv,emre_belozoglu_1980
garry_mendes_rodrigues_1990,Garry Mendes Rodrigues,garry mendes rodrigues garry rodrigues rodrigues,"[""Garry Rodrigues"",""Garry Mendes Rodrigues"",""Rodrigues""]",Cape Verde,"LM,RM,LW",Midfield,1990,,,false,[],[],Cape Verde,,Medium,1412,fifa_players_csv,garry_mendes_rodrigues_1990
harry_wilson_1997,Harry Wilson,harry wilson h wilson wilson,"[""H. Wilson"",""Harry Wilson"",""Wilson""]",Wales,"RW,CM",Attack,1997,,,false,[],[],Wales,,Medium,1412,fifa_players_csv,harry_wilson_1997
jonathan_javier_rodriguez_portillo_1993,Jonathan Javier Rodríguez Portillo,jonathan javier rodriguez portillo j rodriguez portillo,"[""J. Rodríguez"",""Jonathan Javier Rodríguez Portillo"",""Portillo""]",Uruguay,"ST,LW",Attack,1993,,,false,[],[],Cruz Azul,,Medium,1412,fifa_players_csv,jonathan_javier_rodriguez_portillo_1993
kyriakos_papadopoulos_1992,Kyriakos Papadopoulos,kyriakos papadopoulos k papadopoulos papadopoulos,"[""K. Papadopoulos"",""Kyriakos Papadopoulos"",""Papadopoulos""]",Greece,CB,Defence,1992,,,false,[],[],Greece,,Medium,1412,fifa_players_csv,kyriakos_papadopoulos_1992
miguel_luis_pinto_veloso_1986,Miguel Luís Pinto Veloso,miguel luis pinto veloso miguel veloso veloso,"[""Miguel Veloso"",""Miguel Luís Pinto Veloso"",""Veloso""]",Portugal,"CDM,CM",Midfield,1986,,,false,[],[],Portugal,,Medium,1412,fifa_players_csv,miguel_luis_pinto_veloso_1986
nemanja_gudelj_1991,Nemanja Gudelj,nemanja gudelj n gudelj gudelj,"[""N. Gudelj"",""Nemanja Gudelj"",""Gudelj""]",Serbia,"CDM,CM",Midfield,1991,,,false,[],[],Serbia,,Medium,1412,fifa_players_csv,nemanja_gudelj_1991
oriol_romeu_vidal_1991,Oriol Romeu Vidal,oriol romeu vidal oriol romeu vidal,"[""Oriol Romeu"",""Oriol Romeu Vidal"",""Vidal""]",Spain,"CDM,CM",Midfield,1991,,,false,[],[],Spain,,Medium,1412,fifa_players_csv,oriol_romeu_vidal_1991
patrick_herrmann_1991,Patrick Herrmann,patrick herrmann p herrmann herrmann,"[""P. Herrmann"",""Patrick Herrmann"",""Herrmann""]",Germany,"RM,RW",Midfield,1991,,,false,[],[],Germany,,Medium,1412,fifa_players_csv,patrick_herrmann_1991
pedro_mba_obiang_avomo_1992,Pedro  Mba Obiang Avomo,pedro mba obiang avomo pedro obiang avomo,"[""Pedro Obiang"",""Pedro Mba Obiang Avomo"",""Avomo""]",Equatorial Guinea,"CDM,CM",Midfield,1992,,,false,[],[],Equatorial Guinea,,Medium,1412,fifa_players_csv,pedro_mba_obiang_avomo_1992
roberto_inglese_1991,Roberto Inglese,roberto inglese r inglese inglese,"[""R. Inglese"",""Roberto Inglese"",""Inglese""]",Italy,ST,Attack,1991,,,false,[],[],Italy,,Medium,1412,fifa_players_csv,roberto_inglese_1991
roberto_soriano_1991,Roberto Soriano,roberto soriano r soriano soriano,"[""R. Soriano"",""Roberto Soriano"",""Soriano""]",Italy,"LM,CM,CAM",Midfield,1991,,,false,[],[],Italy,,Medium,1412,fifa_players_csv,roberto_soriano_1991
yordan_hernando_osorio_paredes_1994,Yordan Hernando Osorio Paredes,yordan hernando osorio paredes y osorio paredes,"[""Y. Osorio"",""Yordan Hernando Osorio Paredes"",""Paredes""]",Venezuela,CB,Defence,1994,,,false,[],[],Vitória Guimarães,,Medium,1412,fifa_players_csv,yordan_hernando_osorio_paredes_1994
diego_valdes_1994,Diego Valdés,diego valdes d valdes valdes,"[""D. Valdés"",""Diego Valdés"",""Valdés""]",Chile,"CAM,CM",Midfield,1994,,,false,[],[],Santos Laguna,,Medium,1411,fifa_players_csv,diego_valdes_1994
marko_pjaca_1995,Marko Pjaca,marko pjaca m pjaca pjaca,"[""M. Pjaca"",""Marko Pjaca"",""Pjaca""]",Croatia,LW,Attack,1995,,,false,[],[],Croatia,,Medium,1411,fifa_players_csv,marko_pjaca_1995
orestis_karnezis_1985,Orestis Karnezis,orestis karnezis o karnezis karnezis,"[""O. Karnezis"",""Orestis Karnezis"",""Karnezis""]",Greece,GK,Goalkeeper,1985,,,false,[],[],Greece,,Medium,1411,fifa_players_csv,orestis_karnezis_1985
patrick_van_aanholt_1990,Patrick  van Aanholt,patrick van aanholt p van aanholt aanholt,"[""P. van Aanholt"",""Patrick van Aanholt"",""Aanholt""]",Netherlands,LB,Defence,1990,,,false,[],[],Netherlands,,Medium,1411,fifa_players_csv,patrick_van_aanholt_1990
1984_24,長谷 部誠,m hasebe,"[""M. Hasebe""]",Japan,"CB,CDM",Defence,1984,,,false,[],[],Japan,,Medium,1411,fifa_players_csv,1984_24
alan_douglas_borges_de_carvalho_1989,Alan Douglas Borges de Carvalho,alan douglas borges de carvalho alan carvalho carvalho,"[""Alan Carvalho"",""Alan Douglas Borges de Carvalho"",""Carvalho""]",Brazil,"ST,LW",Attack,1989,,,false,[],[],Brazil,,Medium,1410,fifa_players_csv,alan_douglas_borges_de_carvalho_1989
alexandros_paschalakis_1989,Alexandros  Paschalakis,alexandros paschalakis a paschalakis paschalakis,"[""A. Paschalakis"",""Alexandros Paschalakis"",""Paschalakis""]",Greece,GK,Goalkeeper,1989,,,false,[],[],Greece,,Medium,1410,fifa_players_csv,alexandros_paschalakis_1989
andre_filipe_bras_andre_1989,André Filipe Brás André,andre filipe bras andre andre andre andre,"[""André André"",""André Filipe Brás André"",""André""]",Portugal,"CM,CDM",Midfield,1989,,,false,[],[],Portugal,,Medium,1410,fifa_players_csv,andre_filipe_bras_andre_1989
andrea_bertolacci_1991,Andrea Bertolacci,andrea bertolacci a bertolacci bertolacci,"[""A. Bertolacci"",""Andrea Bertolacci"",""Bertolacci""]",Italy,"CM,CDM",Midfield,1991,,,false,[],[],Italy,,Medium,1410,fifa_players_csv,andrea_bertolacci_1991
andrea_poli_1989,Andrea Poli,andrea poli a poli poli,"[""A. Poli"",""Andrea Poli"",""Poli""]",Italy,CM,Midfield,1989,,,false,[],[],Italy,,Medium,1410,fifa_players_csv,andrea_poli_1989
arthur_henrique_ramos_oliveira_melo_1996,Arthur Henrique Ramos Oliveira Melo,arthur henrique ramos oliveira melo arthur melo,"[""Arthur"",""Arthur Henrique Ramos Oliveira Melo"",""Melo""]",Brazil,CM,Midfield,1996,,,false,[],[],Brazil,,Medium,1410,fifa_players_csv,arthur_henrique_ramos_oliveira_melo_1996
benjamin_andre_1990,Benjamin André,benjamin andre b andre andre,"[""B. André"",""Benjamin André"",""André""]",France,"CM,CDM",Midfield,1990,,,false,[],[],France,,Medium,1410,fifa_players_csv,benjamin_andre_1990
benjamin_moukandjo_bile_1988,Benjamin Moukandjo Bilé,benjamin moukandjo bile b moukandjo bile,"[""B. Moukandjo"",""Benjamin Moukandjo Bilé"",""Bilé""]",Cameroon,"ST,RM",Attack,1988,,,false,[],[],Cameroon,,Medium,1410,fifa_players_csv,benjamin_moukandjo_bile_1988
carlos_eduardo_de_oliveira_alves_1989,Carlos Eduardo de Oliveira Alves,carlos eduardo de oliveira alves carlos eduardo alves,"[""Carlos Eduardo"",""Carlos Eduardo de Oliveira Alves"",""Alves""]",Brazil,"CAM,ST,CF,CM",Midfield,1989,,,false,[],[],Brazil,,Medium,1410,fifa_players_csv,carlos_eduardo_de_oliveira_alves_1989
clement_grenier_1991,Clément Grenier,clement grenier c grenier grenier,"[""C. Grenier"",""Clément Grenier"",""Grenier""]",France,"CM,CDM,CAM",Midfield,1991,,,false,[],[],France,,Medium,1410,fifa_players_csv,clement_grenier_1991
fabian_ruiz_pena_1996,Fabián Ruiz Peña,fabian ruiz pena fabian pena,"[""Fabián"",""Fabián Ruiz Peña"",""Peña""]",Spain,"CM,CDM,CAM",Midfield,1996,,,false,[],[],Spain,,Medium,1410,fifa_players_csv,fabian_ruiz_pena_1996
felipe_salvador_caicedo_corozo_1988,Felipe Salvador Caicedo Corozo,felipe salvador caicedo corozo f caicedo corozo,"[""F. Caicedo"",""Felipe Salvador Caicedo Corozo"",""Corozo""]",Ecuador,ST,Attack,1988,,,false,[],[],Ecuador,,Medium,1410,fifa_players_csv,felipe_salvador_caicedo_corozo_1988
james_mcclean_1989,James McClean,james mcclean j mcclean mcclean,"[""J. McClean"",""James McClean"",""McClean""]",Republic of Ireland,"LW,LM,ST",Attack,1989,,,false,[],[],Republic of Ireland,,Medium,1410,fifa_players_csv,james_mcclean_1989
jonas_lossl_1989,Jonas Lössl,jonas lossl j lossl lossl,"[""J. Lössl"",""Jonas Lössl"",""Lössl""]",Denmark,GK,Goalkeeper,1989,,,false,[],[],Denmark,,Medium,1410,fifa_players_csv,jonas_lossl_1989
jonas_martin_1990,Jonas Martin,jonas martin j martin martin,"[""J. Martin"",""Jonas Martin"",""Martin""]",France,"CM,CAM",Midfield,1990,,,false,[],[],France,,Medium,1410,fifa_players_csv,jonas_martin_1990
karol_linetty_1995,Karol Linetty,karol linetty k linetty linetty,"[""K. Linetty"",""Karol Linetty"",""Linetty""]",Poland,CM,Midfield,1995,,,false,[],[],Poland,,Medium,1410,fifa_players_csv,karol_linetty_1995
lukas_reiff_lerager_1993,Lukas Reiff Lerager,lukas reiff lerager l lerager lerager,"[""L. Lerager"",""Lukas Reiff Lerager"",""Lerager""]",Denmark,"CM,CDM",Midfield,1993,,,false,[],[],Denmark,,Medium,1410,fifa_players_csv,lukas_reiff_lerager_1993
marc_albrighton_1989,Marc Albrighton,marc albrighton m albrighton albrighton,"[""M. Albrighton"",""Marc Albrighton"",""Albrighton""]",England,"RM,LM",Midfield,1989,,,false,[],[],England,,Medium,1410,fifa_players_csv,marc_albrighton_1989
robin_quaison_1993,Robin Quaison,robin quaison r quaison quaison,"[""R. Quaison"",""Robin Quaison"",""Quaison""]",Sweden,"CF,ST,LW",Attack,1993,,,false,[],[],Sweden,,Medium,1410,fifa_players_csv,robin_quaison_1993
alexander_szymanowski_1988,Alexander Szymanowski,alexander szymanowski a szymanowski szymanowski,"[""A. Szymanowski"",""Alexander Szymanowski"",""Szymanowski""]",Argentina,"LM,CM,LW",Midfield,1988,,,false,[],[],Argentina,,Medium,1409,fifa_players_csv,alexander_szymanowski_1988
benjamin_henrichs_1997,Benjamin Henrichs,benjamin henrichs b henrichs henrichs,"[""B. Henrichs"",""Benjamin Henrichs"",""Henrichs""]",Germany,"RB,LB,RM",Defence,1997,,,false,[],[],Germany,,Medium,1409,fifa_players_csv,benjamin_henrichs_1997
craig_cathcart_1989,Craig Cathcart,craig cathcart c cathcart cathcart,"[""C. Cathcart"",""Craig Cathcart"",""Cathcart""]",Northern Ireland,"CB,RB",Defence,1989,,,false,[],[],Northern Ireland,,Medium,1409,fifa_players_csv,craig_cathcart_1989
diego_mario_buonanotte_rende_1988,Diego Mario Buonanotte Rende,diego mario buonanotte rende d buonanotte rende,"[""D. Buonanotte"",""Diego Mario Buonanotte Rende"",""Rende""]",Argentina,CAM,Midfield,1988,,,false,[],[],Argentina,,Medium,1409,fifa_players_csv,diego_mario_buonanotte_rende_1988
fabian_johnson_1987,Fabian Johnson,fabian johnson f johnson johnson,"[""F. Johnson"",""Fabian Johnson"",""Johnson""]",United States,"LM,RB",Midfield,1987,,,false,[],[],United States,,Medium,1409,fifa_players_csv,fabian_johnson_1987
federico_mancuello_1989,Federico Mancuello,federico mancuello f mancuello mancuello,"[""F. Mancuello"",""Federico Mancuello"",""Mancuello""]",Argentina,"CAM,CM,LM",Midfield,1989,,,false,[],[],Argentina,,Medium,1409,fifa_players_csv,federico_mancuello_1989
jack_cork_1989,Jack Cork,jack cork j cork cork,"[""J. Cork"",""Jack Cork"",""Cork""]",England,CM,Midfield,1989,,,false,[],[],England,,Medium,1409,fifa_players_csv,jack_cork_1989
junior_alonso_1993,Junior Alonso,junior alonso j alonso alonso,"[""J. Alonso"",""Junior Alonso"",""Alonso""]",Paraguay,"CB,LB",Defence,1993,,,false,[],[],Boca Juniors,,Medium,1409,fifa_players_csv,junior_alonso_1993
mehdi_carcela_gonzalez_1989,Mehdi Carcela-González,mehdi carcela gonzalez m carcela gonzalez carcela gonzalez,"[""M. Carcela-González"",""Mehdi Carcela-González"",""Carcela-González""]",Morocco,"CAM,RM,LM",Midfield,1989,,,false,[],[],Morocco,,Medium,1409,fifa_players_csv,mehdi_carcela_gonzalez_1989
nicolai_muller_1987,Nicolai Müller,nicolai muller n muller muller,"[""N. Müller"",""Nicolai Müller"",""Müller""]",Germany,"RM,LM",Midfield,1987,,,false,[],[],Germany,,Medium,1409,fifa_players_csv,nicolai_muller_1987
renzo_saravia_1993,Renzo Saravia,renzo saravia r saravia saravia,"[""R. Saravia"",""Renzo Saravia"",""Saravia""]",Argentina,RB,Defence,1993,,,false,[],[],Racing Club,,Medium,1409,fifa_players_csv,renzo_saravia_1993
simon_terodde_1988,Simon Terodde,simon terodde s terodde terodde,"[""S. Terodde"",""Simon Terodde"",""Terodde""]",Germany,ST,Attack,1988,,,false,[],[],Germany,,Medium,1409,fifa_players_csv,simon_terodde_1988
vadis_odjidja_ofoe_1989,Vadis Odjidja-Ofoe,vadis odjidja ofoe v odjidja ofoe odjidja ofoe,"[""V. Odjidja-Ofoe"",""Vadis Odjidja-Ofoe"",""Odjidja-Ofoe""]",Belgium,"CM,CDM,CAM",Midfield,1989,,,false,[],[],Belgium,,Medium,1409,fifa_players_csv,vadis_odjidja_ofoe_1989
valentino_lazaro_1996,Valentino Lazaro,valentino lazaro v lazaro lazaro,"[""V. Lazaro"",""Valentino Lazaro"",""Lazaro""]",Austria,"RB,RM,CAM,LM",Defence,1996,,,false,[],[],Austria,,Medium,1409,fifa_players_csv,valentino_lazaro_1996
vincent_koziello_1995,Vincent Koziello,vincent koziello v koziello koziello,"[""V. Koziello"",""Vincent Koziello"",""Koziello""]",France,"CM,CDM",Midfield,1995,,,false,[],[],France,,Medium,1409,fifa_players_csv,vincent_koziello_1995
yannick_gerhardt_1994,Yannick Gerhardt,yannick gerhardt y gerhardt gerhardt,"[""Y. Gerhardt"",""Yannick Gerhardt"",""Gerhardt""]",Germany,"CM,LB,LM",Midfield,1994,,,false,[],[],Germany,,Medium,1409,fifa_players_csv,yannick_gerhardt_1994
clement_lenglet_1995,Clément Lenglet,clement lenglet c lenglet lenglet,"[""C. Lenglet"",""Clément Lenglet"",""Lenglet""]",France,CB,Defence,1995,,,false,[],[],France,,Medium,1408,fifa_players_csv,clement_lenglet_1995
kaan_ayhan_1994,Kaan Ayhan,kaan ayhan k ayhan ayhan,"[""K. Ayhan"",""Kaan Ayhan"",""Ayhan""]",Turkey,"CB,CDM",Defence,1994,,,false,[],[],Turkey,,Medium,1408,fifa_players_csv,kaan_ayhan_1994
lorenzo_tonelli_1990,Lorenzo Tonelli,lorenzo tonelli l tonelli tonelli,"[""L. Tonelli"",""Lorenzo Tonelli"",""Tonelli""]",Italy,CB,Defence,1990,,,false,[],[],Italy,,Medium,1408,fifa_players_csv,lorenzo_tonelli_1990
m_baye_babacar_niang_1994,M'Baye Babacar Niang,m baye babacar niang m niang niang,"[""M. Niang"",""M'Baye Babacar Niang"",""Niang""]",Senegal,"LW,ST",Attack,1994,,,false,[],[],Senegal,,Medium,1408,fifa_players_csv,m_baye_babacar_niang_1994
martin_montoya_torralbo_1991,Martín Montoya Torralbo,martin montoya torralbo montoya torralbo,"[""Montoya"",""Martín Montoya Torralbo"",""Torralbo""]",Spain,RB,Defence,1991,,,false,[],[],Spain,,Medium,1408,fifa_players_csv,martin_montoya_torralbo_1991
thomas_partey_1993,Thomas Partey,thomas partey t partey partey,"[""T. Partey"",""Thomas Partey"",""Partey""]",Ghana,"CDM,CM,RM,RB",Midfield,1993,,,false,[],[],Ghana,,Medium,1408,fifa_players_csv,thomas_partey_1993
tin_jedvaj_1995,Tin Jedvaj,tin jedvaj t jedvaj jedvaj,"[""T. Jedvaj"",""Tin Jedvaj"",""Jedvaj""]",Croatia,"CB,RB,LB",Defence,1995,,,false,[],[],Croatia,,Medium,1408,fifa_players_csv,tin_jedvaj_1995
tobias_strobl_1990,Tobias Strobl,tobias strobl t strobl strobl,"[""T. Strobl"",""Tobias Strobl"",""Strobl""]",Germany,"CDM,CB",Midfield,1990,,,false,[],[],Germany,,Medium,1408,fifa_players_csv,tobias_strobl_1990
bacary_sagna_1983,Bacary Sagna,bacary sagna b sagna sagna,"[""B. Sagna"",""Bacary Sagna"",""Sagna""]",France,"RB,CB",Defence,1983,,,false,[],[],France,,Medium,1407,fifa_players_csv,bacary_sagna_1983
bibras_natcho_1988,Bibras Natcho,bibras natcho b natcho natcho,"[""B. Natcho"",""Bibras Natcho"",""Natcho""]",Israel,"CM,CDM",Midfield,1988,,,false,[],[],Israel,,Medium,1407,fifa_players_csv,bibras_natcho_1988
cristian_daniel_ansaldi_1986,Cristian Daniel Ansaldi,cristian daniel ansaldi c ansaldi ansaldi,"[""C. Ansaldi"",""Cristian Daniel Ansaldi"",""Ansaldi""]",Argentina,"LM,LB",Midfield,1986,,,false,[],[],Argentina,,Medium,1407,fifa_players_csv,cristian_daniel_ansaldi_1986
dennis_praet_1994,Dennis Praet,dennis praet d praet praet,"[""D. Praet"",""Dennis Praet"",""Praet""]",Belgium,"CM,CAM",Midfield,1994,,,false,[],[],Belgium,,Medium,1407,fifa_players_csv,dennis_praet_1994
eljero_elia_1987,Eljero Elia,eljero elia e elia elia,"[""E. Elia"",""Eljero Elia"",""Elia""]",Netherlands,"LM,LW",Midfield,1987,,,false,[],[],Netherlands,,Medium,1407,fifa_players_csv,eljero_elia_1987
joao_alves_de_assis_silva_1987,João Alves de Assis Silva,joao alves de assis silva jo silva,"[""Jô"",""João Alves de Assis Silva"",""Silva""]",Brazil,ST,Attack,1987,,,false,[],[],Brazil,,Medium,1407,fifa_players_csv,joao_alves_de_assis_silva_1987
jonathan_de_guzman_1987,Jonathan  de Guzmán,jonathan de guzman j de guzman guzman,"[""J. De Guzmán"",""Jonathan de Guzmán"",""Guzmán""]",Netherlands,"CM,CDM,CAM",Midfield,1987,,,false,[],[],Netherlands,,Medium,1407,fifa_players_csv,jonathan_de_guzman_1987
martin_harnik_1987,Martin Harnik,martin harnik m harnik harnik,"[""M. Harnik"",""Martin Harnik"",""Harnik""]",Austria,"ST,RM",Attack,1987,,,false,[],[],Austria,,Medium,1407,fifa_players_csv,martin_harnik_1987
mauro_matias_zarate_1987,Mauro Matías Zárate,mauro matias zarate m zarate zarate,"[""M. Zárate"",""Mauro Matías Zárate"",""Zárate""]",Argentina,"ST,CF,CAM,LM",Attack,1987,,,false,[],[],Argentina,,Medium,1407,fifa_players_csv,mauro_matias_zarate_1987
stuart_armstrong_1992,Stuart Armstrong,stuart armstrong s armstrong armstrong,"[""S. Armstrong"",""Stuart Armstrong"",""Armstrong""]",Scotland,"CAM,CDM,CM",Midfield,1992,,,false,[],[],Scotland,,Medium,1407,fifa_players_csv,stuart_armstrong_1992
thomas_strakosha_1995,Thomas Strakosha,thomas strakosha t strakosha strakosha,"[""T. Strakosha"",""Thomas Strakosha"",""Strakosha""]",Albania,GK,Goalkeeper,1995,,,false,[],[],Albania,,Medium,1407,fifa_players_csv,thomas_strakosha_1995
darwin_machis_1993,Darwin Machís,darwin machis d machis machis,"[""D. Machís"",""Darwin Machís"",""Machís""]",Venezuela,"LW,RW,CAM",Attack,1993,,,false,[],[],Venezuela,,Medium,1406,fifa_players_csv,darwin_machis_1993
florian_kainz_1992,Florian Kainz,florian kainz f kainz kainz,"[""F. Kainz"",""Florian Kainz"",""Kainz""]",Austria,"LM,CM,CAM",Midfield,1992,,,false,[],[],Austria,,Medium,1406,fifa_players_csv,florian_kainz_1992
james_mccarthy_1990,James McCarthy,james mccarthy j mccarthy mccarthy,"[""J. McCarthy"",""James McCarthy"",""McCarthy""]",Republic of Ireland,"CDM,CM",Midfield,1990,,,false,[],[],Republic of Ireland,,Medium,1406,fifa_players_csv,james_mccarthy_1990
jeff_hendrick_1992,Jeff Hendrick,jeff hendrick j hendrick hendrick,"[""J. Hendrick"",""Jeff Hendrick"",""Hendrick""]",Republic of Ireland,"CAM,CM",Midfield,1992,,,false,[],[],Republic of Ireland,,Medium,1406,fifa_players_csv,jeff_hendrick_1992
juan_guilherme_nunes_jesus_1991,Juan Guilherme Nunes Jesus,juan guilherme nunes jesus juan jesus jesus,"[""Juan Jesus"",""Juan Guilherme Nunes Jesus"",""Jesus""]",Brazil,"CB,LB",Defence,1991,,,false,[],[],Brazil,,Medium,1406,fifa_players_csv,juan_guilherme_nunes_jesus_1991
juraj_kucka_1987,Juraj Kucka,juraj kucka j kucka kucka,"[""J. Kucka"",""Juraj Kucka"",""Kucka""]",Slovakia,"CM,CDM",Midfield,1987,,,false,[],[],Slovakia,,Medium,1406,fifa_players_csv,juraj_kucka_1987
lebo_mothiba_1996,Lebo Mothiba,lebo mothiba l mothiba mothiba,"[""L. Mothiba"",""Lebo Mothiba"",""Mothiba""]",South Africa,ST,Attack,1996,,,false,[],[],South Africa,,Medium,1406,fifa_players_csv,lebo_mothiba_1996
rodolfo_pizarro_1994,Rodolfo Pizarro,rodolfo pizarro r pizarro pizarro,"[""R. Pizarro"",""Rodolfo Pizarro"",""Pizarro""]",Mexico,"CAM,LM,CM",Midfield,1994,,,false,[],[],Mexico,,Medium,1406,fifa_players_csv,rodolfo_pizarro_1994
romulo_otero_vasquez_1992,Rómulo Otero Vásquez,romulo otero vasquez r otero vasquez,"[""R. Otero"",""Rómulo Otero Vásquez"",""Vásquez""]",Venezuela,"LM,CAM,LW",Midfield,1992,,,false,[],[],Al Wehda,,Medium,1406,fifa_players_csv,romulo_otero_vasquez_1992
ben_foster_1983,Ben Foster,ben foster b foster foster,"[""B. Foster"",""Ben Foster"",""Foster""]",England,GK,Goalkeeper,1983,,,false,[],[],England,,Medium,1405,fifa_players_csv,ben_foster_1983
callum_mcgregor_1993,Callum McGregor,callum mcgregor c mcgregor mcgregor,"[""C. McGregor"",""Callum McGregor"",""McGregor""]",Scotland,"CDM,CAM,LM,LB",Midfield,1993,,,false,[],[],Scotland,,Medium,1405,fifa_players_csv,callum_mcgregor_1993
emerson_palmieri_dos_santos_1994,Emerson Palmieri dos Santos,emerson palmieri dos santos emerson santos,"[""Emerson"",""Emerson Palmieri dos Santos"",""Santos""]",Italy,"LB,LM",Defence,1994,,,false,[],[],Italy,,Medium,1405,fifa_players_csv,emerson_palmieri_dos_santos_1994
frederik_r_nnow_1992,Frederik Rønnow,frederik r nnow f r nnow r nnow,"[""F. Rønnow"",""Frederik Rønnow"",""Rønnow""]",Denmark,GK,Goalkeeper,1992,,,false,[],[],Denmark,,Medium,1405,fifa_players_csv,frederik_r_nnow_1992
jiri_pavlenka_1992,Jiří Pavlenka,jiri pavlenka j pavlenka pavlenka,"[""J. Pavlenka"",""Jiří Pavlenka"",""Pavlenka""]",Czech Republic,GK,Goalkeeper,1992,,,false,[],[],Czech Republic,,Medium,1405,fifa_players_csv,jiri_pavlenka_1992
nestor_alejandro_araujo_razo_1991,Néstor Alejandro Araújo Razo,nestor alejandro araujo razo n araujo razo,"[""N. Araújo"",""Néstor Alejandro Araújo Razo"",""Razo""]",Mexico,CB,Defence,1991,,,false,[],[],Mexico,,Medium,1405,fifa_players_csv,nestor_alejandro_araujo_razo_1991
sebastien_haller_1994,Sébastien Haller,sebastien haller s haller haller,"[""S. Haller"",""Sébastien Haller"",""Haller""]",France,ST,Attack,1994,,,false,[],[],France,,Medium,1405,fifa_players_csv,sebastien_haller_1994
volkan_babacan_1988,Volkan Babacan,volkan babacan v babacan babacan,"[""V. Babacan"",""Volkan Babacan"",""Babacan""]",Turkey,GK,Goalkeeper,1988,,,false,[],[],Turkey,,Medium,1405,fifa_players_csv,volkan_babacan_1988
aleix_vidal_parreu_1989,Aleix Vidal Parreu,aleix vidal parreu aleix vidal parreu,"[""Aleix Vidal"",""Aleix Vidal Parreu"",""Parreu""]",Spain,"RB,RM",Defence,1989,,,false,[],[],Spain,,Medium,1404,fifa_players_csv,aleix_vidal_parreu_1989
daryl_janmaat_1989,Daryl Janmaat,daryl janmaat d janmaat janmaat,"[""D. Janmaat"",""Daryl Janmaat"",""Janmaat""]",Netherlands,"RB,RWB",Defence,1989,,,false,[],[],Netherlands,,Medium,1404,fifa_players_csv,daryl_janmaat_1989
ermin_bicakcic_1990,Ermin Bičakčić,ermin bicakcic e bicakcic bicakcic,"[""E. Bičakčić"",""Ermin Bičakčić"",""Bičakčić""]",Bosnia Herzegovina,CB,Defence,1990,,,false,[],[],Bosnia Herzegovina,,Medium,1404,fifa_players_csv,ermin_bicakcic_1990
fabian_orellana_1986,Fabián Orellana,fabian orellana f orellana orellana,"[""F. Orellana"",""Fabián Orellana"",""Orellana""]",Chile,"RM,CAM,LM",Midfield,1986,,,false,[],[],Chile,,Medium,1404,fifa_players_csv,fabian_orellana_1986
filip_helander_1993,Filip Helander,filip helander f helander helander,"[""F. Helander"",""Filip Helander"",""Helander""]",Sweden,CB,Defence,1993,,,false,[],[],Sweden,,Medium,1404,fifa_players_csv,filip_helander_1993
ivan_radovanovic_1988,Ivan Radovanović,ivan radovanovic i radovanovic radovanovic,"[""I. Radovanović"",""Ivan Radovanović"",""Radovanović""]",Serbia,"CDM,CM,CB",Midfield,1988,,,false,[],[],Serbia,,Medium,1404,fifa_players_csv,ivan_radovanovic_1988
jonatan_soriano_casas_1985,Jonatan Soriano Casas,jonatan soriano casas jonatan soriano casas,"[""Jonatan Soriano"",""Jonatan Soriano Casas"",""Casas""]",Spain,"ST,CF",Attack,1985,,,false,[],[],Spain,,Medium,1404,fifa_players_csv,jonatan_soriano_casas_1985
mehmet_zeki_celik_1997,Mehmet Zeki Çelik,mehmet zeki celik m celik celik,"[""M. Çelik"",""Mehmet Zeki Çelik"",""Çelik""]",Turkey,RB,Defence,1997,,,false,[],[],Turkey,,Medium,1404,fifa_players_csv,mehmet_zeki_celik_1997
serigne_modou_kara_mbodji_1989,Serigne Modou Kara Mbodji,serigne modou kara mbodji k mbodji mbodji,"[""K. Mbodji"",""Serigne Modou Kara Mbodji"",""Mbodji""]",Senegal,CB,Defence,1989,,,false,[],[],Senegal,,Medium,1404,fifa_players_csv,serigne_modou_kara_mbodji_1989
timothy_chandler_1990,Timothy Chandler,timothy chandler t chandler chandler,"[""T. Chandler"",""Timothy Chandler"",""Chandler""]",United States,"RB,RWB,RM,LWB",Defence,1990,,,false,[],[],United States,,Medium,1404,fifa_players_csv,timothy_chandler_1990
yuri_berchiche_izeta_1990,Yuri Berchiche Izeta,yuri berchiche izeta yuri berchiche izeta,"[""Yuri Berchiche"",""Yuri Berchiche Izeta"",""Izeta""]",Spain,LB,Defence,1990,,,false,[],[],Spain,,Medium,1404,fifa_players_csv,yuri_berchiche_izeta_1990
adilson_patrick_edrada_pereira_1992,Adilson Patrick Edrada Pereira,adilson patrick edrada pereira adilson edrada pereira,"[""Adilson Edrada"",""Adilson Patrick Edrada Pereira"",""Pereira""]",Brazil,CAM,Midfield,1992,,,false,[],[],Brazil,,Medium,1402,fifa_players_csv,adilson_patrick_edrada_pereira_1992
alex_renato_ibarra_mina_1991,Alex Renato Ibarra Mina,alex renato ibarra mina r ibarra mina,"[""R. Ibarra"",""Alex Renato Ibarra Mina"",""Mina""]",Ecuador,RM,Midfield,1991,,,false,[],[],Club América,,Medium,1402,fifa_players_csv,alex_renato_ibarra_mina_1991
angelo_obinze_ogbonna_1988,Angelo Obinze Ogbonna,angelo obinze ogbonna a ogbonna ogbonna,"[""A. Ogbonna"",""Angelo Obinze Ogbonna"",""Ogbonna""]",Italy,CB,Defence,1988,,,false,[],[],Italy,,Medium,1402,fifa_players_csv,angelo_obinze_ogbonna_1988
blerim_dzemaili_1986,Blerim Džemaili,blerim dzemaili b dzemaili dzemaili,"[""B. Džemaili"",""Blerim Džemaili"",""Džemaili""]",Switzerland,"CM,CAM",Midfield,1986,,,false,[],[],Switzerland,,Medium,1402,fifa_players_csv,blerim_dzemaili_1986
christopher_paolo_cesar_hurtado_huertas_1990,Christopher Paolo César Hurtado Huertas,christopher paolo cesar hurtado huertas p hurtado huertas,"[""P. Hurtado"",""Christopher Paolo César Hurtado Huertas"",""Huertas""]",Peru,CAM,Midfield,1990,,,false,[],[],Peru,,Medium,1402,fifa_players_csv,christopher_paolo_cesar_hurtado_huertas_1990
danilo_manuel_aldair_rochela_1992,Danilo Manuel Aldair Rochela,danilo manuel aldair rochela dani rochelinhas rochela,"[""Dani Rochelinhas"",""Danilo Manuel Aldair Rochela"",""Rochela""]",Brazil,"CAM,CM",Midfield,1992,,,false,[],[],Brazil,,Medium,1402,fifa_players_csv,danilo_manuel_aldair_rochela_1992
fabian_lustenberger_1988,Fabian Lustenberger,fabian lustenberger f lustenberger lustenberger,"[""F. Lustenberger"",""Fabian Lustenberger"",""Lustenberger""]",Switzerland,"CB,CDM",Defence,1988,,,false,[],[],Switzerland,,Medium,1402,fifa_players_csv,fabian_lustenberger_1988
fernando_marcal_de_oliveira_1989,Fernando Marçal de Oliveira,fernando marcal de oliveira marcal oliveira,"[""Marçal"",""Fernando Marçal de Oliveira"",""Oliveira""]",Brazil,"LB,CB",Defence,1989,,,false,[],[],Brazil,,Medium,1402,fifa_players_csv,fernando_marcal_de_oliveira_1989
marcel_schmelzer_1988,Marcel Schmelzer,marcel schmelzer m schmelzer schmelzer,"[""M. Schmelzer"",""Marcel Schmelzer"",""Schmelzer""]",Germany,LB,Defence,1988,,,false,[],[],Germany,,Medium,1402,fifa_players_csv,marcel_schmelzer_1988
martin_olsson_1988,Martin Olsson,martin olsson m olsson olsson,"[""M. Olsson"",""Martin Olsson"",""Olsson""]",Sweden,"LB,LWB",Defence,1988,,,false,[],[],Sweden,,Medium,1402,fifa_players_csv,martin_olsson_1988
nemanja_pejcinovic_1987,Nemanja Pejčinović,nemanja pejcinovic n pejcinovic pejcinovic,"[""N. Pejčinović"",""Nemanja Pejčinović"",""Pejčinović""]",Serbia,"CB,RB",Defence,1987,,,false,[],[],Serbia,,Medium,1402,fifa_players_csv,nemanja_pejcinovic_1987
oliver_norwood_1991,Oliver Norwood,oliver norwood o norwood norwood,"[""O. Norwood"",""Oliver Norwood"",""Norwood""]",Northern Ireland,CM,Midfield,1991,,,false,[],[],Northern Ireland,,Medium,1402,fifa_players_csv,oliver_norwood_1991
sam_vokes_1989,Sam Vokes,sam vokes s vokes vokes,"[""S. Vokes"",""Sam Vokes"",""Vokes""]",Wales,ST,Attack,1989,,,false,[],[],Wales,,Medium,1402,fifa_players_csv,sam_vokes_1989
teemu_pukki_1990,Teemu Pukki,teemu pukki t pukki pukki,"[""T. Pukki"",""Teemu Pukki"",""Pukki""]",Finland,"ST,CF",Attack,1990,,,false,[],[],Finland,,Medium,1402,fifa_players_csv,teemu_pukki_1990
adriano_correia_claro_1984,Adriano Correia Claro,adriano correia claro adriano claro,"[""Adriano"",""Adriano Correia Claro"",""Claro""]",Brazil,"LB,RB",Defence,1984,,,false,[],[],Brazil,,Medium,1401,fifa_players_csv,adriano_correia_claro_1984
christian_bassogog_1995,Christian Bassogog,christian bassogog c bassogog bassogog,"[""C. Bassogog"",""Christian Bassogog"",""Bassogog""]",Cameroon,"ST,RM,LM",Attack,1995,,,false,[],[],Henan Jianye FC,,Medium,1401,fifa_players_csv,christian_bassogog_1995
mikael_lustig_1986,Mikael Lustig,mikael lustig m lustig lustig,"[""M. Lustig"",""Mikael Lustig"",""Lustig""]",Sweden,"RB,CB",Defence,1986,,,false,[],[],Sweden,,Medium,1401,fifa_players_csv,mikael_lustig_1986
paul_dummett_1991,Paul Dummett,paul dummett p dummett dummett,"[""P. Dummett"",""Paul Dummett"",""Dummett""]",Wales,LB,Defence,1991,,,false,[],[],Wales,,Medium,1401,fifa_players_csv,paul_dummett_1991
saphir_sliti_taider_1992,Saphir Sliti Taïder,saphir sliti taider s taider taider,"[""S. Taïder"",""Saphir Sliti Taïder"",""Taïder""]",Algeria,"CM,CDM",Midfield,1992,,,false,[],[],Algeria,,Medium,1401,fifa_players_csv,saphir_sliti_taider_1992
cyle_larin_1995,Cyle Larin,cyle larin c larin larin,"[""C. Larin"",""Cyle Larin"",""Larin""]",Canada,ST,Attack,1995,,,false,[],[],Canada,,Medium,1400,fifa_players_csv,cyle_larin_1995
harry_arter_1989,Harry Arter,harry arter h arter arter,"[""H. Arter"",""Harry Arter"",""Arter""]",Republic of Ireland,CM,Midfield,1989,,,false,[],[],Republic of Ireland,,Medium,1400,fifa_players_csv,harry_arter_1989
ignazio_abate_1986,Ignazio Abate,ignazio abate i abate abate,"[""I. Abate"",""Ignazio Abate"",""Abate""]",Italy,RB,Defence,1986,,,false,[],[],Italy,,Medium,1400,fifa_players_csv,ignazio_abate_1986
ishak_belfodil_1992,Ishak Belfodil,ishak belfodil i belfodil belfodil,"[""I. Belfodil"",""Ishak Belfodil"",""Belfodil""]",Algeria,"ST,CF",Attack,1992,,,false,[],[],Algeria,,Medium,1400,fifa_players_csv,ishak_belfodil_1992
jese_rodriguez_ruiz_1993,Jesé Rodríguez Ruiz,jese rodriguez ruiz jese ruiz,"[""Jesé"",""Jesé Rodríguez Ruiz"",""Ruiz""]",Spain,"LM,ST",Midfield,1993,,,false,[],[],Spain,,Medium,1400,fifa_players_csv,jese_rodriguez_ruiz_1993
jose_carlos_goncalves_rodrigues_1988,José Carlos Gonçalves Rodrigues,jose carlos goncalves rodrigues zeca rodrigues,"[""Zeca"",""José Carlos Gonçalves Rodrigues"",""Rodrigues""]",Greece,CM,Midfield,1988,,,false,[],[],Greece,,Medium,1400,fifa_players_csv,jose_carlos_goncalves_rodrigues_1988
jose_heriberto_izquierdo_mena_1992,José Heriberto Izquierdo Mena,jose heriberto izquierdo mena j izquierdo mena,"[""J. Izquierdo"",""José Heriberto Izquierdo Mena"",""Mena""]",Colombia,LM,Midfield,1992,,,false,[],[],Colombia,,Medium,1400,fifa_players_csv,jose_heriberto_izquierdo_mena_1992
junior_fernandes_1988,Júnior Fernandes,junior fernandes j fernandes fernandes,"[""J. Fernandes"",""Júnior Fernandes"",""Fernandes""]",Chile,"LM,RM,ST",Midfield,1988,,,false,[],[],Chile,,Medium,1400,fifa_players_csv,junior_fernandes_1988
kai_havertz_1999,Kai Havertz,kai havertz k havertz havertz,"[""K. Havertz"",""Kai Havertz"",""Havertz""]",Germany,"CAM,RM,CF",Midfield,1999,,,false,[],[],Germany,,Medium,1400,fifa_players_csv,kai_havertz_1999
ukasz_teodorczyk_1991,Łukasz Teodorczyk,ukasz teodorczyk l teodorczyk teodorczyk,"[""L. Teodorczyk"",""Łukasz Teodorczyk"",""Teodorczyk""]",Poland,ST,Attack,1991,,,false,[],[],Poland,,Medium,1400,fifa_players_csv,ukasz_teodorczyk_1991
nicola_sansone_1991,Nicola Sansone,nicola sansone n sansone sansone,"[""N. Sansone"",""Nicola Sansone"",""Sansone""]",Italy,"ST,LM,RM",Attack,1991,,,false,[],[],Italy,,Medium,1400,fifa_players_csv,nicola_sansone_1991
rogelio_gabriel_funes_mori_1991,Rogelio Gabriel Funes Mori,rogelio gabriel funes mori r funes mori mori,"[""R. Funes Mori"",""Rogelio Gabriel Funes Mori"",""Mori""]",Argentina,ST,Attack,1991,,,false,[],[],Argentina,,Medium,1400,fifa_players_csv,rogelio_gabriel_funes_mori_1991
sebastian_de_maio_1987,Sebastian De Maio,sebastian de maio s de maio maio,"[""S. De Maio"",""Sebastian De Maio"",""Maio""]",France,CB,Defence,1987,,,false,[],[],France,,Medium,1400,fifa_players_csv,sebastian_de_maio_1987
serdar_tasc_1987,Serdar Taşçı,serdar tasc s tasci tasc,"[""S. Tasci"",""Serdar Taşçı"",""Taşçı""]",Germany,CB,Defence,1987,,,false,[],[],Germany,,Medium,1400,fifa_players_csv,serdar_tasc_1987
valentin_eysseric_1992,Valentin Eysseric,valentin eysseric v eysseric eysseric,"[""V. Eysseric"",""Valentin Eysseric"",""Eysseric""]",France,"LW,RW",Attack,1992,,,false,[],[],France,,Medium,1400,fifa_players_csv,valentin_eysseric_1992
valon_berisha_1993,Valon Berisha,valon berisha v berisha berisha,"[""V. Berisha"",""Valon Berisha"",""Berisha""]",Kosovo,"LM,CM,CAM",Midfield,1993,,,false,[],[],Kosovo,,Medium,1400,fifa_players_csv,valon_berisha_1993
alexandru_ionut_mitrita_1995,Alexandru Ionuţ Mitriţă,alexandru ionut mitrita a mitrita mitrita,"[""A. Mitriţă"",""Alexandru Ionuţ Mitriţă"",""Mitriţă""]",Romania,"LW,LM",Attack,1995,,,false,[],[],Romania,,Medium,1399,fifa_players_csv,alexandru_ionut_mitrita_1995
caglar_soyuncu_1996,Çağlar Söyüncü,caglar soyuncu c soyuncu soyuncu,"[""C. Söyüncü"",""Çağlar Söyüncü"",""Söyüncü""]",Turkey,CB,Defence,1996,,,false,[],[],Turkey,,Medium,1399,fifa_players_csv,caglar_soyuncu_1996
jesus_gallardo_1994,Jesús Gallardo,jesus gallardo j gallardo gallardo,"[""J. Gallardo"",""Jesús Gallardo"",""Gallardo""]",Mexico,"LM,LW,LB",Midfield,1994,,,false,[],[],Monterrey,,Medium,1399,fifa_players_csv,jesus_gallardo_1994
jetro_willems_1994,Jetro Willems,jetro willems j willems willems,"[""J. Willems"",""Jetro Willems"",""Willems""]",Netherlands,"LWB,LB,LM,CDM",Defence,1994,,,false,[],[],Netherlands,,Medium,1399,fifa_players_csv,jetro_willems_1994
jordy_clasie_1991,Jordy Clasie,jordy clasie j clasie clasie,"[""J. Clasie"",""Jordy Clasie"",""Clasie""]",Netherlands,"CM,CDM",Midfield,1991,,,false,[],[],Netherlands,,Medium,1399,fifa_players_csv,jordy_clasie_1991
leon_bailey_butler_1997,Leon Bailey Butler,leon bailey butler l bailey butler,"[""L. Bailey"",""Leon Bailey Butler"",""Butler""]",Jamaica,"LM,RM",Midfield,1997,,,false,[],[],Jamaica,,Medium,1399,fifa_players_csv,leon_bailey_butler_1997
marco_bizot_1991,Marco Bizot,marco bizot m bizot bizot,"[""M. Bizot"",""Marco Bizot"",""Bizot""]",Netherlands,GK,Goalkeeper,1991,,,false,[],[],Netherlands,,Medium,1399,fifa_players_csv,marco_bizot_1991
robin_knoche_1992,Robin Knoche,robin knoche r knoche knoche,"[""R. Knoche"",""Robin Knoche"",""Knoche""]",Germany,CB,Defence,1992,,,false,[],[],Germany,,Medium,1399,fifa_players_csv,robin_knoche_1992
tamas_kadar_1990,Tamás Kádár,tamas kadar t kadar kadar,"[""T. Kádár"",""Tamás Kádár"",""Kádár""]",Hungary,"CB,LB",Defence,1990,,,false,[],[],Hungary,,Medium,1399,fifa_players_csv,tamas_kadar_1990
youssouf_sabaly_1993,Youssouf Sabaly,youssouf sabaly y sabaly sabaly,"[""Y. Sabaly"",""Youssouf Sabaly"",""Sabaly""]",Senegal,"RB,LB",Defence,1993,,,false,[],[],Senegal,,Medium,1399,fifa_players_csv,youssouf_sabaly_1993
albian_ajeti_1997,Albian Ajeti,albian ajeti a ajeti ajeti,"[""A. Ajeti"",""Albian Ajeti"",""Ajeti""]",Switzerland,"ST,CF",Attack,1997,,,false,[],[],FC Basel 1893,,Medium,1398,fifa_players_csv,albian_ajeti_1997
callum_paterson_1994,Callum Paterson,callum paterson c paterson paterson,"[""C. Paterson"",""Callum Paterson"",""Paterson""]",Scotland,"ST,CM,RB",Attack,1994,,,false,[],[],Scotland,,Medium,1398,fifa_players_csv,callum_paterson_1994
dominique_heintz_1993,Dominique Heintz,dominique heintz d heintz heintz,"[""D. Heintz"",""Dominique Heintz"",""Heintz""]",Germany,CB,Defence,1993,,,false,[],[],Germany,,Medium,1398,fifa_players_csv,dominique_heintz_1993
emanuele_giaccherini_1985,Emanuele Giaccherini,emanuele giaccherini e giaccherini giaccherini,"[""E. Giaccherini"",""Emanuele Giaccherini"",""Giaccherini""]",Italy,"LW,CM",Attack,1985,,,false,[],[],Italy,,Medium,1398,fifa_players_csv,emanuele_giaccherini_1985
gokhan_tore_1992,Gökhan Töre,gokhan tore g tore tore,"[""G. Töre"",""Gökhan Töre"",""Töre""]",Turkey,"RM,LM",Midfield,1992,,,false,[],[],Turkey,,Medium,1398,fifa_players_csv,gokhan_tore_1992
jemerson_de_jesus_nascimento_1992,Jemerson de Jesus Nascimento,jemerson de jesus nascimento jemerson nascimento,"[""Jemerson"",""Jemerson de Jesus Nascimento"",""Nascimento""]",Brazil,CB,Defence,1992,,,false,[],[],Brazil,,Medium,1398,fifa_players_csv,jemerson_de_jesus_nascimento_1992
jordan_ayew_1991,Jordan Ayew,jordan ayew j ayew ayew,"[""J. Ayew"",""Jordan Ayew"",""Ayew""]",Ghana,ST,Attack,1991,,,false,[],[],Ghana,,Medium,1398,fifa_players_csv,jordan_ayew_1991
luka_jovic_1997,Luka Jović,luka jovic l jovic jovic,"[""L. Jović"",""Luka Jović"",""Jović""]",Serbia,"ST,CAM",Attack,1997,,,false,[],[],Serbia,,Medium,1398,fifa_players_csv,luka_jovic_1997
milos_degenek_1994,Miloš Degenek,milos degenek m degenek degenek,"[""M. Degenek"",""Miloš Degenek"",""Degenek""]",Australia,CB,Defence,1994,,,false,[],[],Al Hilal,,Medium,1398,fifa_players_csv,milos_degenek_1994
ryan_christie_1995,Ryan Christie,ryan christie r christie christie,"[""R. Christie"",""Ryan Christie"",""Christie""]",Scotland,"CAM,CM,CDM,RM",Midfield,1995,,,false,[],[],Scotland,,Medium,1398,fifa_players_csv,ryan_christie_1995
sergio_alvarez_conde_1986,Sergio Álvarez Conde,sergio alvarez conde sergio conde,"[""Sergio"",""Sergio Álvarez Conde"",""Conde""]",Spain,GK,Goalkeeper,1986,,,false,[],[],Spain,,Medium,1398,fifa_players_csv,sergio_alvarez_conde_1986
teofilo_gutierrez_1985,Teófilo Gutiérrez,teofilo gutierrez t gutierrez gutierrez,"[""T. Gutiérrez"",""Teófilo Gutiérrez"",""Gutiérrez""]",Colombia,"ST,CAM",Attack,1985,,,false,[],[],Colombia,,Medium,1398,fifa_players_csv,teofilo_gutierrez_1985
vedad_ibisevic_1984,Vedad Ibišević,vedad ibisevic v ibisevic ibisevic,"[""V. Ibišević"",""Vedad Ibišević"",""Ibišević""]",Bosnia Herzegovina,ST,Attack,1984,,,false,[],[],Bosnia Herzegovina,,Medium,1398,fifa_players_csv,vedad_ibisevic_1984
will_grigg_1991,Will Grigg,will grigg w grigg grigg,"[""W. Grigg"",""Will Grigg"",""Grigg""]",Northern Ireland,ST,Attack,1991,,,false,[],[],Northern Ireland,,Medium,1398,fifa_players_csv,will_grigg_1991
ahmed_hassan_1993,Ahmed Hassan,ahmed hassan a hassan hassan,"[""A. Hassan"",""Ahmed Hassan"",""Hassan""]",Egypt,ST,Attack,1993,,,false,[],[],Egypt,,Medium,1397,fifa_players_csv,ahmed_hassan_1993
alberto_moreno_perez_1992,Alberto Moreno Pérez,alberto moreno perez alberto moreno perez,"[""Alberto Moreno"",""Alberto Moreno Pérez"",""Pérez""]",Spain,LB,Defence,1992,,,false,[],[],Spain,,Medium,1397,fifa_players_csv,alberto_moreno_perez_1992
angel_correa_1995,Ángel Correa,angel correa a correa correa,"[""A. Correa"",""Ángel Correa"",""Correa""]",Argentina,"RM,ST",Midfield,1995,,,false,[],[],Argentina,,Medium,1397,fifa_players_csv,angel_correa_1995
eliaquim_mangala_1991,Eliaquim Mangala,eliaquim mangala e mangala mangala,"[""E. Mangala"",""Eliaquim Mangala"",""Mangala""]",France,CB,Defence,1991,,,false,[],[],France,,Medium,1397,fifa_players_csv,eliaquim_mangala_1991
pablo_fornals_malla_1996,Pablo Fornals Malla,pablo fornals malla pablo fornals malla,"[""Pablo Fornals"",""Pablo Fornals Malla"",""Malla""]",Spain,"CAM,LM,RM,CM",Midfield,1996,,,false,[],[],Spain,,Medium,1397,fifa_players_csv,pablo_fornals_malla_1996
silvan_widmer_1993,Silvan Widmer,silvan widmer s widmer widmer,"[""S. Widmer"",""Silvan Widmer"",""Widmer""]",Switzerland,"RB,RM",Defence,1993,,,false,[],[],Switzerland,,Medium,1397,fifa_players_csv,silvan_widmer_1993
alberto_paloschi_1990,Alberto Paloschi,alberto paloschi a paloschi paloschi,"[""A. Paloschi"",""Alberto Paloschi"",""Paloschi""]",Italy,ST,Attack,1990,,,false,[],[],Italy,,Medium,1396,fifa_players_csv,alberto_paloschi_1990
carlos_sanchez_1986,Carlos Sánchez,carlos sanchez c sanchez sanchez,"[""C. Sánchez"",""Carlos Sánchez"",""Sánchez""]",Colombia,"CDM,CB",Midfield,1986,,,false,[],[],Colombia,,Medium,1396,fifa_players_csv,carlos_sanchez_1986
eduardo_vargas_1989,Eduardo Vargas,eduardo vargas e vargas vargas,"[""E. Vargas"",""Eduardo Vargas"",""Vargas""]",Chile,"ST,CAM",Attack,1989,,,false,[],[],Chile,,Medium,1396,fifa_players_csv,eduardo_vargas_1989
emre_colak_1991,Emre Çolak,emre colak e colak colak,"[""E. Çolak"",""Emre Çolak"",""Çolak""]",Turkey,"CAM,RM",Midfield,1991,,,false,[],[],Turkey,,Medium,1396,fifa_players_csv,emre_colak_1991
fabio_borini_1991,Fabio Borini,fabio borini f borini borini,"[""F. Borini"",""Fabio Borini"",""Borini""]",Italy,"LW,RM",Attack,1991,,,false,[],[],Italy,,Medium,1396,fifa_players_csv,fabio_borini_1991
jay_rodriguez_1989,Jay Rodriguez,jay rodriguez j rodriguez rodriguez,"[""J. Rodriguez"",""Jay Rodriguez"",""Rodriguez""]",England,ST,Attack,1989,,,false,[],[],England,,Medium,1396,fifa_players_csv,jay_rodriguez_1989
joel_veltman_1992,Joël Veltman,joel veltman j veltman veltman,"[""J. Veltman"",""Joël Veltman"",""Veltman""]",Netherlands,"RB,CB",Defence,1992,,,false,[],[],Netherlands,,Medium,1396,fifa_players_csv,joel_veltman_1992
kevin_malcuit_1991,Kévin Malcuit,kevin malcuit k malcuit malcuit,"[""K. Malcuit"",""Kévin Malcuit"",""Malcuit""]",France,"RB,RM",Defence,1991,,,false,[],[],France,,Medium,1396,fifa_players_csv,kevin_malcuit_1991
ragnar_klavan_1985,Ragnar Klavan,ragnar klavan r klavan klavan,"[""R. Klavan"",""Ragnar Klavan"",""Klavan""]",Estonia,CB,Defence,1985,,,false,[],[],Estonia,,Medium,1396,fifa_players_csv,ragnar_klavan_1985
roberto_jimenez_gago_1986,Roberto Jiménez Gago,roberto jimenez gago roberto gago,"[""Roberto"",""Roberto Jiménez Gago"",""Gago""]",Spain,GK,Goalkeeper,1986,,,false,[],[],Spain,,Medium,1396,fifa_players_csv,roberto_jimenez_gago_1986
sandro_ramirez_castillo_1995,Sandro  Ramírez Castillo,sandro ramirez castillo sandro castillo,"[""Sandro"",""Sandro Ramírez Castillo"",""Castillo""]",Spain,"ST,LM",Attack,1995,,,false,[],[],Spain,,Medium,1396,fifa_players_csv,sandro_ramirez_castillo_1995
sebastian_rode_1990,Sebastian Rode,sebastian rode s rode rode,"[""S. Rode"",""Sebastian Rode"",""Rode""]",Germany,"CDM,CM",Midfield,1990,,,false,[],[],Germany,,Medium,1396,fifa_players_csv,sebastian_rode_1990
valere_germain_1990,Valère Germain,valere germain v germain germain,"[""V. Germain"",""Valère Germain"",""Germain""]",France,ST,Attack,1990,,,false,[],[],France,,Medium,1396,fifa_players_csv,valere_germain_1990
yannis_salibur_1991,Yannis Salibur,yannis salibur y salibur salibur,"[""Y. Salibur"",""Yannis Salibur"",""Salibur""]",France,RM,Midfield,1991,,,false,[],[],France,,Medium,1396,fifa_players_csv,yannis_salibur_1991
adrian_lopez_alvarez_1988,Adrián López Álvarez,adrian lopez alvarez adrian alvarez,"[""Adrián"",""Adrián López Álvarez"",""Álvarez""]",Spain,"ST,LM",Attack,1988,,,false,[],[],Spain,,Medium,1395,fifa_players_csv,adrian_lopez_alvarez_1988
ander_iturraspe_derteano_1989,Ander Iturraspe Derteano,ander iturraspe derteano iturraspe derteano,"[""Iturraspe"",""Ander Iturraspe Derteano"",""Derteano""]",Spain,"CM,CDM",Midfield,1989,,,false,[],[],Spain,,Medium,1395,fifa_players_csv,ander_iturraspe_derteano_1989
andy_carroll_1989,Andy Carroll,andy carroll a carroll carroll,"[""A. Carroll"",""Andy Carroll"",""Carroll""]",England,ST,Attack,1989,,,false,[],[],England,,Medium,1395,fifa_players_csv,andy_carroll_1989
caiuby_francisco_da_silva_1988,Caiuby Francisco da Silva,caiuby francisco da silva caiuby silva,"[""Caiuby"",""Caiuby Francisco da Silva"",""Silva""]",Brazil,"LM,LW,ST",Midfield,1988,,,false,[],[],Brazil,,Medium,1395,fifa_players_csv,caiuby_francisco_da_silva_1988
fredy_henkyer_montero_munoz_1987,Fredy Henkyer Montero Muñoz,fredy henkyer montero munoz f montero munoz,"[""F. Montero"",""Fredy Henkyer Montero Muñoz"",""Muñoz""]",Colombia,ST,Attack,1987,,,false,[],[],Colombia,,Medium,1395,fifa_players_csv,fredy_henkyer_montero_munoz_1987
ilya_kutepov_1993,Ilya Kutepov,ilya kutepov i kutepov kutepov,"[""I. Kutepov"",""Ilya Kutepov"",""Kutepov""]",Russia,CB,Defence,1993,,,false,[],[],Russia,,Medium,1395,fifa_players_csv,ilya_kutepov_1993
miguel_almiron_1994,Miguel Almirón,miguel almiron m almiron almiron,"[""M. Almirón"",""Miguel Almirón"",""Almirón""]",Paraguay,CAM,Midfield,1994,,,false,[],[],Paraguay,,Medium,1395,fifa_players_csv,miguel_almiron_1994
onyinye_wilfred_ndidi_1996,Onyinye Wilfred Ndidi,onyinye wilfred ndidi w ndidi ndidi,"[""W. Ndidi"",""Onyinye Wilfred Ndidi"",""Ndidi""]",Nigeria,"CDM,CM",Midfield,1996,,,false,[],[],Nigeria,,Medium,1395,fifa_players_csv,onyinye_wilfred_ndidi_1996
oscar_wendt_1985,Oscar Wendt,oscar wendt o wendt wendt,"[""O. Wendt"",""Oscar Wendt"",""Wendt""]",Sweden,"LB,LM",Defence,1985,,,false,[],[],Sweden,,Medium,1395,fifa_players_csv,oscar_wendt_1985
peter_zulj_1993,Peter Žulj,peter zulj p zulj zulj,"[""P. Žulj"",""Peter Žulj"",""Žulj""]",Austria,"CM,CDM,CAM",Midfield,1993,,,false,[],[],Austria,,Medium,1395,fifa_players_csv,peter_zulj_1993
pierre_kunde_malong_1995,Pierre Kunde Malong,pierre kunde malong p kunde malong malong,"[""P. Kunde Malong"",""Pierre Kunde Malong"",""Malong""]",Cameroon,"CDM,CM",Midfield,1995,,,false,[],[],Cameroon,,Medium,1395,fifa_players_csv,pierre_kunde_malong_1995
robert_snodgrass_1987,Robert Snodgrass,robert snodgrass r snodgrass snodgrass,"[""R. Snodgrass"",""Robert Snodgrass"",""Snodgrass""]",Scotland,"RM,CM,LM",Midfield,1987,,,false,[],[],Scotland,,Medium,1395,fifa_players_csv,robert_snodgrass_1987
seko_fofana_1995,Seko Fofana,seko fofana s fofana fofana,"[""S. Fofana"",""Seko Fofana"",""Fofana""]",Ivory Coast,"CM,CDM",Midfield,1995,,,false,[],[],Ivory Coast,,Medium,1395,fifa_players_csv,seko_fofana_1995
tom_cleverley_1989,Tom Cleverley,tom cleverley t cleverley cleverley,"[""T. Cleverley"",""Tom Cleverley"",""Cleverley""]",England,"CM,CAM",Midfield,1989,,,false,[],[],England,,Medium,1395,fifa_players_csv,tom_cleverley_1989
1989_97,구자철 具滋哲,koo ja cheol,"[""Koo Ja Cheol""]",Korea Republic,"CAM,CM,RM",Midfield,1989,,,false,[],[],Korea Republic,,Medium,1395,fifa_players_csv,1989_97
1989_98,기성용 寄诚庸,ki sung yueng,"[""Ki Sung Yueng""]",Korea Republic,"CM,CDM",Midfield,1989,,,false,[],[],Korea Republic,,Medium,1395,fifa_players_csv,1989_98
aaron_long_1992,Aaron Long,aaron long a long long,"[""A. Long"",""Aaron Long"",""Long""]",United States,CB,Defence,1992,,,false,[],[],United States,,Medium,1394,fifa_players_csv,aaron_long_1992
ciaran_clark_1989,Ciaran Clark,ciaran clark c clark clark,"[""C. Clark"",""Ciaran Clark"",""Clark""]",Republic of Ireland,CB,Defence,1989,,,false,[],[],Republic of Ireland,,Medium,1394,fifa_players_csv,ciaran_clark_1989
daniel_baier_1984,Daniel Baier,daniel baier d baier baier,"[""D. Baier"",""Daniel Baier"",""Baier""]",Germany,CDM,Midfield,1984,,,false,[],[],Germany,,Medium,1394,fifa_players_csv,daniel_baier_1984
dario_cvitanich_1984,Darío Cvitanich,dario cvitanich d cvitanich cvitanich,"[""D. Cvitanich"",""Darío Cvitanich"",""Cvitanich""]",Argentina,ST,Attack,1984,,,false,[],[],Argentina,,Medium,1394,fifa_players_csv,dario_cvitanich_1984
dimitrios_kourmpelis_1993,Dimitrios Kourmpelis,dimitrios kourmpelis d kourmpelis kourmpelis,"[""D. Kourmpelis"",""Dimitrios Kourmpelis"",""Kourmpelis""]",Greece,"CDM,CB",Midfield,1993,,,false,[],[],Greece,,Medium,1394,fifa_players_csv,dimitrios_kourmpelis_1993
edson_alvarez_1997,Edson Álvarez,edson alvarez e alvarez alvarez,"[""E. Álvarez"",""Edson Álvarez"",""Álvarez""]",Mexico,"CB,CDM",Defence,1997,,,false,[],[],Club América,,Medium,1394,fifa_players_csv,edson_alvarez_1997
fredrik_midtsj_1993,Fredrik Midtsjø,fredrik midtsj f midtsj midtsj,"[""F. Midtsjø"",""Fredrik Midtsjø"",""Midtsjø""]",Norway,"CM,CDM",Midfield,1993,,,false,[],[],Norway,,Medium,1394,fifa_players_csv,fredrik_midtsj_1993
guillaume_hoarau_1984,Guillaume Hoarau,guillaume hoarau g hoarau hoarau,"[""G. Hoarau"",""Guillaume Hoarau"",""Hoarau""]",France,ST,Attack,1984,,,false,[],[],France,,Medium,1394,fifa_players_csv,guillaume_hoarau_1984
lamine_kone_1989,Lamine Koné,lamine kone l kone kone,"[""L. Koné"",""Lamine Koné"",""Koné""]",Ivory Coast,CB,Defence,1989,,,false,[],[],Côte d'Ivoire,,Medium,1394,fifa_players_csv,lamine_kone_1989
lucas_cavallini_1992,Lucas Cavallini,lucas cavallini l cavallini cavallini,"[""L. Cavallini"",""Lucas Cavallini"",""Cavallini""]",Canada,ST,Attack,1992,,,false,[],[],Puebla FC,,Medium,1394,fifa_players_csv,lucas_cavallini_1992
marcus_coco_1996,Marcus Coco,marcus coco m coco coco,"[""M. Coco"",""Marcus Coco"",""Coco""]",France,"RM,LM",Midfield,1996,,,false,[],[],France,,Medium,1394,fifa_players_csv,marcus_coco_1996
marko_rog_1995,Marko Rog,marko rog m rog rog,"[""M. Rog"",""Marko Rog"",""Rog""]",Croatia,CM,Midfield,1995,,,false,[],[],Croatia,,Medium,1394,fifa_players_csv,marko_rog_1995
renato_tapia_1995,Renato Tapia,renato tapia r tapia tapia,"[""R. Tapia"",""Renato Tapia"",""Tapia""]",Peru,"CDM,CM",Midfield,1995,,,false,[],[],Peru,,Medium,1394,fifa_players_csv,renato_tapia_1995
stefan_ilsanker_1989,Stefan Ilsanker,stefan ilsanker s ilsanker ilsanker,"[""S. Ilsanker"",""Stefan Ilsanker"",""Ilsanker""]",Austria,"CDM,CB,RB",Midfield,1989,,,false,[],[],Austria,,Medium,1394,fifa_players_csv,stefan_ilsanker_1989
tomasz_kedziora_1994,Tomasz Kędziora,tomasz kedziora t kedziora kedziora,"[""T. Kędziora"",""Tomasz Kędziora"",""Kędziora""]",Poland,RB,Defence,1994,,,false,[],[],Poland,,Medium,1394,fifa_players_csv,tomasz_kedziora_1994
yassine_benzia_1994,Yassine Benzia,yassine benzia y benzia benzia,"[""Y. Benzia"",""Yassine Benzia"",""Benzia""]",Algeria,"CAM,LM,CM",Midfield,1994,,,false,[],[],Algeria,,Medium,1394,fifa_players_csv,yassine_benzia_1994
aaron_lennon_1987,Aaron  Lennon,aaron lennon a lennon lennon,"[""A. Lennon"",""Aaron Lennon"",""Lennon""]",England,"RM,LM",Midfield,1987,,,false,[],[],England,,Medium,1393,fifa_players_csv,aaron_lennon_1987
aaron_hunt_1986,Aaron Hunt,aaron hunt a hunt hunt,"[""A. Hunt"",""Aaron Hunt"",""Hunt""]",Germany,"CAM,RM,CM",Midfield,1986,,,false,[],[],Germany,,Medium,1393,fifa_players_csv,aaron_hunt_1986
fin_bartels_1987,Fin Bartels,fin bartels f bartels bartels,"[""F. Bartels"",""Fin Bartels"",""Bartels""]",Germany,"RM,CF,LM",Midfield,1987,,,false,[],[],Germany,,Medium,1393,fifa_players_csv,fin_bartels_1987
gerard_moreno_balaguero_1992,Gerard Moreno Balagueró,gerard moreno balaguero gerard moreno balaguero,"[""Gerard Moreno"",""Gerard Moreno Balagueró"",""Balagueró""]",Spain,ST,Attack,1992,,,false,[],[],Spain,,Medium,1393,fifa_players_csv,gerard_moreno_balaguero_1992
jorge_luis_valdivia_toro_1983,Jorge Luís Valdivia Toro,jorge luis valdivia toro j valdivia toro,"[""J. Valdivia"",""Jorge Luís Valdivia Toro"",""Toro""]",Chile,CAM,Midfield,1983,,,false,[],[],Chile,,Medium,1393,fifa_players_csv,jorge_luis_valdivia_toro_1983
jose_holebas_1984,Jose Holebas,jose holebas j holebas holebas,"[""J. Holebas"",""Jose Holebas"",""Holebas""]",Greece,"LB,LWB",Defence,1984,,,false,[],[],Greece,,Medium,1393,fifa_players_csv,jose_holebas_1984
maximiliano_nicol_moralez_1987,Maximiliano Nicol Moralez,maximiliano nicol moralez m moralez moralez,"[""M. Moralez"",""Maximiliano Nicol Moralez"",""Moralez""]",Argentina,"CAM,CM",Midfield,1987,,,false,[],[],Argentina,,Medium,1393,fifa_players_csv,maximiliano_nicol_moralez_1987
ola_toivonen_1986,Ola Toivonen,ola toivonen o toivonen toivonen,"[""O. Toivonen"",""Ola Toivonen"",""Toivonen""]",Sweden,"ST,CAM,CF",Attack,1986,,,false,[],[],Sweden,,Medium,1393,fifa_players_csv,ola_toivonen_1986
oscar_fabian_murillo_murillo_1988,Oscar Fabián Murillo Murillo,oscar fabian murillo murillo o murillo murillo,"[""O. Murillo"",""Oscar Fabián Murillo Murillo"",""Murillo""]",Colombia,CB,Defence,1988,,,false,[],[],Pachuca,,Medium,1393,fifa_players_csv,oscar_fabian_murillo_murillo_1988
romain_hamouma_1987,Romain Hamouma,romain hamouma r hamouma hamouma,"[""R. Hamouma"",""Romain Hamouma"",""Hamouma""]",France,RM,Midfield,1987,,,false,[],[],France,,Medium,1393,fifa_players_csv,romain_hamouma_1987
timm_klose_1988,Timm Klose,timm klose t klose klose,"[""T. Klose"",""Timm Klose"",""Klose""]",Switzerland,CB,Defence,1988,,,false,[],[],Switzerland,,Medium,1393,fifa_players_csv,timm_klose_1988
bjorn_engels_1994,Björn Engels,bjorn engels b engels engels,"[""B. Engels"",""Björn Engels"",""Engels""]",Belgium,CB,Defence,1994,,,false,[],[],Belgium,,Medium,1392,fifa_players_csv,bjorn_engels_1994
joseph_alfred_duncan_1993,Joseph Alfred Duncan,joseph alfred duncan a duncan duncan,"[""A. Duncan"",""Joseph Alfred Duncan"",""Duncan""]",Ghana,CM,Midfield,1993,,,false,[],[],Ghana,,Medium,1392,fifa_players_csv,joseph_alfred_duncan_1993
andrea_conti_1994,Andrea Conti,andrea conti a conti conti,"[""A. Conti"",""Andrea Conti"",""Conti""]",Italy,"RM,RB",Midfield,1994,,,false,[],[],Italy,,Medium,1391,fifa_players_csv,andrea_conti_1994
danilo_cataldi_1994,Danilo Cataldi,danilo cataldi d cataldi cataldi,"[""D. Cataldi"",""Danilo Cataldi"",""Cataldi""]",Italy,"CM,CDM",Midfield,1994,,,false,[],[],Italy,,Medium,1391,fifa_players_csv,danilo_cataldi_1994
davide_santon_1991,Davide Santon,davide santon d santon santon,"[""D. Santon"",""Davide Santon"",""Santon""]",Italy,"LB,RB",Defence,1991,,,false,[],[],Italy,,Medium,1391,fifa_players_csv,davide_santon_1991
gonzalo_castro_randon_1987,Gonzalo Castro Randon,gonzalo castro randon g castro randon,"[""G. Castro"",""Gonzalo Castro Randon"",""Randon""]",Germany,"CM,CDM",Midfield,1987,,,false,[],[],Germany,,Medium,1391,fifa_players_csv,gonzalo_castro_randon_1987
jermain_defoe_1982,Jermain  Defoe,jermain defoe j defoe defoe,"[""J. Defoe"",""Jermain Defoe"",""Defoe""]",England,ST,Attack,1982,,,false,[],[],England,,Medium,1391,fifa_players_csv,jermain_defoe_1982
mario_suarez_mata_1987,Mario Suárez Mata,mario suarez mata mario suarez mata,"[""Mario Suárez"",""Mario Suárez Mata"",""Mata""]",Spain,"CM,CDM,CB",Midfield,1987,,,false,[],[],Spain,,Medium,1391,fifa_players_csv,mario_suarez_mata_1987
mark_noble_1987,Mark Noble,mark noble m noble noble,"[""M. Noble"",""Mark Noble"",""Noble""]",England,"CM,CDM",Midfield,1987,,,false,[],[],England,,Medium,1391,fifa_players_csv,mark_noble_1987
nathan_redmond_1994,Nathan Redmond,nathan redmond n redmond redmond,"[""N. Redmond"",""Nathan Redmond"",""Redmond""]",England,"LM,RW",Midfield,1994,,,false,[],[],England,,Medium,1391,fifa_players_csv,nathan_redmond_1994
nico_schulz_1993,Nico Schulz,nico schulz n schulz schulz,"[""N. Schulz"",""Nico Schulz"",""Schulz""]",Germany,"LWB,LM,LB",Defence,1993,,,false,[],[],Germany,,Medium,1391,fifa_players_csv,nico_schulz_1993
oscar_hiljemark_1992,Oscar Hiljemark,oscar hiljemark o hiljemark hiljemark,"[""O. Hiljemark"",""Oscar Hiljemark"",""Hiljemark""]",Sweden,"CM,CDM",Midfield,1992,,,false,[],[],Sweden,,Medium,1391,fifa_players_csv,oscar_hiljemark_1992
perparim_hetemaj_1986,Perparim Hetemaj,perparim hetemaj p hetemaj hetemaj,"[""P. Hetemaj"",""Perparim Hetemaj"",""Hetemaj""]",Finland,"CM,LM",Midfield,1986,,,false,[],[],Finland,,Medium,1391,fifa_players_csv,perparim_hetemaj_1986
sergio_garcia_de_la_fuente_1983,Sergio García de la Fuente,sergio garcia de la fuente sergio garcia fuente,"[""Sergio García"",""Sergio García de la Fuente"",""Fuente""]",Spain,"ST,LM,LW,RW",Attack,1983,,,false,[],[],Spain,,Medium,1391,fifa_players_csv,sergio_garcia_de_la_fuente_1983
sinan_bolat_1988,Sinan Bolat,sinan bolat s bolat bolat,"[""S. Bolat"",""Sinan Bolat"",""Bolat""]",Turkey,GK,Goalkeeper,1988,,,false,[],[],Turkey,,Medium,1391,fifa_players_csv,sinan_bolat_1988
alejandro_saul_chumacero_bracamonte_1991,Alejandro Saúl Chumacero Bracamonte,alejandro saul chumacero bracamonte a chumacero bracamonte,"[""A. Chumacero"",""Alejandro Saúl Chumacero Bracamonte"",""Bracamonte""]",Bolivia,"CM,RM",Midfield,1991,,,false,[],[],Puebla FC,,Medium,1390,fifa_players_csv,alejandro_saul_chumacero_bracamonte_1991
bartosz_bereszynski_1992,Bartosz Bereszyński,bartosz bereszynski b bereszynski bereszynski,"[""B. Bereszyński"",""Bartosz Bereszyński"",""Bereszyński""]",Poland,RB,Defence,1992,,,false,[],[],Poland,,Medium,1390,fifa_players_csv,bartosz_bereszynski_1992
borja_gonzalez_tomas_1992,Borja González Tomás,borja gonzalez tomas borja baston tomas,"[""Borja Bastón"",""Borja González Tomás"",""Tomás""]",Spain,ST,Attack,1992,,,false,[],[],Spain,,Medium,1390,fifa_players_csv,borja_gonzalez_tomas_1992
diego_rolan_1993,Diego Rolán,diego rolan d rolan rolan,"[""D. Rolán"",""Diego Rolán"",""Rolán""]",Uruguay,"ST,LM,RM",Attack,1993,,,false,[],[],Uruguay,,Medium,1390,fifa_players_csv,diego_rolan_1993
houssem_aouar_1998,Houssem Aouar,houssem aouar h aouar aouar,"[""H. Aouar"",""Houssem Aouar"",""Aouar""]",France,"CM,LM",Midfield,1998,,,false,[],[],France,,Medium,1390,fifa_players_csv,houssem_aouar_1998
jonas_svensson_1993,Jonas Svensson,jonas svensson j svensson svensson,"[""J. Svensson"",""Jonas Svensson"",""Svensson""]",Norway,"RB,CM",Defence,1993,,,false,[],[],Norway,,Medium,1390,fifa_players_csv,jonas_svensson_1993
jose_luis_morales_nogales_1987,José Luis Morales Nogales,jose luis morales nogales morales nogales,"[""Morales"",""José Luis Morales Nogales"",""Nogales""]",Spain,"CF,ST,LM,RM",Attack,1987,,,false,[],[],Spain,,Medium,1390,fifa_players_csv,jose_luis_morales_nogales_1987
josip_drmic_1992,Josip Drmić,josip drmic j drmic drmic,"[""J. Drmić"",""Josip Drmić"",""Drmić""]",Switzerland,"ST,RM",Attack,1992,,,false,[],[],Switzerland,,Medium,1390,fifa_players_csv,josip_drmic_1992
simon_deli_1991,Simon Deli,simon deli s deli deli,"[""S. Deli"",""Simon Deli"",""Deli""]",Ivory Coast,CB,Defence,1991,,,false,[],[],Côte d'Ivoire,,Medium,1390,fifa_players_csv,simon_deli_1991
steven_fletcher_1987,Steven Fletcher,steven fletcher s fletcher fletcher,"[""S. Fletcher"",""Steven Fletcher"",""Fletcher""]",Scotland,ST,Attack,1987,,,false,[],[],Scotland,,Medium,1390,fifa_players_csv,steven_fletcher_1987
vincent_janssen_1994,Vincent Janssen,vincent janssen v janssen janssen,"[""V. Janssen"",""Vincent Janssen"",""Janssen""]",Netherlands,ST,Attack,1994,,,false,[],[],Netherlands,,Medium,1390,fifa_players_csv,vincent_janssen_1994
aaron_cresswell_1989,Aaron Cresswell,aaron cresswell a cresswell cresswell,"[""A. Cresswell"",""Aaron Cresswell"",""Cresswell""]",England,LB,Defence,1989,,,false,[],[],England,,Medium,1389,fifa_players_csv,aaron_cresswell_1989
andreas_samaris_1989,Andreas Samaris,andreas samaris a samaris samaris,"[""A. Samaris"",""Andreas Samaris"",""Samaris""]",Greece,"CDM,CM",Midfield,1989,,,false,[],[],Greece,,Medium,1389,fifa_players_csv,andreas_samaris_1989
bastian_oczipka_1989,Bastian Oczipka,bastian oczipka b oczipka oczipka,"[""B. Oczipka"",""Bastian Oczipka"",""Oczipka""]",Germany,"LWB,LB,LM",Defence,1989,,,false,[],[],Germany,,Medium,1389,fifa_players_csv,bastian_oczipka_1989
caner_erkin_1988,Caner Erkin,caner erkin c erkin erkin,"[""C. Erkin"",""Caner Erkin"",""Erkin""]",Turkey,"LB,LM",Defence,1988,,,false,[],[],Turkey,,Medium,1389,fifa_players_csv,caner_erkin_1988
cheikhou_kouyate_1989,Cheikhou Kouyaté,cheikhou kouyate c kouyate kouyate,"[""C. Kouyaté"",""Cheikhou Kouyaté"",""Kouyaté""]",Senegal,"CDM,CM",Midfield,1989,,,false,[],[],Senegal,,Medium,1389,fifa_players_csv,cheikhou_kouyate_1989
christian_gentner_1985,Christian Gentner,christian gentner c gentner gentner,"[""C. Gentner"",""Christian Gentner"",""Gentner""]",Germany,"CM,CDM,CAM,RM",Midfield,1985,,,false,[],[],Germany,,Medium,1389,fifa_players_csv,christian_gentner_1985
craig_dawson_1990,Craig Dawson,craig dawson c dawson dawson,"[""C. Dawson"",""Craig Dawson"",""Dawson""]",England,"CB,RB",Defence,1990,,,false,[],[],England,,Medium,1389,fifa_players_csv,craig_dawson_1990
danilo_d_ambrosio_1988,Danilo D'Ambrosio,danilo d ambrosio d d ambrosio d ambrosio,"[""D. D'Ambrosio"",""Danilo D'Ambrosio"",""D'Ambrosio""]",Italy,"RB,LB",Defence,1988,,,false,[],[],Italy,,Medium,1389,fifa_players_csv,danilo_d_ambrosio_1988
emiliano_adrian_insua_zapata_1989,Emiliano Adrián Insúa Zapata,emiliano adrian insua zapata e insua zapata,"[""E. Insúa"",""Emiliano Adrián Insúa Zapata"",""Zapata""]",Argentina,"LB,LWB",Defence,1989,,,false,[],[],Argentina,,Medium,1389,fifa_players_csv,emiliano_adrian_insua_zapata_1989
federico_fernandez_1989,Federico Fernández,federico fernandez f fernandez fernandez,"[""F. Fernández"",""Federico Fernández"",""Fernández""]",Argentina,CB,Defence,1989,,,false,[],[],Argentina,,Medium,1389,fifa_players_csv,federico_fernandez_1989
holger_badstuber_1989,Holger Badstuber,holger badstuber h badstuber badstuber,"[""H. Badstuber"",""Holger Badstuber"",""Badstuber""]",Germany,"CB,CDM",Defence,1989,,,false,[],[],Germany,,Medium,1389,fifa_players_csv,holger_badstuber_1989
ibrahim_amadou_1993,Ibrahim Amadou,ibrahim amadou i amadou amadou,"[""I. Amadou"",""Ibrahim Amadou"",""Amadou""]",France,"CDM,CB",Midfield,1993,,,false,[],[],France,,Medium,1389,fifa_players_csv,ibrahim_amadou_1993
khouma_el_hadji_babacar_1993,Khouma El Hadji Babacar,khouma el hadji babacar k babacar babacar,"[""K. Babacar"",""Khouma El Hadji Babacar"",""Babacar""]",Senegal,ST,Attack,1993,,,false,[],[],Senegal,,Medium,1389,fifa_players_csv,khouma_el_hadji_babacar_1993
marco_hoger_1989,Marco Höger,marco hoger m hoger hoger,"[""M. Höger"",""Marco Höger"",""Höger""]",Germany,"CDM,CM",Midfield,1989,,,false,[],[],Germany,,Medium,1389,fifa_players_csv,marco_hoger_1989
matteo_darmian_1989,Matteo Darmian,matteo darmian m darmian darmian,"[""M. Darmian"",""Matteo Darmian"",""Darmian""]",Italy,"LB,RB",Defence,1989,,,false,[],[],Italy,,Medium,1389,fifa_players_csv,matteo_darmian_1989
philipp_bargfrede_1989,Philipp Bargfrede,philipp bargfrede p bargfrede bargfrede,"[""P. Bargfrede"",""Philipp Bargfrede"",""Bargfrede""]",Germany,CDM,Midfield,1989,,,false,[],[],Germany,,Medium,1389,fifa_players_csv,philipp_bargfrede_1989
uilson_de_souza_paula_junior_1989,Uílson de Souza Paula Júnior,uilson de souza paula junior junior caicara junior,"[""Júnior Caiçara"",""Uílson de Souza Paula Júnior"",""Júnior""]",Brazil,"RB,RM",Defence,1989,,,false,[],[],Brazil,,Medium,1389,fifa_players_csv,uilson_de_souza_paula_junior_1989
william_vainqueur_1988,William Vainqueur,william vainqueur w vainqueur vainqueur,"[""W. Vainqueur"",""William Vainqueur"",""Vainqueur""]",France,CDM,Midfield,1988,,,false,[],[],France,,Medium,1389,fifa_players_csv,william_vainqueur_1988
winston_reid_1988,Winston  Reid,winston reid w reid reid,"[""W. Reid"",""Winston Reid"",""Reid""]",New Zealand,CB,Defence,1988,,,false,[],[],New Zealand,,Medium,1389,fifa_players_csv,winston_reid_1988
alvaro_odriozola_arzalluz_1995,Álvaro Odriozola Arzalluz,alvaro odriozola arzalluz odriozola arzalluz,"[""Odriozola"",""Álvaro Odriozola Arzalluz"",""Arzalluz""]",Spain,RB,Defence,1995,,,false,[],[],Spain,,Medium,1388,fifa_players_csv,alvaro_odriozola_arzalluz_1995
anastasios_donis_1996,Anastasios Donis,anastasios donis a donis donis,"[""A. Donis"",""Anastasios Donis"",""Donis""]",Greece,"ST,RM,LW",Attack,1996,,,false,[],[],Greece,,Medium,1388,fifa_players_csv,anastasios_donis_1996
nicolas_pepe_1995,Nicolas Pépé,nicolas pepe n pepe pepe,"[""N. Pépé"",""Nicolas Pépé"",""Pépé""]",Ivory Coast,"RM,RW,ST",Midfield,1995,,,false,[],[],Ivory Coast,,Medium,1388,fifa_players_csv,nicolas_pepe_1995
ruben_pardo_gutierrez_1992,Rubén Pardo Gutiérrez,ruben pardo gutierrez ruben pardo gutierrez,"[""Rubén Pardo"",""Rubén Pardo Gutiérrez"",""Gutiérrez""]",Spain,"CM,CAM,CDM",Midfield,1992,,,false,[],[],Spain,,Medium,1388,fifa_players_csv,ruben_pardo_gutierrez_1992
sebastian_cristoforo_1993,Sebastián Cristóforo,sebastian cristoforo s cristoforo cristoforo,"[""S. Cristóforo"",""Sebastián Cristóforo"",""Cristóforo""]",Uruguay,"CDM,CM",Midfield,1993,,,false,[],[],Uruguay,,Medium,1388,fifa_players_csv,sebastian_cristoforo_1993
stefano_sorrentino_1979,Stefano Sorrentino,stefano sorrentino s sorrentino sorrentino,"[""S. Sorrentino"",""Stefano Sorrentino"",""Sorrentino""]",Italy,GK,Goalkeeper,1979,,,false,[],[],Italy,,Medium,1388,fifa_players_csv,stefano_sorrentino_1979
stefano_sturaro_1993,Stefano Sturaro,stefano sturaro s sturaro sturaro,"[""S. Sturaro"",""Stefano Sturaro"",""Sturaro""]",Italy,CM,Midfield,1993,,,false,[],[],Italy,,Medium,1388,fifa_players_csv,stefano_sturaro_1993
wesley_hoedt_1994,Wesley Hoedt,wesley hoedt w hoedt hoedt,"[""W. Hoedt"",""Wesley Hoedt"",""Hoedt""]",Netherlands,CB,Defence,1994,,,false,[],[],Netherlands,,Medium,1388,fifa_players_csv,wesley_hoedt_1994
andrea_ranocchia_1988,Andrea Ranocchia,andrea ranocchia a ranocchia ranocchia,"[""A. Ranocchia"",""Andrea Ranocchia"",""Ranocchia""]",Italy,CB,Defence,1988,,,false,[],[],Italy,,Medium,1387,fifa_players_csv,andrea_ranocchia_1988
andriy_pyatov_1984,Andriy Pyatov,andriy pyatov a pyatov pyatov,"[""A. Pyatov"",""Andriy Pyatov"",""Pyatov""]",Ukraine,GK,Goalkeeper,1984,,,false,[],[],Ukraine,,Medium,1387,fifa_players_csv,andriy_pyatov_1984
carlos_soler_barragan_1997,Carlos Soler Barragán,carlos soler barragan carlos soler barragan,"[""Carlos Soler"",""Carlos Soler Barragán"",""Barragán""]",Spain,"RM,CM",Midfield,1997,,,false,[],[],Spain,,Medium,1387,fifa_players_csv,carlos_soler_barragan_1997
celso_borges_mora_1988,Celso Borges Mora,celso borges mora c borges mora,"[""C. Borges"",""Celso Borges Mora"",""Mora""]",Costa Rica,"CDM,CM",Midfield,1988,,,false,[],[],Costa Rica,,Medium,1387,fifa_players_csv,celso_borges_mora_1988
conor_hourihane_1991,Conor Hourihane,conor hourihane c hourihane hourihane,"[""C. Hourihane"",""Conor Hourihane"",""Hourihane""]",Republic of Ireland,"CM,CDM",Midfield,1991,,,false,[],[],Republic of Ireland,,Medium,1387,fifa_players_csv,conor_hourihane_1991
jonathan_kodjia_1989,Jonathan Kodjia,jonathan kodjia j kodjia kodjia,"[""J. Kodjia"",""Jonathan Kodjia"",""Kodjia""]",Ivory Coast,"ST,LW",Attack,1989,,,false,[],[],Côte d'Ivoire,,Medium,1387,fifa_players_csv,jonathan_kodjia_1989
karim_el_ahmadi_al_aroos_1985,Karim El Ahmadi Al Aroos,karim el ahmadi al aroos k el ahmadi aroos,"[""K. El Ahmadi"",""Karim El Ahmadi Al Aroos"",""Aroos""]",Morocco,"CDM,CM",Midfield,1985,,,false,[],[],Morocco,,Medium,1387,fifa_players_csv,karim_el_ahmadi_al_aroos_1985
leigh_griffiths_1990,Leigh Griffiths,leigh griffiths l griffiths griffiths,"[""L. Griffiths"",""Leigh Griffiths"",""Griffiths""]",Scotland,ST,Attack,1990,,,false,[],[],Scotland,,Medium,1387,fifa_players_csv,leigh_griffiths_1990
michael_ngadeu_ngadjui_1990,Michael Ngadeu-Ngadjui,michael ngadeu ngadjui m ngadeu ngadjui ngadeu ngadjui,"[""M. Ngadeu-Ngadjui"",""Michael Ngadeu-Ngadjui"",""Ngadeu-Ngadjui""]",Cameroon,"CB,CDM",Defence,1990,,,false,[],[],Cameroon,,Medium,1387,fifa_players_csv,michael_ngadeu_ngadjui_1990
mikel_oyarzabal_ugarte_1997,Mikel Oyarzabal Ugarte,mikel oyarzabal ugarte oyarzabal ugarte,"[""Oyarzabal"",""Mikel Oyarzabal Ugarte"",""Ugarte""]",Spain,"LW,LM,RW",Attack,1997,,,false,[],[],Spain,,Medium,1387,fifa_players_csv,mikel_oyarzabal_ugarte_1997
sebastian_langkamp_1988,Sebastian Langkamp,sebastian langkamp s langkamp langkamp,"[""S. Langkamp"",""Sebastian Langkamp"",""Langkamp""]",Germany,CB,Defence,1988,,,false,[],[],Germany,,Medium,1387,fifa_players_csv,sebastian_langkamp_1988
stefan_marius_johansen_1991,Stefan Marius Johansen,stefan marius johansen s johansen johansen,"[""S. Johansen"",""Stefan Marius Johansen"",""Johansen""]",Norway,CM,Midfield,1991,,,false,[],[],Norway,,Medium,1387,fifa_players_csv,stefan_marius_johansen_1991
trent_sainsbury_1992,Trent Sainsbury,trent sainsbury t sainsbury sainsbury,"[""T. Sainsbury"",""Trent Sainsbury"",""Sainsbury""]",Australia,CB,Defence,1992,,,false,[],[],Australia,,Medium,1387,fifa_players_csv,trent_sainsbury_1992
ahmed_musa_1992,Ahmed Musa,ahmed musa a musa musa,"[""A. Musa"",""Ahmed Musa"",""Musa""]",Nigeria,"LM,ST",Midfield,1992,,,false,[],[],Nigeria,,Medium,1386,fifa_players_csv,ahmed_musa_1992
amin_younes_1993,Amin Younes,amin younes a younes younes,"[""A. Younes"",""Amin Younes"",""Younes""]",Germany,LW,Attack,1993,,,false,[],[],Germany,,Medium,1386,fifa_players_csv,amin_younes_1993
carles_gil_pareja_1992,Carles Gil Pareja,carles gil pareja carles gil pareja,"[""Carles Gil"",""Carles Gil Pareja"",""Pareja""]",Spain,"CAM,RM",Midfield,1992,,,false,[],[],Spain,,Medium,1386,fifa_players_csv,carles_gil_pareja_1992
dusan_basta_1984,Dušan Basta,dusan basta d basta basta,"[""D. Basta"",""Dušan Basta"",""Basta""]",Serbia,"RB,RM",Defence,1984,,,false,[],[],Serbia,,Medium,1386,fifa_players_csv,dusan_basta_1984
graeme_shinnie_1991,Graeme Shinnie,graeme shinnie g shinnie shinnie,"[""G. Shinnie"",""Graeme Shinnie"",""Shinnie""]",Scotland,"CDM,LB,CM",Midfield,1991,,,false,[],[],Scotland,,Medium,1386,fifa_players_csv,graeme_shinnie_1991
joel_nathaniel_campbell_samuels_1992,Joel Nathaniel Campbell Samuels,joel nathaniel campbell samuels j campbell samuels,"[""J. Campbell"",""Joel Nathaniel Campbell Samuels"",""Samuels""]",Costa Rica,"RW,ST,CAM",Attack,1992,,,false,[],[],Costa Rica,,Medium,1386,fifa_players_csv,joel_nathaniel_campbell_samuels_1992
jordi_amat_maas_1992,Jordi Amat Maas,jordi amat maas jordi amat maas,"[""Jordi Amat"",""Jordi Amat Maas"",""Maas""]",Spain,"CB,CDM",Defence,1992,,,false,[],[],Spain,,Medium,1386,fifa_players_csv,jordi_amat_maas_1992
rachid_ghezzal_1992,Rachid Ghezzal,rachid ghezzal r ghezzal ghezzal,"[""R. Ghezzal"",""Rachid Ghezzal"",""Ghezzal""]",Algeria,"RM,RW",Midfield,1992,,,false,[],[],Algeria,,Medium,1386,fifa_players_csv,rachid_ghezzal_1992
ramy_bensebaini_1995,Ramy Bensebaini,ramy bensebaini r bensebaini bensebaini,"[""R. Bensebaini"",""Ramy Bensebaini"",""Bensebaini""]",Algeria,"LB,CB",Defence,1995,,,false,[],[],Algeria,,Medium,1386,fifa_players_csv,ramy_bensebaini_1995
richard_strebinger_1993,Richard Strebinger,richard strebinger r strebinger strebinger,"[""R. Strebinger"",""Richard Strebinger"",""Strebinger""]",Austria,GK,Goalkeeper,1993,,,false,[],[],SK Rapid Wien,,Medium,1386,fifa_players_csv,richard_strebinger_1993
richarlison_de_andrade_1997,Richarlison de Andrade,richarlison de andrade richarlison andrade,"[""Richarlison"",""Richarlison de Andrade"",""Andrade""]",Brazil,"ST,LW,LM",Attack,1997,,,false,[],[],Brazil,,Medium,1386,fifa_players_csv,richarlison_de_andrade_1997
vasilios_barkas_1994,Vasilios Barkas,vasilios barkas v barkas barkas,"[""V. Barkas"",""Vasilios Barkas"",""Barkas""]",Greece,GK,Goalkeeper,1994,,,false,[],[],Greece,,Medium,1386,fifa_players_csv,vasilios_barkas_1994
ahmed_eissa_el_mohamady_abdel_fattah_1987,Ahmed Eissa  El Mohamady Abdel Fattah,ahmed eissa el mohamady abdel fattah a elmohamady fattah,"[""A. Elmohamady"",""Ahmed Eissa El Mohamady Abdel Fattah"",""Fattah""]",Egypt,"RB,RM",Defence,1987,,,false,[],[],Egypt,,Medium,1385,fifa_players_csv,ahmed_eissa_el_mohamady_abdel_fattah_1987
carlos_gilberto_do_nascimento_silva_1987,Carlos Gilberto do Nascimento Silva,carlos gilberto do nascimento silva gil silva,"[""Gil"",""Carlos Gilberto do Nascimento Silva"",""Silva""]",Brazil,CB,Defence,1987,,,false,[],[],Brazil,,Medium,1385,fifa_players_csv,carlos_gilberto_do_nascimento_silva_1987
dmytro_chygrynskyi_1986,Dmytro Chygrynskyi,dmytro chygrynskyi d chygrynskyi chygrynskyi,"[""D. Chygrynskyi"",""Dmytro Chygrynskyi"",""Chygrynskyi""]",Ukraine,CB,Defence,1986,,,false,[],[],Ukraine,,Medium,1385,fifa_players_csv,dmytro_chygrynskyi_1986
facundo_sebastian_roncaglia_1987,Facundo Sebastián Roncaglia,facundo sebastian roncaglia f roncaglia roncaglia,"[""F. Roncaglia"",""Facundo Sebastián Roncaglia"",""Roncaglia""]",Argentina,"CB,RB,LB",Defence,1987,,,false,[],[],Argentina,,Medium,1385,fifa_players_csv,facundo_sebastian_roncaglia_1987
gelson_da_conceicao_tavares_fernandes_1986,Gélson da Conceição Tavares Fernandes,gelson da conceicao tavares fernandes gelson fernandes fernandes,"[""Gelson Fernandes"",""Gélson da Conceição Tavares Fernandes"",""Fernandes""]",Switzerland,"CDM,CM",Midfield,1986,,,false,[],[],Switzerland,,Medium,1385,fifa_players_csv,gelson_da_conceicao_tavares_fernandes_1986
hugo_miguel_almeida_costa_lopes_1986,Hugo Miguel Almeida Costa Lopes,hugo miguel almeida costa lopes miguel lopes lopes,"[""Miguel Lopes"",""Hugo Miguel Almeida Costa Lopes"",""Lopes""]",Portugal,RB,Defence,1986,,,false,[],[],Portugal,,Medium,1385,fifa_players_csv,hugo_miguel_almeida_costa_lopes_1986
jan_kopic_1990,Jan Kopic,jan kopic j kopic kopic,"[""J. Kopic"",""Jan Kopic"",""Kopic""]",Czech Republic,"LM,RM",Midfield,1990,,,false,[],[],Czech Republic,,Medium,1385,fifa_players_csv,jan_kopic_1990
jeffrey_bruma_1991,Jeffrey Bruma,jeffrey bruma j bruma bruma,"[""J. Bruma"",""Jeffrey Bruma"",""Bruma""]",Netherlands,CB,Defence,1991,,,false,[],[],Netherlands,,Medium,1385,fifa_players_csv,jeffrey_bruma_1991
mariano_diaz_mejia_1993,Mariano Díaz Mejía,mariano diaz mejia mariano mejia,"[""Mariano"",""Mariano Díaz Mejía"",""Mejía""]",Dominican Republic,ST,Attack,1993,,,false,[],[],Dominican Republic,,Medium,1385,fifa_players_csv,mariano_diaz_mejia_1993
per_ciljan_skjelbred_1987,Per Ciljan Skjelbred,per ciljan skjelbred p skjelbred skjelbred,"[""P. Skjelbred"",""Per Ciljan Skjelbred"",""Skjelbred""]",Norway,"CDM,CM",Midfield,1987,,,false,[],[],Norway,,Medium,1385,fifa_players_csv,per_ciljan_skjelbred_1987
salvatore_bocchetti_1986,Salvatore Bocchetti,salvatore bocchetti s bocchetti bocchetti,"[""S. Bocchetti"",""Salvatore Bocchetti"",""Bocchetti""]",Italy,CB,Defence,1986,,,false,[],[],Italy,,Medium,1385,fifa_players_csv,salvatore_bocchetti_1986
santiago_mina_lorenzo_1995,Santiago Mina Lorenzo,santiago mina lorenzo santi mina lorenzo,"[""Santi Mina"",""Santiago Mina Lorenzo"",""Lorenzo""]",Spain,ST,Attack,1995,,,false,[],[],Spain,,Medium,1385,fifa_players_csv,santiago_mina_lorenzo_1995
scott_arfield_1988,Scott Arfield,scott arfield s arfield arfield,"[""S. Arfield"",""Scott Arfield"",""Arfield""]",Canada,"CM,LM",Midfield,1988,,,false,[],[],Canada,,Medium,1385,fifa_players_csv,scott_arfield_1988
thomas_kraft_1988,Thomas Kraft,thomas kraft t kraft kraft,"[""T. Kraft"",""Thomas Kraft"",""Kraft""]",Germany,GK,Goalkeeper,1988,,,false,[],[],Germany,,Medium,1385,fifa_players_csv,thomas_kraft_1988
yoel_rodriguez_oterino_1988,Yoel Rodríguez Oterino,yoel rodriguez oterino yoel oterino,"[""Yoel"",""Yoel Rodríguez Oterino"",""Oterino""]",Spain,GK,Goalkeeper,1988,,,false,[],[],Spain,,Medium,1385,fifa_players_csv,yoel_rodriguez_oterino_1988
adalberto_penaranda_1997,Adalberto Peñaranda,adalberto penaranda a penaranda penaranda,"[""A. Peñaranda"",""Adalberto Peñaranda"",""Peñaranda""]",Venezuela,"ST,CF",Attack,1997,,,false,[],[],Venezuela,,Medium,1384,fifa_players_csv,adalberto_penaranda_1997
ante_rebic_1993,Ante Rebić,ante rebic a rebic rebic,"[""A. Rebić"",""Ante Rebić"",""Rebić""]",Croatia,"ST,LW,CAM",Attack,1993,,,false,[],[],Croatia,,Medium,1384,fifa_players_csv,ante_rebic_1993
anton_miranchuk_1995,Anton Miranchuk,anton miranchuk a miranchuk miranchuk,"[""A. Miranchuk"",""Anton Miranchuk"",""Miranchuk""]",Russia,"CAM,RM",Midfield,1995,,,false,[],[],Russia,,Medium,1384,fifa_players_csv,anton_miranchuk_1995
denys_boyko_1988,Denys Boyko,denys boyko d boyko boyko,"[""D. Boyko"",""Denys Boyko"",""Boyko""]",Ukraine,GK,Goalkeeper,1988,,,false,[],[],Ukraine,,Medium,1384,fifa_players_csv,denys_boyko_1988
heinz_lindner_1990,Heinz Lindner,heinz lindner h lindner lindner,"[""H. Lindner"",""Heinz Lindner"",""Lindner""]",Austria,GK,Goalkeeper,1990,,,false,[],[],Grasshopper Club Zürich,,Medium,1384,fifa_players_csv,heinz_lindner_1990
rodrigo_sebastian_palacio_1982,Rodrigo Sebastián Palacio,rodrigo sebastian palacio r palacio palacio,"[""R. Palacio"",""Rodrigo Sebastián Palacio"",""Palacio""]",Argentina,"ST,LW",Attack,1982,,,false,[],[],Argentina,,Medium,1384,fifa_players_csv,rodrigo_sebastian_palacio_1982
kristoffer_vassbakk_ajer_1998,Kristoffer Vassbakk Ajer,kristoffer vassbakk ajer k ajer ajer,"[""K. Ajer"",""Kristoffer Vassbakk Ajer"",""Ajer""]",Norway,CB,Defence,1998,,,false,[],[],Norway,,Medium,1383,fifa_players_csv,kristoffer_vassbakk_ajer_1998
lawrence_siphiwe_tshabalala_1984,Lawrence Siphiwe Tshabalala,lawrence siphiwe tshabalala s tshabalala tshabalala,"[""S. Tshabalala"",""Lawrence Siphiwe Tshabalala"",""Tshabalala""]",South Africa,"LM,RM,CAM,LW",Midfield,1984,,,false,[],[],South Africa,,Medium,1383,fifa_players_csv,lawrence_siphiwe_tshabalala_1984
mike_lindemann_jensen_1988,Mike Lindemann Jensen,mike lindemann jensen m jensen jensen,"[""M. Jensen"",""Mike Lindemann Jensen"",""Jensen""]",Denmark,CM,Midfield,1988,,,false,[],[],Denmark,,Medium,1383,fifa_players_csv,mike_lindemann_jensen_1988
abel_mathias_hernandez_platero_1990,Abel Mathías Hernández Platero,abel mathias hernandez platero a hernandez platero,"[""A. Hernández"",""Abel Mathías Hernández Platero"",""Platero""]",Uruguay,ST,Attack,1990,,,false,[],[],Uruguay,,Medium,1382,fifa_players_csv,abel_mathias_hernandez_platero_1990
emmanuel_badu_1990,Emmanuel Badu,emmanuel badu e badu badu,"[""E. Badu"",""Emmanuel Badu"",""Badu""]",Ghana,"CM,CDM",Midfield,1990,,,false,[],[],Ghana,,Medium,1382,fifa_players_csv,emmanuel_badu_1990
erik_durm_1992,Erik Durm,erik durm e durm durm,"[""E. Durm"",""Erik Durm"",""Durm""]",Germany,"RWB,LWB,LB,RB",Defence,1992,,,false,[],[],Germany,,Medium,1382,fifa_players_csv,erik_durm_1992
frederico_r_de_paula_santos_1993,Frederico R. de Paula Santos,frederico r de paula santos fred santos,"[""Fred"",""Frederico R. de Paula Santos"",""Santos""]",Brazil,CM,Midfield,1993,,,false,[],[],Brazil,,Medium,1382,fifa_players_csv,frederico_r_de_paula_santos_1993
gael_kakuta_1991,Gaël Kakuta,gael kakuta g kakuta kakuta,"[""G. Kakuta"",""Gaël Kakuta"",""Kakuta""]",DR Congo,"RM,CF,LM,CAM",Midfield,1991,,,false,[],[],DR Congo,,Medium,1382,fifa_players_csv,gael_kakuta_1991
hernani_jorge_santos_fortes_1991,Hernâni Jorge Santos Fortes,hernani jorge santos fortes hernani fortes,"[""Hernâni"",""Hernâni Jorge Santos Fortes"",""Fortes""]",Portugal,"RM,LM",Midfield,1991,,,false,[],[],Portugal,,Medium,1382,fifa_players_csv,hernani_jorge_santos_fortes_1991
jose_ernesto_sosa_1985,José Ernesto Sosa,jose ernesto sosa j sosa sosa,"[""J. Sosa"",""José Ernesto Sosa"",""Sosa""]",Argentina,"CM,CAM",Midfield,1985,,,false,[],[],Argentina,,Medium,1382,fifa_players_csv,jose_ernesto_sosa_1985
ladislav_krejci_1992,Ladislav Krejčí,ladislav krejci l krejci krejci,"[""L. Krejčí"",""Ladislav Krejčí"",""Krejčí""]",Czech Republic,"LW,RW,RM",Attack,1992,,,false,[],[],Czech Republic,,Medium,1382,fifa_players_csv,ladislav_krejci_1992
lewis_harry_holtby_1990,Lewis Harry Holtby,lewis harry holtby l holtby holtby,"[""L. Holtby"",""Lewis Harry Holtby"",""Holtby""]",Germany,"CM,CAM",Midfield,1990,,,false,[],[],Germany,,Medium,1382,fifa_players_csv,lewis_harry_holtby_1990
mattia_destro_1991,Mattia Destro,mattia destro m destro destro,"[""M. Destro"",""Mattia Destro"",""Destro""]",Italy,ST,Attack,1991,,,false,[],[],Italy,,Medium,1382,fifa_players_csv,mattia_destro_1991
riechedly_bazoer_1996,Riechedly Bazoer,riechedly bazoer r bazoer bazoer,"[""R. Bazoer"",""Riechedly Bazoer"",""Bazoer""]",Netherlands,CM,Midfield,1996,,,false,[],[],Netherlands,,Medium,1382,fifa_players_csv,riechedly_bazoer_1996
sergio_gontan_gallardo_1991,Sergio Gontán Gallardo,sergio gontan gallardo keko gallardo,"[""Keko"",""Sergio Gontán Gallardo"",""Gallardo""]",Spain,RM,Midfield,1991,,,false,[],[],Spain,,Medium,1382,fifa_players_csv,sergio_gontan_gallardo_1991
wuilker_farinez_1998,Wuilker Faríñez,wuilker farinez w farinez farinez,"[""W. Faríñez"",""Wuilker Faríñez"",""Faríñez""]",Venezuela,GK,Goalkeeper,1998,,,false,[],[],Millonarios FC,,Medium,1382,fifa_players_csv,wuilker_farinez_1998
1991_83,原口 元気,g haraguchi,"[""G. Haraguchi""]",Japan,"LM,RM",Midfield,1991,,,false,[],[],Japan,,Medium,1382,fifa_players_csv,1991_83
adelino_andre_vieira_de_freitas_1986,Adelino André Vieira de Freitas,adelino andre vieira de freitas vieirinha freitas,"[""Vieirinha"",""Adelino André Vieira de Freitas"",""Freitas""]",Portugal,"LB,RM",Defence,1986,,,false,[],[],Portugal,,Medium,1381,fifa_players_csv,adelino_andre_vieira_de_freitas_1986
christian_gunter_1993,Christian Günter,christian gunter c gunter gunter,"[""C. Günter"",""Christian Günter"",""Günter""]",Germany,"LB,LWB",Defence,1993,,,false,[],[],Germany,,Medium,1381,fifa_players_csv,christian_gunter_1993
cristian_portugues_manzanera_1992,Cristian Portugués Manzanera,cristian portugues manzanera portu manzanera,"[""Portu"",""Cristian Portugués Manzanera"",""Manzanera""]",Spain,"RM,ST",Midfield,1992,,,false,[],[],Spain,,Medium,1381,fifa_players_csv,cristian_portugues_manzanera_1992
gustavo_daniel_cabral_caceres_1985,Gustavo Daniel Cabral Cáceres,gustavo daniel cabral caceres g cabral caceres,"[""G. Cabral"",""Gustavo Daniel Cabral Cáceres"",""Cáceres""]",Argentina,CB,Defence,1985,,,false,[],[],Argentina,,Medium,1381,fifa_players_csv,gustavo_daniel_cabral_caceres_1985
ionut_cristian_sapunaru_1984,Ionuț Cristian Săpunaru,ionut cristian sapunaru c sapunaru sapunaru,"[""C. Săpunaru"",""Ionuț Cristian Săpunaru"",""Săpunaru""]",Romania,"CB,RB,CDM",Defence,1984,,,false,[],[],Romania,,Medium,1381,fifa_players_csv,ionut_cristian_sapunaru_1984
jonathan_emmanuel_orozco_dominguez_1986,Jonathan Emmanuel Orozco Domínguez,jonathan emmanuel orozco dominguez j orozco dominguez,"[""J. Orozco"",""Jonathan Emmanuel Orozco Domínguez"",""Domínguez""]",Mexico,GK,Goalkeeper,1986,,,false,[],[],Mexico,,Medium,1381,fifa_players_csv,jonathan_emmanuel_orozco_dominguez_1986
marcio_rafael_ferreira_de_souza_1985,Márcio Rafael Ferreira de Souza,marcio rafael ferreira de souza rafinha souza,"[""Rafinha"",""Márcio Rafael Ferreira de Souza"",""Souza""]",Brazil,"RB,LB",Defence,1985,,,false,[],[],Brazil,,Medium,1381,fifa_players_csv,marcio_rafael_ferreira_de_souza_1985
mehmet_topal_1986,Mehmet Topal,mehmet topal m topal topal,"[""M. Topal"",""Mehmet Topal"",""Topal""]",Turkey,"CDM,CB",Midfield,1986,,,false,[],[],Turkey,,Medium,1381,fifa_players_csv,mehmet_topal_1986
sten_michael_grytebust_1989,Sten Michael Grytebust,sten michael grytebust s grytebust grytebust,"[""S. Grytebust"",""Sten Michael Grytebust"",""Grytebust""]",Norway,GK,Goalkeeper,1989,,,false,[],[],Norway,,Medium,1381,fifa_players_csv,sten_michael_grytebust_1989
timothee_kolodziejczak_1991,Timothée Kolodziejczak,timothee kolodziejczak t kolodziejczak kolodziejczak,"[""T. Kolodziejczak"",""Timothée Kolodziejczak"",""Kolodziejczak""]",France,"LB,CB",Defence,1991,,,false,[],[],France,,Medium,1381,fifa_players_csv,timothee_kolodziejczak_1991
aissa_mandi_1991,Aïssa Mandi,aissa mandi a mandi mandi,"[""A. Mandi"",""Aïssa Mandi"",""Mandi""]",Algeria,CB,Defence,1991,,,false,[],[],Algeria,,Medium,1380,fifa_players_csv,aissa_mandi_1991
alphonso_davies_2000,Alphonso Davies,alphonso davies a davies davies,"[""A. Davies"",""Alphonso Davies"",""Davies""]",Canada,"LM,RM",Midfield,2000,,,false,[],[],Canada,,Medium,1380,fifa_players_csv,alphonso_davies_2000
andre_franck_zambo_anguissa_1995,André Franck Zambo Anguissa,andre franck zambo anguissa a zambo anguissa anguissa,"[""A. Zambo Anguissa"",""André Franck Zambo Anguissa"",""Anguissa""]",Cameroon,"CDM,CM",Midfield,1995,,,false,[],[],Cameroon,,Medium,1380,fifa_players_csv,andre_franck_zambo_anguissa_1995
anthony_mounier_1987,Anthony Mounier,anthony mounier a mounier mounier,"[""A. Mounier"",""Anthony Mounier"",""Mounier""]",France,"RW,LW,LM",Attack,1987,,,false,[],[],France,,Medium,1380,fifa_players_csv,anthony_mounier_1987
danilo_larangeira_1984,Danilo Larangeira,danilo larangeira danilo larangeira,"[""Danilo"",""Danilo Larangeira"",""Larangeira""]",Brazil,CB,Defence,1984,,,false,[],[],Brazil,,Medium,1380,fifa_players_csv,danilo_larangeira_1984
dorlan_pabon_1988,Dorlan Pabón,dorlan pabon d pabon pabon,"[""D. Pabón"",""Dorlan Pabón"",""Pabón""]",Colombia,"LW,RW,RM",Attack,1988,,,false,[],[],Colombia,,Medium,1380,fifa_players_csv,dorlan_pabon_1988
fabian_balbuena_1991,Fabián Balbuena,fabian balbuena f balbuena balbuena,"[""F. Balbuena"",""Fabián Balbuena"",""Balbuena""]",Paraguay,CB,Defence,1991,,,false,[],[],Paraguay,,Medium,1380,fifa_players_csv,fabian_balbuena_1991
javier_fuego_martinez_1984,Javier Fuego Martínez,javier fuego martinez javi fuego martinez,"[""Javi Fuego"",""Javier Fuego Martínez"",""Martínez""]",Spain,"CDM,CM",Midfield,1984,,,false,[],[],Spain,,Medium,1380,fifa_players_csv,javier_fuego_martinez_1984
jens_stryger_larsen_1991,Jens Stryger Larsen,jens stryger larsen j stryger larsen larsen,"[""J. Stryger Larsen"",""Jens Stryger Larsen"",""Larsen""]",Denmark,"RB,CB",Defence,1991,,,false,[],[],Denmark,,Medium,1380,fifa_players_csv,jens_stryger_larsen_1991
lorenzo_de_silvestri_1988,Lorenzo De Silvestri,lorenzo de silvestri l de silvestri silvestri,"[""L. De Silvestri"",""Lorenzo De Silvestri"",""Silvestri""]",Italy,"RM,RB",Midfield,1988,,,false,[],[],Italy,,Medium,1380,fifa_players_csv,lorenzo_de_silvestri_1988
marcel_risse_1989,Marcel Risse,marcel risse m risse risse,"[""M. Risse"",""Marcel Risse"",""Risse""]",Germany,"RM,RB",Midfield,1989,,,false,[],[],Germany,,Medium,1380,fifa_players_csv,marcel_risse_1989
matias_ezequiel_suarez_1988,Matías Ezequiel Suárez,matias ezequiel suarez m suarez suarez,"[""M. Suárez"",""Matías Ezequiel Suárez"",""Suárez""]",Argentina,"ST,CAM",Attack,1988,,,false,[],[],Argentina,,Medium,1380,fifa_players_csv,matias_ezequiel_suarez_1988
miroslav_stoch_1989,Miroslav Stoch,miroslav stoch m stoch stoch,"[""M. Stoch"",""Miroslav Stoch"",""Stoch""]",Slovakia,"LM,RM,CAM",Midfield,1989,,,false,[],[],Slovakia,,Medium,1380,fifa_players_csv,miroslav_stoch_1989
nemanja_nikolic_1987,Nemanja Nikolić,nemanja nikolic n nikolic nikolic,"[""N. Nikolić"",""Nemanja Nikolić"",""Nikolić""]",Hungary,ST,Attack,1987,,,false,[],[],Hungary,,Medium,1380,fifa_players_csv,nemanja_nikolic_1987
nolan_roux_1988,Nolan Roux,nolan roux n roux roux,"[""N. Roux"",""Nolan Roux"",""Roux""]",France,"ST,LM",Attack,1988,,,false,[],[],France,,Medium,1380,fifa_players_csv,nolan_roux_1988
renato_civelli_1983,Renato Civelli,renato civelli r civelli civelli,"[""R. Civelli"",""Renato Civelli"",""Civelli""]",Argentina,CB,Defence,1983,,,false,[],[],Argentina,,Medium,1380,fifa_players_csv,renato_civelli_1983
scott_sinclair_1989,Scott Sinclair,scott sinclair s sinclair sinclair,"[""S. Sinclair"",""Scott Sinclair"",""Sinclair""]",England,LM,Midfield,1989,,,false,[],[],England,,Medium,1380,fifa_players_csv,scott_sinclair_1989
younousse_sankhare_1989,Younousse Sankharé,younousse sankhare y sankhare sankhare,"[""Y. Sankharé"",""Younousse Sankharé"",""Sankharé""]",Senegal,CM,Midfield,1989,,,false,[],[],Senegal,,Medium,1380,fifa_players_csv,younousse_sankhare_1989
andreas_bjelland_1988,Andreas Bjelland,andreas bjelland a bjelland bjelland,"[""A. Bjelland"",""Andreas Bjelland"",""Bjelland""]",Denmark,CB,Defence,1988,,,false,[],[],Denmark,,Medium,1379,fifa_players_csv,andreas_bjelland_1988
carlos_augusto_zambrano_ochandarte_1989,Carlos Augusto Zambrano Ochandarte,carlos augusto zambrano ochandarte c zambrano ochandarte,"[""C. Zambrano"",""Carlos Augusto Zambrano Ochandarte"",""Ochandarte""]",Peru,CB,Defence,1989,,,false,[],[],Peru,,Medium,1379,fifa_players_csv,carlos_augusto_zambrano_ochandarte_1989
iver_fossum_1996,Iver Fossum,iver fossum i fossum fossum,"[""I. Fossum"",""Iver Fossum"",""Fossum""]",Norway,"CM,CAM,CDM",Midfield,1996,,,false,[],[],Norway,,Medium,1379,fifa_players_csv,iver_fossum_1996
james_chester_1989,James Chester,james chester j chester chester,"[""J. Chester"",""James Chester"",""Chester""]",Wales,CB,Defence,1989,,,false,[],[],Wales,,Medium,1379,fifa_players_csv,james_chester_1989
lucas_tolentino_coelho_de_lima_1997,Lucas Tolentino Coelho de Lima,lucas tolentino coelho de lima lucas paqueta lima,"[""Lucas Paquetá"",""Lucas Tolentino Coelho de Lima"",""Lima""]",Brazil,"CAM,CM",Midfield,1997,,,false,[],[],Brazil,,Medium,1379,fifa_players_csv,lucas_tolentino_coelho_de_lima_1997
luis_jan_piers_advincula_castrillon_1990,Luis Jan Piers Advíncula Castrillón,luis jan piers advincula castrillon l advincula castrillon,"[""L. Advíncula"",""Luis Jan Piers Advíncula Castrillón"",""Castrillón""]",Peru,"RB,RWB",Defence,1990,,,false,[],[],Peru,,Medium,1379,fifa_players_csv,luis_jan_piers_advincula_castrillon_1990
martin_kelly_1990,Martin Kelly,martin kelly m kelly kelly,"[""M. Kelly"",""Martin Kelly"",""Kelly""]",England,"CB,RB",Defence,1990,,,false,[],[],England,,Medium,1379,fifa_players_csv,martin_kelly_1990
sener_ozbayrakl_1990,Şener Özbayraklı,sener ozbayrakl s ozbayrakl ozbayrakl,"[""S. Özbayraklı"",""Şener Özbayraklı"",""Özbayraklı""]",Turkey,RB,Defence,1990,,,false,[],[],Turkey,,Medium,1379,fifa_players_csv,sener_ozbayrakl_1990
1980_4,远藤 保仁,y endo,"[""Y. Endo""]",Japan,"CM,CDM,CAM",Midfield,1980,,,false,[],[],Japan,,Medium,1379,fifa_players_csv,1980_4
aviles_hurtado_1987,Avilés Hurtado,aviles hurtado a hurtado hurtado,"[""A. Hurtado"",""Avilés Hurtado"",""Hurtado""]",Colombia,"ST,LW,RW,CAM",Attack,1987,,,false,[],[],Colombia,,Medium,1378,fifa_players_csv,aviles_hurtado_1987
fernando_daniel_belluschi_1983,Fernando Daniel Belluschi,fernando daniel belluschi f belluschi belluschi,"[""F. Belluschi"",""Fernando Daniel Belluschi"",""Belluschi""]",Argentina,"CAM,CM,CF,CDM",Midfield,1983,,,false,[],[],Argentina,,Medium,1378,fifa_players_csv,fernando_daniel_belluschi_1983
gaetan_bong_songo_1988,Gaëtan Bong Songo,gaetan bong songo g bong songo,"[""G. Bong"",""Gaëtan Bong Songo"",""Songo""]",Cameroon,LB,Defence,1988,,,false,[],[],Cameroon,,Medium,1378,fifa_players_csv,gaetan_bong_songo_1988
gareth_mcauley_1979,Gareth McAuley,gareth mcauley g mcauley mcauley,"[""G. McAuley"",""Gareth McAuley"",""McAuley""]",Northern Ireland,CB,Defence,1979,,,false,[],[],Northern Ireland,,Medium,1378,fifa_players_csv,gareth_mcauley_1979
gianluca_caprari_1993,Gianluca Caprari,gianluca caprari g caprari caprari,"[""G. Caprari"",""Gianluca Caprari"",""Caprari""]",Italy,"CF,ST,CAM",Attack,1993,,,false,[],[],Italy,,Medium,1378,fifa_players_csv,gianluca_caprari_1993
jerome_gondorf_1988,Jérôme Gondorf,jerome gondorf j gondorf gondorf,"[""J. Gondorf"",""Jérôme Gondorf"",""Gondorf""]",Germany,"CM,CDM",Midfield,1988,,,false,[],[],Germany,,Medium,1378,fifa_players_csv,jerome_gondorf_1988
kaique_osvaldo_castro_rodrigues_1984,Kaíque Osvaldo Castro Rodrigues,kaique osvaldo castro rodrigues kaiquao castro rodrigues,"[""Kaíquão Castro"",""Kaíque Osvaldo Castro Rodrigues"",""Rodrigues""]",Brazil,GK,Goalkeeper,1984,,,false,[],[],Brazil,,Medium,1378,fifa_players_csv,kaique_osvaldo_castro_rodrigues_1984
marc_stendera_1995,Marc Stendera,marc stendera m stendera stendera,"[""M. Stendera"",""Marc Stendera"",""Stendera""]",Germany,"CM,CAM,CDM",Midfield,1995,,,false,[],[],Germany,,Medium,1378,fifa_players_csv,marc_stendera_1995
sven_kums_1988,Sven Kums,sven kums s kums kums,"[""S. Kums"",""Sven Kums"",""Kums""]",Belgium,"CM,CDM",Midfield,1988,,,false,[],[],Belgium,,Medium,1378,fifa_players_csv,sven_kums_1988
alan_ruiz_1993,Alan Ruiz,alan ruiz a ruiz ruiz,"[""A. Ruiz"",""Alan Ruiz"",""Ruiz""]",Argentina,"CF,CAM,ST",Attack,1993,,,false,[],[],Argentina,,Medium,1376,fifa_players_csv,alan_ruiz_1993
anastasios_bakasetas_1993,Anastasios Bakasetas,anastasios bakasetas a bakasetas bakasetas,"[""A. Bakasetas"",""Anastasios Bakasetas"",""Bakasetas""]",Greece,"CAM,RM,ST",Midfield,1993,,,false,[],[],Greece,,Medium,1376,fifa_players_csv,anastasios_bakasetas_1993
cristian_roldan_1995,Cristian Roldan,cristian roldan c roldan roldan,"[""C. Roldan"",""Cristian Roldan"",""Roldan""]",United States,"CDM,CM,RM",Midfield,1995,,,false,[],[],United States,,Medium,1376,fifa_players_csv,cristian_roldan_1995
dieumerci_mbokani_bezua_1985,Dieumerci Mbokani Bezua,dieumerci mbokani bezua d mbokani bezua,"[""D. Mbokani"",""Dieumerci Mbokani Bezua"",""Bezua""]",DR Congo,ST,Attack,1985,,,false,[],[],DR Congo,,Medium,1376,fifa_players_csv,dieumerci_mbokani_bezua_1985
fernando_pacheco_flores_1992,Fernando Pacheco Flores,fernando pacheco flores pacheco flores,"[""Pacheco"",""Fernando Pacheco Flores"",""Flores""]",Spain,GK,Goalkeeper,1992,,,false,[],[],Spain,,Medium,1376,fifa_players_csv,fernando_pacheco_flores_1992
gustav_svensson_1987,Gustav Svensson,gustav svensson g svensson svensson,"[""G. Svensson"",""Gustav Svensson"",""Svensson""]",Sweden,"CDM,CB,CM",Midfield,1987,,,false,[],[],Sweden,,Medium,1376,fifa_players_csv,gustav_svensson_1987
ibai_gomez_perez_1989,Ibai Gómez Pérez,ibai gomez perez ibai gomez perez,"[""Ibai Gómez"",""Ibai Gómez Pérez"",""Pérez""]",Spain,"RM,RW,LM",Midfield,1989,,,false,[],[],Spain,,Medium,1376,fifa_players_csv,ibai_gomez_perez_1989
jimmy_briand_1985,Jimmy Briand,jimmy briand j briand briand,"[""J. Briand"",""Jimmy Briand"",""Briand""]",France,ST,Attack,1985,,,false,[],[],France,,Medium,1376,fifa_players_csv,jimmy_briand_1985
kieran_gibbs_1989,Kieran  Gibbs,kieran gibbs k gibbs gibbs,"[""K. Gibbs"",""Kieran Gibbs"",""Gibbs""]",England,"LB,LWB",Defence,1989,,,false,[],[],England,,Medium,1376,fifa_players_csv,kieran_gibbs_1989
mohamed_diame_1987,Mohamed Diamé,mohamed diame m diame diame,"[""M. Diamé"",""Mohamed Diamé"",""Diamé""]",Senegal,CM,Midfield,1987,,,false,[],[],Senegal,,Medium,1376,fifa_players_csv,mohamed_diame_1987
thomas_mangani_1987,Thomas Mangani,thomas mangani t mangani mangani,"[""T. Mangani"",""Thomas Mangani"",""Mangani""]",France,CM,Midfield,1987,,,false,[],[],France,,Medium,1376,fifa_players_csv,thomas_mangani_1987
tony_jantschke_1990,Tony Jantschke,tony jantschke t jantschke jantschke,"[""T. Jantschke"",""Tony Jantschke"",""Jantschke""]",Germany,"RB,CB",Defence,1990,,,false,[],[],Germany,,Medium,1376,fifa_players_csv,tony_jantschke_1990
viktor_tsygankov_1997,Viktor Tsygankov,viktor tsygankov v tsygankov tsygankov,"[""V. Tsygankov"",""Viktor Tsygankov"",""Tsygankov""]",Ukraine,"RM,LM",Midfield,1997,,,false,[],[],Ukraine,,Medium,1376,fifa_players_csv,viktor_tsygankov_1997
alessandro_diamanti_1983,Alessandro Diamanti,alessandro diamanti a diamanti diamanti,"[""A. Diamanti"",""Alessandro Diamanti"",""Diamanti""]",Italy,"CAM,CF",Midfield,1983,,,false,[],[],Italy,,Medium,1375,fifa_players_csv,alessandro_diamanti_1983
bobby_shou_wood_1992,Bobby Shou Wood,bobby shou wood b wood wood,"[""B. Wood"",""Bobby Shou Wood"",""Wood""]",United States,ST,Attack,1992,,,false,[],[],United States,,Medium,1375,fifa_players_csv,bobby_shou_wood_1992
clinton_mua_n_jie_1993,Clinton Mua N'Jie,clinton mua n jie c njie n jie,"[""C. Njie"",""Clinton Mua N'Jie"",""N'Jie""]",Cameroon,"ST,LW",Attack,1993,,,false,[],[],Cameroon,,Medium,1375,fifa_players_csv,clinton_mua_n_jie_1993
cristian_david_pavon_1996,Cristian David Pavón,cristian david pavon c pavon pavon,"[""C. Pavón"",""Cristian David Pavón"",""Pavón""]",Argentina,"RW,ST,RM,LW",Attack,1996,,,false,[],[],Argentina,,Medium,1375,fifa_players_csv,cristian_david_pavon_1996
eder_gabriel_militao_1998,Éder Gabriel Militão,eder gabriel militao eder militao militao,"[""Éder Militão"",""Éder Gabriel Militão"",""Militão""]",Brazil,"CB,RB",Defence,1998,,,false,[],[],Brazil,,Medium,1375,fifa_players_csv,eder_gabriel_militao_1998
eran_zahavi_1987,Eran Zahavi,eran zahavi e zahavi zahavi,"[""E. Zahavi"",""Eran Zahavi"",""Zahavi""]",Israel,"CF,ST",Attack,1987,,,false,[],[],Israel,,Medium,1375,fifa_players_csv,eran_zahavi_1987
joaquin_correa_1994,Joaquín Correa,joaquin correa j correa correa,"[""J. Correa"",""Joaquín Correa"",""Correa""]",Argentina,"LM,ST,CAM",Midfield,1994,,,false,[],[],Argentina,,Medium,1375,fifa_players_csv,joaquin_correa_1994
marcos_llorente_moreno_1995,Marcos Llorente Moreno,marcos llorente moreno marcos llorente moreno,"[""Marcos Llorente"",""Marcos Llorente Moreno"",""Moreno""]",Spain,CDM,Midfield,1995,,,false,[],[],Spain,,Medium,1375,fifa_players_csv,marcos_llorente_moreno_1995
otavio_edmilson_da_silva_monteiro_1995,Otávio Edmilson da Silva Monteiro,otavio edmilson da silva monteiro otavio monteiro,"[""Otávio"",""Otávio Edmilson da Silva Monteiro"",""Monteiro""]",Brazil,"RM,CAM,CM",Midfield,1995,,,false,[],[],Brazil,,Medium,1375,fifa_players_csv,otavio_edmilson_da_silva_monteiro_1995
raphael_dias_belloli_1996,Raphael Dias Belloli,raphael dias belloli raphinha belloli,"[""Raphinha"",""Raphael Dias Belloli"",""Belloli""]",Brazil,"RW,LW",Attack,1996,,,false,[],[],Brazil,,Medium,1375,fifa_players_csv,raphael_dias_belloli_1996
raul_michel_melo_da_silva_1989,Raúl Michel Melo da Silva,raul michel melo da silva raul silva,"[""Raúl"",""Raúl Michel Melo da Silva"",""Silva""]",Brazil,CB,Defence,1989,,,false,[],[],Brazil,,Medium,1375,fifa_players_csv,raul_michel_melo_da_silva_1989
thilo_kehrer_1996,Thilo Kehrer,thilo kehrer t kehrer kehrer,"[""T. Kehrer"",""Thilo Kehrer"",""Kehrer""]",Germany,"CB,RB,LB",Defence,1996,,,false,[],[],Germany,,Medium,1375,fifa_players_csv,thilo_kehrer_1996
cheick_doukoure_1992,Cheick Doukouré,cheick doukoure c doukoure doukoure,"[""C. Doukouré"",""Cheick Doukouré"",""Doukouré""]",Ivory Coast,"CDM,CM",Midfield,1992,,,false,[],[],Côte d'Ivoire,,Medium,1374,fifa_players_csv,cheick_doukoure_1992
edson_andre_sitoe_1988,Edson André Sitoe,edson andre sitoe mexer sitoe,"[""Mexer"",""Edson André Sitoe"",""Sitoe""]",Mozambique,CB,Defence,1988,,,false,[],[],Mozambique,,Medium,1374,fifa_players_csv,edson_andre_sitoe_1988
gabriel_arias_1987,Gabriel Arias,gabriel arias g arias arias,"[""G. Arias"",""Gabriel Arias"",""Arias""]",Chile,GK,Goalkeeper,1987,,,false,[],[],Racing Club,,Medium,1374,fifa_players_csv,gabriel_arias_1987
gaston_silva_1994,Gastón Silva,gaston silva g silva silva,"[""G. Silva"",""Gastón Silva"",""Silva""]",Uruguay,"LB,CB",Defence,1994,,,false,[],[],Independiente,,Medium,1374,fifa_players_csv,gaston_silva_1994
george_saville_1993,George Saville,george saville g saville saville,"[""G. Saville"",""George Saville"",""Saville""]",Northern Ireland,"CM,LM",Midfield,1993,,,false,[],[],Northern Ireland,,Medium,1374,fifa_players_csv,george_saville_1993
hor_ur_bjorgvin_magnusson_1993,Hörður Björgvin Magnússon,hor ur bjorgvin magnusson h magnusson magnusson,"[""H. Magnússon"",""Hörður Björgvin Magnússon"",""Magnússon""]",Iceland,"CB,LB",Defence,1993,,,false,[],[],Iceland,,Medium,1374,fifa_players_csv,hor_ur_bjorgvin_magnusson_1993
iuri_jose_picanco_medeiros_1994,Iuri José  Picanço Medeiros,iuri jose picanco medeiros iuri medeiros medeiros,"[""Iuri Medeiros"",""Iuri José Picanço Medeiros"",""Medeiros""]",Portugal,"RM,RW",Midfield,1994,,,false,[],[],Portugal,,Medium,1374,fifa_players_csv,iuri_jose_picanco_medeiros_1994
ivan_mauricio_arboleda_1996,Iván Mauricio Arboleda,ivan mauricio arboleda i arboleda arboleda,"[""I. Arboleda"",""Iván Mauricio Arboleda"",""Arboleda""]",Colombia,GK,Goalkeeper,1996,,,false,[],[],Club Atlético Banfield,,Medium,1374,fifa_players_csv,ivan_mauricio_arboleda_1996
jairo_samperio_bustara_1993,Jairo Samperio Bustara,jairo samperio bustara jairo bustara,"[""Jairo"",""Jairo Samperio Bustara"",""Bustara""]",Spain,"LM,RM",Midfield,1993,,,false,[],[],Spain,,Medium,1374,fifa_players_csv,jairo_samperio_bustara_1993
javier_horacio_pinola_1983,Javier Horacio Pinola,javier horacio pinola j pinola pinola,"[""J. Pinola"",""Javier Horacio Pinola"",""Pinola""]",Argentina,CB,Defence,1983,,,false,[],[],Argentina,,Medium,1374,fifa_players_csv,javier_horacio_pinola_1983
jefferson_moreira_nascimento_1988,Jefferson Moreira Nascimento,jefferson moreira nascimento jefferson nascimento,"[""Jefferson"",""Jefferson Moreira Nascimento"",""Nascimento""]",Brazil,LB,Defence,1988,,,false,[],[],Brazil,,Medium,1374,fifa_players_csv,jefferson_moreira_nascimento_1988
jere_uronen_1994,Jere Uronen,jere uronen j uronen uronen,"[""J. Uronen"",""Jere Uronen"",""Uronen""]",Finland,LB,Defence,1994,,,false,[],[],Finland,,Medium,1374,fifa_players_csv,jere_uronen_1994
juan_manuel_iturbe_arevalo_1993,Juan Manuel Iturbe Arévalo,juan manuel iturbe arevalo j iturbe arevalo,"[""J. Iturbe"",""Juan Manuel Iturbe Arévalo"",""Arévalo""]",Paraguay,"RW,RM",Attack,1993,,,false,[],[],Paraguay,,Medium,1374,fifa_players_csv,juan_manuel_iturbe_arevalo_1993
lior_refaelov_1986,Lior Refaelov,lior refaelov l refaelov refaelov,"[""L. Refaelov"",""Lior Refaelov"",""Refaelov""]",Israel,"CAM,CM,RW",Midfield,1986,,,false,[],[],Israel,,Medium,1374,fifa_players_csv,lior_refaelov_1986
lois_diony_1992,Loïs Diony,lois diony l diony diony,"[""L. Diony"",""Loïs Diony"",""Diony""]",France,"ST,LM",Attack,1992,,,false,[],[],France,,Medium,1374,fifa_players_csv,lois_diony_1992
luca_cigarini_1986,Luca Cigarini,luca cigarini l cigarini cigarini,"[""L. Cigarini"",""Luca Cigarini"",""Cigarini""]",Italy,"CM,CDM",Midfield,1986,,,false,[],[],Italy,,Medium,1374,fifa_players_csv,luca_cigarini_1986
lucas_deaux_1988,Lucas Deaux,lucas deaux l deaux deaux,"[""L. Deaux"",""Lucas Deaux"",""Deaux""]",France,"CDM,CM",Midfield,1988,,,false,[],[],France,,Medium,1374,fifa_players_csv,lucas_deaux_1988
matt_miazga_1995,Matt Miazga,matt miazga m miazga miazga,"[""M. Miazga"",""Matt Miazga"",""Miazga""]",United States,CB,Defence,1995,,,false,[],[],United States,,Medium,1374,fifa_players_csv,matt_miazga_1995
maximilian_eggestein_1996,Maximilian Eggestein,maximilian eggestein m eggestein eggestein,"[""M. Eggestein"",""Maximilian Eggestein"",""Eggestein""]",Germany,"CM,CAM,CDM",Midfield,1996,,,false,[],[],Germany,,Medium,1374,fifa_players_csv,maximilian_eggestein_1996
muhamed_besic_1992,Muhamed Bešić,muhamed besic m besic besic,"[""M. Bešić"",""Muhamed Bešić"",""Bešić""]",Bosnia Herzegovina,"CDM,CM",Midfield,1992,,,false,[],[],Bosnia Herzegovina,,Medium,1374,fifa_players_csv,muhamed_besic_1992
nabil_dirar_1986,Nabil Dirar,nabil dirar n dirar dirar,"[""N. Dirar"",""Nabil Dirar"",""Dirar""]",Morocco,RM,Midfield,1986,,,false,[],[],Morocco,,Medium,1374,fifa_players_csv,nabil_dirar_1986
pedro_aquino_1995,Pedro Aquino,pedro aquino p aquino aquino,"[""P. Aquino"",""Pedro Aquino"",""Aquino""]",Peru,"CDM,CM",Midfield,1995,,,false,[],[],Club León,,Medium,1374,fifa_players_csv,pedro_aquino_1995
phil_jagielka_1982,Phil Jagielka,phil jagielka p jagielka jagielka,"[""P. Jagielka"",""Phil Jagielka"",""Jagielka""]",England,CB,Defence,1982,,,false,[],[],England,,Medium,1374,fifa_players_csv,phil_jagielka_1982
sandro_ranieri_guimaraes_cordeiro_1989,Sandro Ranieri Guimarães Cordeiro,sandro ranieri guimaraes cordeiro sandro cordeiro,"[""Sandro"",""Sandro Ranieri Guimarães Cordeiro"",""Cordeiro""]",Brazil,"CDM,CM",Midfield,1989,,,false,[],[],Brazil,,Medium,1374,fifa_players_csv,sandro_ranieri_guimaraes_cordeiro_1989
santiago_garcia_1988,Santiago García,santiago garcia s garcia garcia,"[""S. García"",""Santiago García"",""García""]",Argentina,"CB,LB",Defence,1988,,,false,[],[],Argentina,,Medium,1374,fifa_players_csv,santiago_garcia_1988
simone_missiroli_1986,Simone Missiroli,simone missiroli s missiroli missiroli,"[""S. Missiroli"",""Simone Missiroli"",""Missiroli""]",Italy,CM,Midfield,1986,,,false,[],[],Italy,,Medium,1374,fifa_players_csv,simone_missiroli_1986
slobodan_rajkovic_1989,Slobodan Rajković,slobodan rajkovic s rajkovic rajkovic,"[""S. Rajković"",""Slobodan Rajković"",""Rajković""]",Serbia,CB,Defence,1989,,,false,[],[],Serbia,,Medium,1374,fifa_players_csv,slobodan_rajkovic_1989
sverrir_ingi_ingason_1993,Sverrir Ingi Ingason,sverrir ingi ingason s ingason ingason,"[""S. Ingason"",""Sverrir Ingi Ingason"",""Ingason""]",Iceland,"CB,RB",Defence,1993,,,false,[],[],Iceland,,Medium,1374,fifa_players_csv,sverrir_ingi_ingason_1993
1988_52,乾 貴士,t inui,"[""T. Inui""]",Japan,"LM,LW",Midfield,1988,,,false,[],[],Japan,,Medium,1374,fifa_players_csv,1988_52
1986,岡崎 慎司,s okazaki,"[""S. Okazaki""]",Japan,"CAM,CF",Midfield,1986,,,false,[],[],Japan,,Medium,1374,fifa_players_csv,1986
jerry_mbakogu_1992,Jerry Mbakogu,jerry mbakogu j mbakogu mbakogu,"[""J. Mbakogu"",""Jerry Mbakogu"",""Mbakogu""]",Nigeria,ST,Attack,1992,,,false,[],[],Nigeria,,Medium,1373,fifa_players_csv,jerry_mbakogu_1992
jordan_veretout_1993,Jordan Veretout,jordan veretout j veretout veretout,"[""J. Veretout"",""Jordan Veretout"",""Veretout""]",France,"CM,CDM",Midfield,1993,,,false,[],[],France,,Medium,1373,fifa_players_csv,jordan_veretout_1993
lazar_markovic_1994,Lazar  Marković,lazar markovic l markovic markovic,"[""L. Marković"",""Lazar Marković"",""Marković""]",Serbia,"RM,RW",Midfield,1994,,,false,[],[],Serbia,,Medium,1373,fifa_players_csv,lazar_markovic_1994
pedro_mosquera_parada_1988,Pedro Mosquera Parada,pedro mosquera parada mosquera parada,"[""Mosquera"",""Pedro Mosquera Parada"",""Parada""]",Spain,"CDM,CM",Midfield,1988,,,false,[],[],Spain,,Medium,1373,fifa_players_csv,pedro_mosquera_parada_1988
ricardo_jorge_da_luz_horta_1994,Ricardo Jorge da Luz Horta,ricardo jorge da luz horta ricardo horta horta,"[""Ricardo Horta"",""Ricardo Jorge da Luz Horta"",""Horta""]",Portugal,LM,Midfield,1994,,,false,[],[],Portugal,,Medium,1373,fifa_players_csv,ricardo_jorge_da_luz_horta_1994
romain_thomas_1988,Romain Thomas,romain thomas r thomas thomas,"[""R. Thomas"",""Romain Thomas"",""Thomas""]",France,CB,Defence,1988,,,false,[],[],France,,Medium,1373,fifa_players_csv,romain_thomas_1988
1992_49,이재성 李在成,lee jae sung,"[""Lee Jae Sung""]",Korea Republic,"CAM,CM",Midfield,1992,,,false,[],[],Korea Republic,,Medium,1373,fifa_players_csv,1992_49
emil_krafth_1994,Emil Krafth,emil krafth e krafth krafth,"[""E. Krafth"",""Emil Krafth"",""Krafth""]",Sweden,RB,Defence,1994,,,false,[],[],Sweden,,Medium,1372,fifa_players_csv,emil_krafth_1994
ferland_mendy_1995,Ferland Mendy,ferland mendy f mendy mendy,"[""F. Mendy"",""Ferland Mendy"",""Mendy""]",France,"LB,LWB",Defence,1995,,,false,[],[],France,,Medium,1372,fifa_players_csv,ferland_mendy_1995
gokhan_gonul_1985,Gökhan Gönül,gokhan gonul g gonul gonul,"[""G. Gönül"",""Gökhan Gönül"",""Gönül""]",Turkey,RB,Defence,1985,,,false,[],[],Turkey,,Medium,1372,fifa_players_csv,gokhan_gonul_1985
gyasi_zardes_1991,Gyasi Zardes,gyasi zardes g zardes zardes,"[""G. Zardes"",""Gyasi Zardes"",""Zardes""]",United States,ST,Attack,1991,,,false,[],[],United States,,Medium,1372,fifa_players_csv,gyasi_zardes_1991
henry_josue_martin_mex_1992,Henry Josué Martín Mex,henry josue martin mex h martin mex,"[""H. Martín"",""Henry Josué Martín Mex"",""Mex""]",Mexico,"ST,RW",Attack,1992,,,false,[],[],Club América,,Medium,1372,fifa_players_csv,henry_josue_martin_mex_1992
john_egan_1992,John Egan,john egan j egan egan,"[""J. Egan"",""John Egan"",""Egan""]",Republic of Ireland,CB,Defence,1992,,,false,[],[],Republic of Ireland,,Medium,1372,fifa_players_csv,john_egan_1992
lorenzo_moron_garcia_1993,Lorenzo Morón García,lorenzo moron garcia loren garcia,"[""Loren"",""Lorenzo Morón García"",""García""]",Spain,ST,Attack,1993,,,false,[],[],Spain,,Medium,1372,fifa_players_csv,lorenzo_moron_garcia_1993
michel_vorm_1983,Michel Vorm,michel vorm m vorm vorm,"[""M. Vorm"",""Michel Vorm"",""Vorm""]",Netherlands,GK,Goalkeeper,1983,,,false,[],[],Netherlands,,Medium,1372,fifa_players_csv,michel_vorm_1983
scott_brown_1985,Scott Brown,scott brown s brown brown,"[""S. Brown"",""Scott Brown"",""Brown""]",Scotland,CDM,Midfield,1985,,,false,[],[],Scotland,,Medium,1372,fifa_players_csv,scott_brown_1985
tyler_adams_1999,Tyler Adams,tyler adams t adams adams,"[""T. Adams"",""Tyler Adams"",""Adams""]",United States,"CDM,RWB",Midfield,1999,,,false,[],[],United States,,Medium,1372,fifa_players_csv,tyler_adams_1999
valon_behrami_1985,Valon Behrami,valon behrami v behrami behrami,"[""V. Behrami"",""Valon Behrami"",""Behrami""]",Switzerland,"CDM,CM",Midfield,1985,,,false,[],[],Switzerland,,Medium,1372,fifa_players_csv,valon_behrami_1985
vinicius_jose_de_oliveira_junior_2000,Vinícius José de Oliveira Júnior,vinicius jose de oliveira junior vinicius junior junior,"[""Vinícius Júnior"",""Vinícius José de Oliveira Júnior"",""Júnior""]",Brazil,"LW,RW",Attack,2000,,,false,[],[],Brazil,,Medium,1372,fifa_players_csv,vinicius_jose_de_oliveira_junior_2000
wil_trapp_1993,Wil Trapp,wil trapp w trapp trapp,"[""W. Trapp"",""Wil Trapp"",""Trapp""]",United States,CDM,Midfield,1993,,,false,[],[],United States,,Medium,1372,fifa_players_csv,wil_trapp_1993
abdul_rahman_baba_1994,Abdul Rahman Baba,abdul rahman baba a baba baba,"[""A. Baba"",""Abdul Rahman Baba"",""Baba""]",Ghana,"LB,LM",Defence,1994,,,false,[],[],Ghana,,Medium,1371,fifa_players_csv,abdul_rahman_baba_1994
dennis_aogo_1987,Dennis Aogo,dennis aogo d aogo aogo,"[""D. Aogo"",""Dennis Aogo"",""Aogo""]",Germany,"CDM,LWB,LB",Midfield,1987,,,false,[],[],Germany,,Medium,1371,fifa_players_csv,dennis_aogo_1987
ismael_traore_1986,Ismaël Traoré,ismael traore i traore traore,"[""I. Traoré"",""Ismaël Traoré"",""Traoré""]",Ivory Coast,CB,Defence,1986,,,false,[],[],Ivory Coast,,Medium,1371,fifa_players_csv,ismael_traore_1986
jefferson_savarino_1996,Jefferson Savarino,jefferson savarino j savarino savarino,"[""J. Savarino"",""Jefferson Savarino"",""Savarino""]",Venezuela,"RW,CAM",Attack,1996,,,false,[],[],Venezuela,,Medium,1371,fifa_players_csv,jefferson_savarino_1996
milos_jojic_1992,Miloš Jojić,milos jojic m jojic jojic,"[""M. Jojić"",""Miloš Jojić"",""Jojić""]",Serbia,"CM,RM,CDM,CAM",Midfield,1992,,,false,[],[],Serbia,,Medium,1371,fifa_players_csv,milos_jojic_1992
pirmin_schwegler_1987,Pirmin Schwegler,pirmin schwegler p schwegler schwegler,"[""P. Schwegler"",""Pirmin Schwegler"",""Schwegler""]",Switzerland,"CDM,CM",Midfield,1987,,,false,[],[],Switzerland,,Medium,1371,fifa_players_csv,pirmin_schwegler_1987
scott_dann_1987,Scott Dann,scott dann s dann dann,"[""S. Dann"",""Scott Dann"",""Dann""]",England,CB,Defence,1987,,,false,[],[],England,,Medium,1371,fifa_players_csv,scott_dann_1987
taras_stepanenko_1989,Taras Stepanenko,taras stepanenko t stepanenko stepanenko,"[""T. Stepanenko"",""Taras Stepanenko"",""Stepanenko""]",Ukraine,CDM,Midfield,1989,,,false,[],[],Ukraine,,Medium,1371,fifa_players_csv,taras_stepanenko_1989
tore_reginiussen_1986,Tore Reginiussen,tore reginiussen t reginiussen reginiussen,"[""T. Reginiussen"",""Tore Reginiussen"",""Reginiussen""]",Norway,CB,Defence,1986,,,false,[],[],Norway,,Medium,1371,fifa_players_csv,tore_reginiussen_1986
alan_pulido_1991,Alan Pulido,alan pulido a pulido pulido,"[""A. Pulido"",""Alan Pulido"",""Pulido""]",Mexico,ST,Attack,1991,,,false,[],[],Mexico,,Medium,1370,fifa_players_csv,alan_pulido_1991
andreas_ulmer_1985,Andreas Ulmer,andreas ulmer a ulmer ulmer,"[""A. Ulmer"",""Andreas Ulmer"",""Ulmer""]",Austria,LB,Defence,1985,,,false,[],[],FC Red Bull Salzburg,,Medium,1370,fifa_players_csv,andreas_ulmer_1985
gonzalo_nicolas_martinez_1993,Gonzalo Nicolás Martínez,gonzalo nicolas martinez g martinez martinez,"[""G. Martínez"",""Gonzalo Nicolás Martínez"",""Martínez""]",Argentina,"CAM,LM,RM",Midfield,1993,,,false,[],[],Argentina,,Medium,1370,fifa_players_csv,gonzalo_nicolas_martinez_1993
ismaily_goncalves_dos_s_1990,Ismaily Gonçalves dos S.,ismaily goncalves dos s ismaily,"[""Ismaily"",""Ismaily Gonçalves dos S.""]",Brazil,LB,Defence,1990,,,false,[],[],Brazil,,Medium,1370,fifa_players_csv,ismaily_goncalves_dos_s_1990
johannes_geis_1993,Johannes Geis,johannes geis j geis geis,"[""J. Geis"",""Johannes Geis"",""Geis""]",Germany,"CDM,CB,CM",Midfield,1993,,,false,[],[],Germany,,Medium,1370,fifa_players_csv,johannes_geis_1993
jordan_ferri_1992,Jordan Ferri,jordan ferri j ferri ferri,"[""J. Ferri"",""Jordan Ferri"",""Ferri""]",France,CM,Midfield,1992,,,false,[],[],France,,Medium,1370,fifa_players_csv,jordan_ferri_1992
luca_antonelli_1987,Luca Antonelli,luca antonelli l antonelli antonelli,"[""L. Antonelli"",""Luca Antonelli"",""Antonelli""]",Italy,LB,Defence,1987,,,false,[],[],Italy,,Medium,1370,fifa_players_csv,luca_antonelli_1987
lukas_hinterseer_1991,Lukas Hinterseer,lukas hinterseer l hinterseer hinterseer,"[""L. Hinterseer"",""Lukas Hinterseer"",""Hinterseer""]",Austria,"ST,RW",Attack,1991,,,false,[],[],Austria,,Medium,1370,fifa_players_csv,lukas_hinterseer_1991
massimo_luongo_1992,Massimo  Luongo,massimo luongo m luongo luongo,"[""M. Luongo"",""Massimo Luongo"",""Luongo""]",Australia,"CDM,CM",Midfield,1992,,,false,[],[],Australia,,Medium,1370,fifa_players_csv,massimo_luongo_1992
peter_pekarik_1986,Peter Pekarík,peter pekarik p pekarik pekarik,"[""P. Pekarík"",""Peter Pekarík"",""Pekarík""]",Slovakia,RB,Defence,1986,,,false,[],[],Slovakia,,Medium,1370,fifa_players_csv,peter_pekarik_1986
vladimir_coufal_1992,Vladimír Coufal,vladimir coufal v coufal coufal,"[""V. Coufal"",""Vladimír Coufal"",""Coufal""]",Czech Republic,RB,Defence,1992,,,false,[],[],Czech Republic,,Medium,1370,fifa_players_csv,vladimir_coufal_1992
1992,宇佐美 貴史,t usami,"[""T. Usami""]",Japan,"RM,LM",Midfield,1992,,,false,[],[],Japan,,Medium,1370,fifa_players_csv,1992
jean_philippe_gbamin_1995,Jean-Philippe Gbamin,jean philippe gbamin j gbamin gbamin,"[""J. Gbamin"",""Jean-Philippe Gbamin"",""Gbamin""]",Ivory Coast,"CDM,CM,CB",Midfield,1995,,,false,[],[],Ivory Coast,,Medium,1369,fifa_players_csv,jean_philippe_gbamin_1995
jose_angel_gomez_campana_1993,José Ángel Gómez Campaña,jose angel gomez campana campana,"[""Campaña"",""José Ángel Gómez Campaña""]",Spain,"CM,CDM",Midfield,1993,,,false,[],[],Spain,,Medium,1369,fifa_players_csv,jose_angel_gomez_campana_1993
papiss_demba_cisse_1985,Papiss Demba Cissé,papiss demba cisse p cisse cisse,"[""P. Cissé"",""Papiss Demba Cissé"",""Cissé""]",Senegal,ST,Attack,1985,,,false,[],[],Senegal,,Medium,1369,fifa_players_csv,papiss_demba_cisse_1985
danny_vukovic_1985,Danny Vukovic,danny vukovic d vukovic vukovic,"[""D. Vukovic"",""Danny Vukovic"",""Vukovic""]",Australia,GK,Goalkeeper,1985,,,false,[],[],Australia,,Medium,1368,fifa_players_csv,danny_vukovic_1985
marcin_kaminski_1992,Marcin Kamiński,marcin kaminski m kaminski kaminski,"[""M. Kamiński"",""Marcin Kamiński"",""Kamiński""]",Poland,CB,Defence,1992,,,false,[],[],Poland,,Medium,1368,fifa_players_csv,marcin_kaminski_1992
milos_ninkovic_1984,Miloš Ninković,milos ninkovic m ninkovic ninkovic,"[""M. Ninković"",""Miloš Ninković"",""Ninković""]",Serbia,"CAM,LM",Midfield,1984,,,false,[],[],Serbia,,Medium,1368,fifa_players_csv,milos_ninkovic_1984
pablo_hernandez_dominguez_1985,Pablo Hernández Domínguez,pablo hernandez dominguez pablo hernandez dominguez,"[""Pablo Hernández"",""Pablo Hernández Domínguez"",""Domínguez""]",Spain,"RM,CAM,LM",Midfield,1985,,,false,[],[],Spain,,Medium,1368,fifa_players_csv,pablo_hernandez_dominguez_1985
serkan_k_r_nt_l_1985,Serkan Kırıntılı,serkan k r nt l s k r nt l k r nt l,"[""S. Kırıntılı"",""Serkan Kırıntılı"",""Kırıntılı""]",Turkey,GK,Goalkeeper,1985,,,false,[],[],Turkey,,Medium,1368,fifa_players_csv,serkan_k_r_nt_l_1985
artur_ionita_1990,Artur Ioniţă,artur ionita a ionita ionita,"[""A. Ioniţă"",""Artur Ioniţă"",""Ioniţă""]",Moldova,"CM,CAM,CDM",Midfield,1990,,,false,[],[],Moldova,,Medium,1367,fifa_players_csv,artur_ionita_1990
benny_feilhaber_1985,Benny Feilhaber,benny feilhaber b feilhaber feilhaber,"[""B. Feilhaber"",""Benny Feilhaber"",""Feilhaber""]",United States,CM,Midfield,1985,,,false,[],[],United States,,Medium,1367,fifa_players_csv,benny_feilhaber_1985
bojan_krkic_perez_1990,Bojan Krkić Pérez,bojan krkic perez bojan perez,"[""Bojan"",""Bojan Krkić Pérez"",""Pérez""]",Spain,"CAM,ST,LW",Midfield,1990,,,false,[],[],Spain,,Medium,1367,fifa_players_csv,bojan_krkic_perez_1990
gianluca_lapadula_1990,Gianluca Lapadula,gianluca lapadula g lapadula lapadula,"[""G. Lapadula"",""Gianluca Lapadula"",""Lapadula""]",Italy,ST,Attack,1990,,,false,[],[],Italy,,Medium,1367,fifa_players_csv,gianluca_lapadula_1990
haris_medunjanin_1985,Haris Medunjanin,haris medunjanin h medunjanin medunjanin,"[""H. Medunjanin"",""Haris Medunjanin"",""Medunjanin""]",Bosnia Herzegovina,"CM,CDM",Midfield,1985,,,false,[],[],Bosnia Herzegovina,,Medium,1367,fifa_players_csv,haris_medunjanin_1985
karim_rekik_1994,Karim Rekik,karim rekik k rekik rekik,"[""K. Rekik"",""Karim Rekik"",""Rekik""]",Netherlands,CB,Defence,1994,,,false,[],[],Netherlands,,Medium,1367,fifa_players_csv,karim_rekik_1994
kenneth_vermeer_1986,Kenneth Vermeer,kenneth vermeer k vermeer vermeer,"[""K. Vermeer"",""Kenneth Vermeer"",""Vermeer""]",Netherlands,GK,Goalkeeper,1986,,,false,[],[],Netherlands,,Medium,1367,fifa_players_csv,kenneth_vermeer_1986
leandro_damiao_da_silva_dos_santos_1989,Leandro Damião da Silva dos Santos,leandro damiao da silva dos santos leandro damiao santos,"[""Leandro Damião"",""Leandro Damião da Silva dos Santos"",""Santos""]",Brazil,ST,Attack,1989,,,false,[],[],Brazil,,Medium,1367,fifa_players_csv,leandro_damiao_da_silva_dos_santos_1989
luca_rigoni_1984,Luca Rigoni,luca rigoni l rigoni rigoni,"[""L. Rigoni"",""Luca Rigoni"",""Rigoni""]",Italy,"CM,CDM",Midfield,1984,,,false,[],[],Italy,,Medium,1367,fifa_players_csv,luca_rigoni_1984
manuel_marouan_da_costa_trinidade_1986,Manuel Marouan da Costa Trinidade,manuel marouan da costa trinidade manuel da costa trinidade,"[""Manuel da Costa"",""Manuel Marouan da Costa Trinidade"",""Trinidade""]",Morocco,"CB,CDM",Defence,1986,,,false,[],[],Morocco,,Medium,1367,fifa_players_csv,manuel_marouan_da_costa_trinidade_1986
mirko_valdifiori_1986,Mirko Valdifiori,mirko valdifiori m valdifiori valdifiori,"[""M. Valdifiori"",""Mirko Valdifiori"",""Valdifiori""]",Italy,"CDM,CM",Midfield,1986,,,false,[],[],Italy,,Medium,1367,fifa_players_csv,mirko_valdifiori_1986
nicolas_de_preville_1991,Nicolas De Préville,nicolas de preville n de preville preville,"[""N. De Préville"",""Nicolas De Préville"",""Préville""]",France,"LW,ST",Attack,1991,,,false,[],[],France,,Medium,1367,fifa_players_csv,nicolas_de_preville_1991
oscar_mauricio_opazo_lara_1990,Óscar Mauricio Opazo Lara,oscar mauricio opazo lara o opazo lara,"[""O. Opazo"",""Óscar Mauricio Opazo Lara"",""Lara""]",Chile,"RM,RB,LM,LB",Midfield,1990,,,false,[],[],Colo-Colo,,Medium,1367,fifa_players_csv,oscar_mauricio_opazo_lara_1990
rolando_jorge_pires_da_fonseca_1985,Rolando Jorge Pires da Fonseca,rolando jorge pires da fonseca rolando fonseca,"[""Rolando"",""Rolando Jorge Pires da Fonseca"",""Fonseca""]",Portugal,CB,Defence,1985,,,false,[],[],Portugal,,Medium,1367,fifa_players_csv,rolando_jorge_pires_da_fonseca_1985
selcuk_inan_1985,Selçuk İnan,selcuk inan s inan inan,"[""S. İnan"",""Selçuk İnan"",""İnan""]",Turkey,"CM,CDM",Midfield,1985,,,false,[],[],Turkey,,Medium,1367,fifa_players_csv,selcuk_inan_1985
stefano_okaka_chuka_1989,Stefano Okaka Chuka,stefano okaka chuka s okaka chuka,"[""S. Okaka"",""Stefano Okaka Chuka"",""Chuka""]",Italy,ST,Attack,1989,,,false,[],[],Italy,,Medium,1367,fifa_players_csv,stefano_okaka_chuka_1989
thiago_henrique_mendes_ribeiro_1992,Thiago Henrique Mendes Ribeiro,thiago henrique mendes ribeiro thiago mendes ribeiro,"[""Thiago Mendes"",""Thiago Henrique Mendes Ribeiro"",""Ribeiro""]",Brazil,"CDM,CM,RM",Midfield,1992,,,false,[],[],Brazil,,Medium,1367,fifa_players_csv,thiago_henrique_mendes_ribeiro_1992
alejandro_pozuelo_melero_1991,Alejandro Pozuelo Melero,alejandro pozuelo melero pozuelo melero,"[""Pozuelo"",""Alejandro Pozuelo Melero"",""Melero""]",Spain,"CAM,CM",Midfield,1991,,,false,[],[],Spain,,Medium,1366,fifa_players_csv,alejandro_pozuelo_melero_1991
arnaud_souquet_1992,Arnaud Souquet,arnaud souquet a souquet souquet,"[""A. Souquet"",""Arnaud Souquet"",""Souquet""]",France,RB,Defence,1992,,,false,[],[],France,,Medium,1366,fifa_players_csv,arnaud_souquet_1992
arturo_mina_1990,Arturo Mina,arturo mina a mina mina,"[""A. Mina"",""Arturo Mina"",""Mina""]",Ecuador,CB,Defence,1990,,,false,[],[],Ecuador,,Medium,1366,fifa_players_csv,arturo_mina_1990
birkir_bjarnason_1988,Birkir Bjarnason,birkir bjarnason b bjarnason bjarnason,"[""B. Bjarnason"",""Birkir Bjarnason"",""Bjarnason""]",Iceland,"CM,CDM",Midfield,1988,,,false,[],[],Iceland,,Medium,1366,fifa_players_csv,birkir_bjarnason_1988
callum_wilson_1992,Callum Wilson,callum wilson c wilson wilson,"[""C. Wilson"",""Callum Wilson"",""Wilson""]",England,ST,Attack,1992,,,false,[],[],England,,Medium,1366,fifa_players_csv,callum_wilson_1992
danny_ward_1993,Danny Ward,danny ward d ward ward,"[""D. Ward"",""Danny Ward"",""Ward""]",Wales,GK,Goalkeeper,1993,,,false,[],[],Wales,,Medium,1366,fifa_players_csv,danny_ward_1993
james_tarkowski_1992,James Tarkowski,james tarkowski j tarkowski tarkowski,"[""J. Tarkowski"",""James Tarkowski"",""Tarkowski""]",England,CB,Defence,1992,,,false,[],[],England,,Medium,1366,fifa_players_csv,james_tarkowski_1992
josef_husbauer_1990,Josef Hušbauer,josef husbauer j husbauer husbauer,"[""J. Hušbauer"",""Josef Hušbauer"",""Hušbauer""]",Czech Republic,"CM,CDM,CAM",Midfield,1990,,,false,[],[],Czech Republic,,Medium,1366,fifa_players_csv,josef_husbauer_1990
julian_korb_1992,Julian Korb,julian korb j korb korb,"[""J. Korb"",""Julian Korb"",""Korb""]",Germany,"RB,RWB,RM",Defence,1992,,,false,[],[],Germany,,Medium,1366,fifa_players_csv,julian_korb_1992
kevin_long_1990,Kevin Long,kevin long k long long,"[""K. Long"",""Kevin Long"",""Long""]",Republic of Ireland,CB,Defence,1990,,,false,[],[],Republic of Ireland,,Medium,1366,fifa_players_csv,kevin_long_1990
mark_uth_1991,Mark Uth,mark uth m uth uth,"[""M. Uth"",""Mark Uth"",""Uth""]",Germany,"ST,RW,RM",Attack,1991,,,false,[],[],Germany,,Medium,1366,fifa_players_csv,mark_uth_1991
mateusz_klich_1990,Mateusz Klich,mateusz klich m klich klich,"[""M. Klich"",""Mateusz Klich"",""Klich""]",Poland,CM,Midfield,1990,,,false,[],[],Poland,,Medium,1366,fifa_players_csv,mateusz_klich_1990
miler_alejandro_bolanos_reascos_1990,Miler Alejandro Bolaños Reascos,miler alejandro bolanos reascos m bolanos reascos,"[""M. Bolaños"",""Miler Alejandro Bolaños Reascos"",""Reascos""]",Ecuador,"CAM,RW,ST",Midfield,1990,,,false,[],[],Club Tijuana,,Medium,1366,fifa_players_csv,miler_alejandro_bolanos_reascos_1990
oliver_mcburnie_1996,Oliver McBurnie,oliver mcburnie o mcburnie mcburnie,"[""O. McBurnie"",""Oliver McBurnie"",""McBurnie""]",Scotland,"ST,LW",Attack,1996,,,false,[],[],Scotland,,Medium,1366,fifa_players_csv,oliver_mcburnie_1996
roland_sallai_1997,Roland Sallai,roland sallai r sallai sallai,"[""R. Sallai"",""Roland Sallai"",""Sallai""]",Hungary,LM,Midfield,1997,,,false,[],[],Hungary,,Medium,1366,fifa_players_csv,roland_sallai_1997
victor_yoshimar_yotun_flores_1990,Víctor Yoshimar Yotún Flores,victor yoshimar yotun flores y yotun flores,"[""Y. Yotún"",""Víctor Yoshimar Yotún Flores"",""Flores""]",Peru,"CM,LM,LB",Midfield,1990,,,false,[],[],Cruz Azul,,Medium,1366,fifa_players_csv,victor_yoshimar_yotun_flores_1990
yoan_cardinale_1994,Yoan Cardinale,yoan cardinale y cardinale cardinale,"[""Y. Cardinale"",""Yoan Cardinale"",""Cardinale""]",France,GK,Goalkeeper,1994,,,false,[],[],France,,Medium,1366,fifa_players_csv,yoan_cardinale_1994
eric_bautheac_1987,Éric Bauthéac,eric bautheac e bautheac bautheac,"[""E. Bauthéac"",""Éric Bauthéac"",""Bauthéac""]",France,"RM,LM",Midfield,1987,,,false,[],[],France,,Medium,1365,fifa_players_csv,eric_bautheac_1987
franco_matias_di_santo_1989,Franco Matías Di Santo,franco matias di santo f di santo santo,"[""F. Di Santo"",""Franco Matías Di Santo"",""Santo""]",Argentina,"ST,LW,CAM",Attack,1989,,,false,[],[],Argentina,,Medium,1365,fifa_players_csv,franco_matias_di_santo_1989
gaetan_charbonnier_1988,Gaëtan Charbonnier,gaetan charbonnier g charbonnier charbonnier,"[""G. Charbonnier"",""Gaëtan Charbonnier"",""Charbonnier""]",France,ST,Attack,1988,,,false,[],[],France,,Medium,1365,fifa_players_csv,gaetan_charbonnier_1988
jan_bednarek_1996,Jan Bednarek,jan bednarek j bednarek bednarek,"[""J. Bednarek"",""Jan Bednarek"",""Bednarek""]",Poland,CB,Defence,1996,,,false,[],[],Poland,,Medium,1365,fifa_players_csv,jan_bednarek_1996
jeremy_morel_1984,Jérémy Morel,jeremy morel j morel morel,"[""J. Morel"",""Jérémy Morel"",""Morel""]",Madagascar,CB,Defence,1984,,,false,[],[],Madagascar,,Medium,1365,fifa_players_csv,jeremy_morel_1984
jonathan_ludovic_biabiany_1988,Jonathan Ludovic Biabiany,jonathan ludovic biabiany j biabiany biabiany,"[""J. Biabiany"",""Jonathan Ludovic Biabiany"",""Biabiany""]",France,"RW,LW,RM",Attack,1988,,,false,[],[],France,,Medium,1365,fifa_players_csv,jonathan_ludovic_biabiany_1988
mehmet_ekici_1990,Mehmet Ekici,mehmet ekici m ekici ekici,"[""M. Ekici"",""Mehmet Ekici"",""Ekici""]",Turkey,"CAM,CM,CDM",Midfield,1990,,,false,[],[],Turkey,,Medium,1365,fifa_players_csv,mehmet_ekici_1990
oribe_peralta_morones_1984,Oribe Peralta Morones,oribe peralta morones o peralta morones,"[""O. Peralta"",""Oribe Peralta Morones"",""Morones""]",Mexico,ST,Attack,1984,,,false,[],[],Mexico,,Medium,1365,fifa_players_csv,oribe_peralta_morones_1984
rafael_cabral_barbosa_1990,Rafael Cabral Barbosa,rafael cabral barbosa rafael barbosa,"[""Rafael"",""Rafael Cabral Barbosa"",""Barbosa""]",Brazil,GK,Goalkeeper,1990,,,false,[],[],Brazil,,Medium,1365,fifa_players_csv,rafael_cabral_barbosa_1990
ricardo_gabriel_alvarez_1988,Ricardo Gabriel Álvarez,ricardo gabriel alvarez r alvarez alvarez,"[""R. Álvarez"",""Ricardo Gabriel Álvarez"",""Álvarez""]",Argentina,CAM,Midfield,1988,,,false,[],[],Argentina,,Medium,1365,fifa_players_csv,ricardo_gabriel_alvarez_1988
ricky_van_wolfswinkel_1989,Ricky van Wolfswinkel,ricky van wolfswinkel r van wolfswinkel wolfswinkel,"[""R. van Wolfswinkel"",""Ricky van Wolfswinkel"",""Wolfswinkel""]",Netherlands,"ST,RM",Attack,1989,,,false,[],[],Netherlands,,Medium,1365,fifa_players_csv,ricky_van_wolfswinkel_1989
tarik_elyounoussi_1988,Tarik Elyounoussi,tarik elyounoussi t elyounoussi elyounoussi,"[""T. Elyounoussi"",""Tarik Elyounoussi"",""Elyounoussi""]",Norway,"ST,CF,CAM",Attack,1988,,,false,[],[],Norway,,Medium,1365,fifa_players_csv,tarik_elyounoussi_1988
tim_matavz_1989,Tim Matavž,tim matavz t matavz matavz,"[""T. Matavž"",""Tim Matavž"",""Matavž""]",Slovenia,ST,Attack,1989,,,false,[],[],Slovenia,,Medium,1365,fifa_players_csv,tim_matavz_1989
wes_morgan_1984,Wes Morgan,wes morgan w morgan morgan,"[""W. Morgan"",""Wes Morgan"",""Morgan""]",Jamaica,CB,Defence,1984,,,false,[],[],Jamaica,,Medium,1365,fifa_players_csv,wes_morgan_1984
yannick_bolasie_yala_1989,Yannick Bolasie Yala,yannick bolasie yala y bolasie yala,"[""Y. Bolasie"",""Yannick Bolasie Yala"",""Yala""]",DR Congo,"LW,LM,RM",Attack,1989,,,false,[],[],DR Congo,,Medium,1365,fifa_players_csv,yannick_bolasie_yala_1989
alexander_s_rloth_1995,Alexander Sørloth,alexander s rloth a s rloth s rloth,"[""A. Sørloth"",""Alexander Sørloth"",""Sørloth""]",Norway,"ST,LW,RW",Attack,1995,,,false,[],[],Norway,,Medium,1364,fifa_players_csv,alexander_s_rloth_1995
jean_armel_kana_biyik_1989,Jean-Armel Kana-Biyik,jean armel kana biyik j kana biyik kana biyik,"[""J. Kana-Biyik"",""Jean-Armel Kana-Biyik"",""Kana-Biyik""]",Cameroon,CB,Defence,1989,,,false,[],[],Cameroon,,Medium,1364,fifa_players_csv,jean_armel_kana_biyik_1989
kevin_theophile_catherine_1989,Kévin Théophile-Catherine,kevin theophile catherine k theophile catherine theophile catherine,"[""K. Théophile-Catherine"",""Kévin Théophile-Catherine"",""Théophile-Catherine""]",France,"CB,RB",Defence,1989,,,false,[],[],France,,Medium,1364,fifa_players_csv,kevin_theophile_catherine_1989
tomas_horava_1988,Tomáš Hořava,tomas horava t horava horava,"[""T. Hořava"",""Tomáš Hořava"",""Hořava""]",Czech Republic,"CM,CDM,CAM",Midfield,1988,,,false,[],[],Czech Republic,,Medium,1364,fifa_players_csv,tomas_horava_1988
1991_82,酒井 髙徳,g sakai,"[""G. Sakai""]",Japan,"RB,CDM,LB",Defence,1991,,,false,[],[],Japan,,Medium,1364,fifa_players_csv,1991_82
alejandro_galvez_jimena_1989,Alejandro Gálvez Jimena,alejandro galvez jimena galvez jimena,"[""Gálvez"",""Alejandro Gálvez Jimena"",""Jimena""]",Spain,CB,Defence,1989,,,false,[],[],Spain,,Medium,1363,fifa_players_csv,alejandro_galvez_jimena_1989
callum_robinson_1995,Callum Robinson,callum robinson c robinson robinson,"[""C. Robinson"",""Callum Robinson"",""Robinson""]",Republic of Ireland,"LM,ST",Midfield,1995,,,false,[],[],Republic of Ireland,,Medium,1363,fifa_players_csv,callum_robinson_1995
davide_calabria_1996,Davide Calabria,davide calabria d calabria calabria,"[""D. Calabria"",""Davide Calabria"",""Calabria""]",Italy,RB,Defence,1996,,,false,[],[],Italy,,Medium,1363,fifa_players_csv,davide_calabria_1996
francisco_das_chagas_soares_dos_santos_1991,Francisco das Chagas Soares dos Santos,francisco das chagas soares dos santos soares santos,"[""Soares"",""Francisco das Chagas Soares dos Santos"",""Santos""]",Brazil,ST,Attack,1991,,,false,[],[],Brazil,,Medium,1363,fifa_players_csv,francisco_das_chagas_soares_dos_santos_1991
jordan_jones_1994,Jordan Jones,jordan jones j jones jones,"[""J. Jones"",""Jordan Jones"",""Jones""]",Northern Ireland,"LM,LW,CAM",Midfield,1994,,,false,[],[],Northern Ireland,,Medium,1363,fifa_players_csv,jordan_jones_1994
jose_luis_mendes_andrade_1991,José Luís Mendes Andrade,jose luis mendes andrade ze luis andrade,"[""Zé Luís"",""José Luís Mendes Andrade"",""Andrade""]",Cape Verde,ST,Attack,1991,,,false,[],[],Cape Verde,,Medium,1363,fifa_players_csv,jose_luis_mendes_andrade_1991
luka_milivojevic_1991,Luka Milivojević,luka milivojevic l milivojevic milivojevic,"[""L. Milivojević"",""Luka Milivojević"",""Milivojević""]",Serbia,"CDM,CM",Midfield,1991,,,false,[],[],Serbia,,Medium,1363,fifa_players_csv,luka_milivojevic_1991
roberto_alvarado_1998,Roberto Alvarado,roberto alvarado r alvarado alvarado,"[""R. Alvarado"",""Roberto Alvarado"",""Alvarado""]",Mexico,"LM,RM,CAM",Midfield,1998,,,false,[],[],Cruz Azul,,Medium,1363,fifa_players_csv,roberto_alvarado_1998
wahbi_khazri_1991,Wahbi Khazri,wahbi khazri w khazri khazri,"[""W. Khazri"",""Wahbi Khazri"",""Khazri""]",Tunisia,"ST,CF,CAM,LM",Attack,1991,,,false,[],[],Tunisia,,Medium,1363,fifa_players_csv,wahbi_khazri_1991
alejandro_bedoya_1987,Alejandro Bedoya,alejandro bedoya a bedoya bedoya,"[""A. Bedoya"",""Alejandro Bedoya"",""Bedoya""]",United States,"CM,CDM",Midfield,1987,,,false,[],[],United States,,Medium,1362,fifa_players_csv,alejandro_bedoya_1987
borja_garcia_freire_1990,Borja García Freire,borja garcia freire borja garcia freire,"[""Borja García"",""Borja García Freire"",""Freire""]",Spain,"LM,CM",Midfield,1990,,,false,[],[],Spain,,Medium,1362,fifa_players_csv,borja_garcia_freire_1990
dyego_wilverson_ferreira_sousa_1989,Dyego Wilverson Ferreira Sousa,dyego wilverson ferreira sousa dyego sousa sousa,"[""Dyego Sousa"",""Dyego Wilverson Ferreira Sousa"",""Sousa""]",Brazil,ST,Attack,1989,,,false,[],[],Brazil,,Medium,1362,fifa_players_csv,dyego_wilverson_ferreira_sousa_1989
enrique_garcia_martinez_1989,Enrique García Martínez,enrique garcia martinez kike garcia martinez,"[""Kike García"",""Enrique García Martínez"",""Martínez""]",Spain,ST,Attack,1989,,,false,[],[],Spain,,Medium,1362,fifa_players_csv,enrique_garcia_martinez_1989
ivo_ilicevic_1986,Ivo Iličević,ivo ilicevic i ilicevic ilicevic,"[""I. Iličević"",""Ivo Iličević"",""Iličević""]",Croatia,"LM,RM,CAM",Midfield,1986,,,false,[],[],Croatia,,Medium,1362,fifa_players_csv,ivo_ilicevic_1986
lebogang_phiri_1994,Lebogang Phiri,lebogang phiri l phiri phiri,"[""L. Phiri"",""Lebogang Phiri"",""Phiri""]",South Africa,"CM,CDM",Midfield,1994,,,false,[],[],South Africa,,Medium,1362,fifa_players_csv,lebogang_phiri_1994
martin_linnes_1991,Martin Linnes,martin linnes m linnes linnes,"[""M. Linnes"",""Martin Linnes"",""Linnes""]",Norway,"RB,LB",Defence,1991,,,false,[],[],Norway,,Medium,1362,fifa_players_csv,martin_linnes_1991
aziz_eraltay_behich_1990,Aziz Eraltay Behich,aziz eraltay behich a behich behich,"[""A. Behich"",""Aziz Eraltay Behich"",""Behich""]",Australia,LB,Defence,1990,,,false,[],[],Australia,,Medium,1361,fifa_players_csv,aziz_eraltay_behich_1990
diego_demme_1991,Diego Demme,diego demme d demme demme,"[""D. Demme"",""Diego Demme"",""Demme""]",Germany,"CDM,CM",Midfield,1991,,,false,[],[],Germany,,Medium,1361,fifa_players_csv,diego_demme_1991
enda_stevens_1990,Enda Stevens,enda stevens e stevens stevens,"[""E. Stevens"",""Enda Stevens"",""Stevens""]",Republic of Ireland,"LWB,LB",Defence,1990,,,false,[],[],Republic of Ireland,,Medium,1361,fifa_players_csv,enda_stevens_1990
florentin_pogba_1990,Florentin Pogba,florentin pogba f pogba pogba,"[""F. Pogba"",""Florentin Pogba"",""Pogba""]",Guinea,"CB,LB",Defence,1990,,,false,[],[],Guinea,,Medium,1361,fifa_players_csv,florentin_pogba_1990
jan_boril_1991,Jan Bořil,jan boril j boril boril,"[""J. Bořil"",""Jan Bořil"",""Bořil""]",Czech Republic,"RB,LB",Defence,1991,,,false,[],[],Czech Republic,,Medium,1361,fifa_players_csv,jan_boril_1991
jeffrey_gouweleeuw_1991,Jeffrey Gouweleeuw,jeffrey gouweleeuw j gouweleeuw gouweleeuw,"[""J. Gouweleeuw"",""Jeffrey Gouweleeuw"",""Gouweleeuw""]",Netherlands,CB,Defence,1991,,,false,[],[],Netherlands,,Medium,1361,fifa_players_csv,jeffrey_gouweleeuw_1991
karl_johan_johnsson_1990,Karl-Johan Johnsson,karl johan johnsson k johnsson johnsson,"[""K. Johnsson"",""Karl-Johan Johnsson"",""Johnsson""]",Sweden,GK,Goalkeeper,1990,,,false,[],[],Sweden,,Medium,1361,fifa_players_csv,karl_johan_johnsson_1990
luis_alfonso_rodriguez_alanis_1991,Luis Alfonso Rodríguez Alanís,luis alfonso rodriguez alanis l rodriguez alanis,"[""L. Rodríguez"",""Luis Alfonso Rodríguez Alanís"",""Alanís""]",Mexico,"RB,RWB",Defence,1991,,,false,[],[],Tigres U.A.N.L.,,Medium,1361,fifa_players_csv,luis_alfonso_rodriguez_alanis_1991
mats_m_ller_d_hli_1995,Mats  Møller Dæhli,mats m ller d hli m m ller d hli d hli,"[""M. Møller Dæhli"",""Mats Møller Dæhli"",""Dæhli""]",Norway,"LM,CAM,RM",Midfield,1995,,,false,[],[],Norway,,Medium,1361,fifa_players_csv,mats_m_ller_d_hli_1995
paul_joseph_arriola_hendricks_1995,Paul Joseph Arriola Hendricks,paul joseph arriola hendricks p arriola hendricks,"[""P. Arriola"",""Paul Joseph Arriola Hendricks"",""Hendricks""]",United States,"RM,RB",Midfield,1995,,,false,[],[],United States,,Medium,1361,fifa_players_csv,paul_joseph_arriola_hendricks_1995
wesley_moraes_ferreira_da_silva_1996,Wesley Moraes Ferreira da Silva,wesley moraes ferreira da silva wesley silva,"[""Wesley"",""Wesley Moraes Ferreira da Silva"",""Silva""]",Brazil,ST,Attack,1996,,,false,[],[],Brazil,,Medium,1361,fifa_players_csv,wesley_moraes_ferreira_da_silva_1996
adama_traore_1990,Adama Traoré,adama traore a traore traore,"[""A. Traoré"",""Adama Traoré"",""Traoré""]",Ivory Coast,LB,Defence,1990,,,false,[],[],Côte d'Ivoire,,Medium,1360,fifa_players_csv,adama_traore_1990
carlos_armando_gruezo_arboleda_1995,Carlos Armando Gruezo Arboleda,carlos armando gruezo arboleda c gruezo arboleda,"[""C. Gruezo"",""Carlos Armando Gruezo Arboleda"",""Arboleda""]",Ecuador,"CDM,CM",Midfield,1995,,,false,[],[],Ecuador,,Medium,1360,fifa_players_csv,carlos_armando_gruezo_arboleda_1995
cyril_thereau_1983,Cyril Théréau,cyril thereau c thereau thereau,"[""C. Théréau"",""Cyril Théréau"",""Théréau""]",France,"LW,CF",Attack,1983,,,false,[],[],France,,Medium,1360,fifa_players_csv,cyril_thereau_1983
david_lopez_silva_1989,David López Silva,david lopez silva david lopez silva,"[""David López"",""David López Silva"",""Silva""]",Spain,"CB,CDM",Defence,1989,,,false,[],[],Spain,,Medium,1360,fifa_players_csv,david_lopez_silva_1989
diego_castro_gimenez_1982,Diego Castro Giménez,diego castro gimenez diego castro gimenez,"[""Diego Castro"",""Diego Castro Giménez"",""Giménez""]",Spain,LW,Attack,1982,,,false,[],[],Spain,,Medium,1360,fifa_players_csv,diego_castro_gimenez_1982
hasan_ali_kald_r_m_1989,Hasan Ali Kaldırım,hasan ali kald r m h kald r m kald r m,"[""H. Kaldırım"",""Hasan Ali Kaldırım"",""Kaldırım""]",Turkey,LB,Defence,1989,,,false,[],[],Turkey,,Medium,1360,fifa_players_csv,hasan_ali_kald_r_m_1989
hugo_rodallega_martinez_1985,Hugo Rodallega Martínez,hugo rodallega martinez h rodallega martinez,"[""H. Rodallega"",""Hugo Rodallega Martínez"",""Martínez""]",Colombia,ST,Attack,1985,,,false,[],[],Colombia,,Medium,1360,fifa_players_csv,hugo_rodallega_martinez_1985
ivan_marcone_1990,Iván Marcone,ivan marcone i marcone marcone,"[""I. Marcone"",""Iván Marcone"",""Marcone""]",Argentina,CDM,Midfield,1990,,,false,[],[],Argentina,,Medium,1360,fifa_players_csv,ivan_marcone_1990
maxime_le_marchand_1989,Maxime Le Marchand,maxime le marchand m le marchand marchand,"[""M. Le Marchand"",""Maxime Le Marchand"",""Marchand""]",France,"CB,LB",Defence,1989,,,false,[],[],France,,Medium,1360,fifa_players_csv,maxime_le_marchand_1989
nadiem_amiri_1996,Nadiem Amiri,nadiem amiri n amiri amiri,"[""N. Amiri"",""Nadiem Amiri"",""Amiri""]",Germany,"CAM,CM",Midfield,1996,,,false,[],[],Germany,,Medium,1360,fifa_players_csv,nadiem_amiri_1996
rene_krhin_1990,Rene Krhin,rene krhin r krhin krhin,"[""R. Krhin"",""Rene Krhin"",""Krhin""]",Slovenia,"CDM,CM",Midfield,1990,,,false,[],[],Slovenia,,Medium,1360,fifa_players_csv,rene_krhin_1990
ruben_loftus_cheek_1996,Ruben Loftus-Cheek,ruben loftus cheek r loftus cheek loftus cheek,"[""R. Loftus-Cheek"",""Ruben Loftus-Cheek"",""Loftus-Cheek""]",England,"CM,LM",Midfield,1996,,,false,[],[],England,,Medium,1360,fifa_players_csv,ruben_loftus_cheek_1996
sebastien_corchia_1990,Sébastien Corchia,sebastien corchia s corchia corchia,"[""S. Corchia"",""Sébastien Corchia"",""Corchia""]",France,RB,Defence,1990,,,false,[],[],France,,Medium,1360,fifa_players_csv,sebastien_corchia_1990
alejandro_arribas_garrido_1989,Alejandro Arribas Garrido,alejandro arribas garrido arribas garrido,"[""Arribas"",""Alejandro Arribas Garrido"",""Garrido""]",Spain,CB,Defence,1989,,,false,[],[],Spain,,Medium,1359,fifa_players_csv,alejandro_arribas_garrido_1989
angel_luis_rodriguez_diaz_1987,Ángel Luís Rodríguez Díaz,angel luis rodriguez diaz angel diaz,"[""Ángel"",""Ángel Luís Rodríguez Díaz"",""Díaz""]",Spain,ST,Attack,1987,,,false,[],[],Spain,,Medium,1359,fifa_players_csv,angel_luis_rodriguez_diaz_1987
aron_einar_gunnarsson_1989,Aron Einar Gunnarsson,aron einar gunnarsson a gunnarsson gunnarsson,"[""A. Gunnarsson"",""Aron Einar Gunnarsson"",""Gunnarsson""]",Iceland,"CDM,CM",Midfield,1989,,,false,[],[],Iceland,,Medium,1359,fifa_players_csv,aron_einar_gunnarsson_1989
diadie_samassekou_1996,Diadie Samassékou,diadie samassekou d samassekou samassekou,"[""D. Samassékou"",""Diadie Samassékou"",""Samassékou""]",Mali,CDM,Midfield,1996,,,false,[],[],Mali,,Medium,1359,fifa_players_csv,diadie_samassekou_1996
erik_pieters_1988,Erik Pieters,erik pieters e pieters pieters,"[""E. Pieters"",""Erik Pieters"",""Pieters""]",Netherlands,"LB,LWB",Defence,1988,,,false,[],[],Netherlands,,Medium,1359,fifa_players_csv,erik_pieters_1988
ewerton_jose_almeida_santos_1989,Ewerton José Almeida Santos,ewerton jose almeida santos ewerton santos,"[""Ewerton"",""Ewerton José Almeida Santos"",""Santos""]",Brazil,CB,Defence,1989,,,false,[],[],Brazil,,Medium,1359,fifa_players_csv,ewerton_jose_almeida_santos_1989
mahmut_tekdemir_1988,Mahmut Tekdemir,mahmut tekdemir m tekdemir tekdemir,"[""M. Tekdemir"",""Mahmut Tekdemir"",""Tekdemir""]",Turkey,"CDM,CB",Midfield,1988,,,false,[],[],Turkey,,Medium,1359,fifa_players_csv,mahmut_tekdemir_1988
matthias_ostrzolek_1990,Matthias Ostrzolek,matthias ostrzolek m ostrzolek ostrzolek,"[""M. Ostrzolek"",""Matthias Ostrzolek"",""Ostrzolek""]",Germany,"LB,LWB,CDM",Defence,1990,,,false,[],[],Germany,,Medium,1359,fifa_players_csv,matthias_ostrzolek_1990
nejc_skubic_1989,Nejc Skubic,nejc skubic n skubic skubic,"[""N. Skubic"",""Nejc Skubic"",""Skubic""]",Slovenia,RB,Defence,1989,,,false,[],[],Slovenia,,Medium,1359,fifa_players_csv,nejc_skubic_1989
silvio_proto_1983,Silvio Proto,silvio proto s proto proto,"[""S. Proto"",""Silvio Proto"",""Proto""]",Belgium,GK,Goalkeeper,1983,,,false,[],[],Belgium,,Medium,1359,fifa_players_csv,silvio_proto_1983
yassine_bounou_1991,Yassine Bounou,yassine bounou y bounou bounou,"[""Y. Bounou"",""Yassine Bounou"",""Bounou""]",Morocco,GK,Goalkeeper,1991,,,false,[],[],Morocco,,Medium,1359,fifa_players_csv,yassine_bounou_1991
achraf_hakimi_mouh_1998,Achraf Hakimi Mouh,achraf hakimi mouh a hakimi mouh,"[""A. Hakimi"",""Achraf Hakimi Mouh"",""Mouh""]",Morocco,"RB,LB",Defence,1998,,,false,[],[],Morocco,,Medium,1358,fifa_players_csv,achraf_hakimi_mouh_1998
alex_iwobi_1996,Alex Iwobi,alex iwobi a iwobi iwobi,"[""A. Iwobi"",""Alex Iwobi"",""Iwobi""]",Nigeria,"LM,RM,LW",Midfield,1996,,,false,[],[],Nigeria,,Medium,1358,fifa_players_csv,alex_iwobi_1996
allan_nyom_1988,Allan Nyom,allan nyom a nyom nyom,"[""A. Nyom"",""Allan Nyom"",""Nyom""]",Cameroon,"RB,RWB,LB",Defence,1988,,,false,[],[],Cameroon,,Medium,1358,fifa_players_csv,allan_nyom_1988
christian_trasch_1987,Christian Träsch,christian trasch c trasch trasch,"[""C. Träsch"",""Christian Träsch"",""Träsch""]",Germany,"CDM,RB",Midfield,1987,,,false,[],[],Germany,,Medium,1358,fifa_players_csv,christian_trasch_1987
curtis_davies_1985,Curtis  Davies,curtis davies c davies davies,"[""C. Davies"",""Curtis Davies"",""Davies""]",England,CB,Defence,1985,,,false,[],[],England,,Medium,1358,fifa_players_csv,curtis_davies_1985
daniel_castelo_podence_1995,Daniel Castelo Podence,daniel castelo podence daniel podence podence,"[""Daniel Podence"",""Daniel Castelo Podence"",""Podence""]",Portugal,"LM,RM,CAM",Midfield,1995,,,false,[],[],Portugal,,Medium,1358,fifa_players_csv,daniel_castelo_podence_1995
daniel_congre_1985,Daniel Congré,daniel congre d congre congre,"[""D. Congré"",""Daniel Congré"",""Congré""]",France,CB,Defence,1985,,,false,[],[],France,,Medium,1358,fifa_players_csv,daniel_congre_1985
david_soria_solis_1993,David Soria Solís,david soria solis david soria solis,"[""David Soria"",""David Soria Solís"",""Solís""]",Spain,GK,Goalkeeper,1993,,,false,[],[],Spain,,Medium,1358,fifa_players_csv,david_soria_solis_1993
felipe_dias_da_silva_dal_belo_1984,Felipe Dias da Silva dal Belo,felipe dias da silva dal belo felipe belo,"[""Felipe"",""Felipe Dias da Silva dal Belo"",""Belo""]",Brazil,CB,Defence,1984,,,false,[],[],Brazil,,Medium,1358,fifa_players_csv,felipe_dias_da_silva_dal_belo_1984
francesco_magnanelli_1984,Francesco Magnanelli,francesco magnanelli f magnanelli magnanelli,"[""F. Magnanelli"",""Francesco Magnanelli"",""Magnanelli""]",Italy,CDM,Midfield,1984,,,false,[],[],Italy,,Medium,1358,fifa_players_csv,francesco_magnanelli_1984
ivan_strinic_1987,Ivan Strinić,ivan strinic i strinic strinic,"[""I. Strinić"",""Ivan Strinić"",""Strinić""]",Croatia,LB,Defence,1987,,,false,[],[],Croatia,,Medium,1358,fifa_players_csv,ivan_strinic_1987
leonardo_koutris_1995,Leonardo Koutris,leonardo koutris l koutris koutris,"[""L. Koutris"",""Leonardo Koutris"",""Koutris""]",Greece,"LB,LM",Defence,1995,,,false,[],[],Greece,,Medium,1358,fifa_players_csv,leonardo_koutris_1995
luca_rossettini_1985,Luca Rossettini,luca rossettini l rossettini rossettini,"[""L. Rossettini"",""Luca Rossettini"",""Rossettini""]",Italy,CB,Defence,1985,,,false,[],[],Italy,,Medium,1358,fifa_players_csv,luca_rossettini_1985
matias_agustin_silvestre_1984,Matías Agustín Silvestre,matias agustin silvestre m silvestre silvestre,"[""M. Silvestre"",""Matías Agustín Silvestre"",""Silvestre""]",Italy,CB,Defence,1984,,,false,[],[],Italy,,Medium,1358,fifa_players_csv,matias_agustin_silvestre_1984
stanislav_lobotka_1994,Stanislav Lobotka,stanislav lobotka s lobotka lobotka,"[""S. Lobotka"",""Stanislav Lobotka"",""Lobotka""]",Slovakia,"CM,CDM",Midfield,1994,,,false,[],[],Slovakia,,Medium,1358,fifa_players_csv,stanislav_lobotka_1994
aleksandar_mitrovic_1994,Aleksandar Mitrović,aleksandar mitrovic a mitrovic mitrovic,"[""A. Mitrović"",""Aleksandar Mitrović"",""Mitrović""]",Serbia,ST,Attack,1994,,,false,[],[],Serbia,,Medium,1357,fifa_players_csv,aleksandar_mitrovic_1994
christian_fassnacht_1993,Christian Fassnacht,christian fassnacht c fassnacht fassnacht,"[""C. Fassnacht"",""Christian Fassnacht"",""Fassnacht""]",Switzerland,"RM,LM",Midfield,1993,,,false,[],[],BSC Young Boys,,Medium,1357,fifa_players_csv,christian_fassnacht_1993
gaetan_laborde_1994,Gaëtan  Laborde,gaetan laborde g laborde laborde,"[""G. Laborde"",""Gaëtan Laborde"",""Laborde""]",France,ST,Attack,1994,,,false,[],[],France,,Medium,1357,fifa_players_csv,gaetan_laborde_1994
hector_junior_firpo_adames_1996,Héctor Junior Firpo Adamés,hector junior firpo adames junior firpo adames,"[""Junior Firpo"",""Héctor Junior Firpo Adamés"",""Adamés""]",Spain,"LWB,LB,CB,LM",Defence,1996,,,false,[],[],Spain,,Medium,1357,fifa_players_csv,hector_junior_firpo_adames_1996
jaromir_zmrhal_1993,Jaromír Zmrhal,jaromir zmrhal j zmrhal zmrhal,"[""J. Zmrhal"",""Jaromír Zmrhal"",""Zmrhal""]",Czech Republic,"LM,RM",Midfield,1993,,,false,[],[],Czech Republic,,Medium,1357,fifa_players_csv,jaromir_zmrhal_1993
jason_denayer_1995,Jason Denayer,jason denayer j denayer denayer,"[""J. Denayer"",""Jason Denayer"",""Denayer""]",Belgium,CB,Defence,1995,,,false,[],[],Belgium,,Medium,1357,fifa_players_csv,jason_denayer_1995
joan_jordan_moreno_1994,Joan Jordán Moreno,joan jordan moreno joan jordan moreno,"[""Joan Jordán"",""Joan Jordán Moreno"",""Moreno""]",Spain,"CM,CDM,CAM",Midfield,1994,,,false,[],[],Spain,,Medium,1357,fifa_players_csv,joan_jordan_moreno_1994
patrick_cutrone_1998,Patrick Cutrone,patrick cutrone p cutrone cutrone,"[""P. Cutrone"",""Patrick Cutrone"",""Cutrone""]",Italy,ST,Attack,1998,,,false,[],[],Italy,,Medium,1357,fifa_players_csv,patrick_cutrone_1998
sigurd_rosted_1994,Sigurd Rosted,sigurd rosted s rosted rosted,"[""S. Rosted"",""Sigurd Rosted"",""Rosted""]",Norway,CB,Defence,1994,,,false,[],[],Norway,,Medium,1357,fifa_players_csv,sigurd_rosted_1994
tom_lawrence_1994,Tom Lawrence,tom lawrence t lawrence lawrence,"[""T. Lawrence"",""Tom Lawrence"",""Lawrence""]",Wales,LW,Attack,1994,,,false,[],[],Wales,,Medium,1357,fifa_players_csv,tom_lawrence_1994
yerry_mina_1994,Yerry Mina,yerry mina y mina mina,"[""Y. Mina"",""Yerry Mina"",""Mina""]",Colombia,CB,Defence,1994,,,false,[],[],Colombia,,Medium,1357,fifa_players_csv,yerry_mina_1994
ervin_zukanovic_1987,Ervin Zukanović,ervin zukanovic e zukanovic zukanovic,"[""E. Zukanović"",""Ervin Zukanović"",""Zukanović""]",Bosnia Herzegovina,CB,Defence,1987,,,false,[],[],Bosnia Herzegovina,,Medium,1356,fifa_players_csv,ervin_zukanovic_1987
fedor_kudryashov_1987,Fedor Kudryashov,fedor kudryashov f kudryashov kudryashov,"[""F. Kudryashov"",""Fedor Kudryashov"",""Kudryashov""]",Russia,"CB,LWB",Defence,1987,,,false,[],[],Russia,,Medium,1356,fifa_players_csv,fedor_kudryashov_1987
gabriel_appelt_pires_1993,Gabriel Appelt Pires,gabriel appelt pires gabriel pires,"[""Gabriel"",""Gabriel Appelt Pires"",""Pires""]",Brazil,"CM,CDM",Midfield,1993,,,false,[],[],Brazil,,Medium,1356,fifa_players_csv,gabriel_appelt_pires_1993
isaac_kiese_thelin_1992,Isaac Kiese Thelin,isaac kiese thelin i kiese thelin thelin,"[""I. Kiese Thelin"",""Isaac Kiese Thelin"",""Thelin""]",Sweden,ST,Attack,1992,,,false,[],[],Sweden,,Medium,1356,fifa_players_csv,isaac_kiese_thelin_1992
leandro_trossard_1994,Leandro Trossard,leandro trossard l trossard trossard,"[""L. Trossard"",""Leandro Trossard"",""Trossard""]",Belgium,LW,Attack,1994,,,false,[],[],Belgium,,Medium,1356,fifa_players_csv,leandro_trossard_1994
ludovic_lamine_sane_1987,Ludovic Lamine Sané,ludovic lamine sane l sane sane,"[""L. Sané"",""Ludovic Lamine Sané"",""Sané""]",Senegal,CB,Defence,1987,,,false,[],[],Senegal,,Medium,1356,fifa_players_csv,ludovic_lamine_sane_1987
marko_dmitrovic_1992,Marko Dmitrović,marko dmitrovic m dmitrovic dmitrovic,"[""M. Dmitrović"",""Marko Dmitrović"",""Dmitrović""]",Serbia,GK,Goalkeeper,1992,,,false,[],[],Serbia,,Medium,1356,fifa_players_csv,marko_dmitrovic_1992
martin_dubravka_1989,Martin Dúbravka,martin dubravka m dubravka dubravka,"[""M. Dúbravka"",""Martin Dúbravka"",""Dúbravka""]",Slovakia,GK,Goalkeeper,1989,,,false,[],[],Slovakia,,Medium,1356,fifa_players_csv,martin_dubravka_1989
sebastian_lletget_1992,Sebastian  Lletget,sebastian lletget s lletget lletget,"[""S. Lletget"",""Sebastian Lletget"",""Lletget""]",United States,"CAM,CM,LM,RM",Midfield,1992,,,false,[],[],United States,,Medium,1356,fifa_players_csv,sebastian_lletget_1992
shaun_williams_1986,Shaun Williams,shaun williams s williams williams,"[""S. Williams"",""Shaun Williams"",""Williams""]",Republic of Ireland,"CDM,CM",Midfield,1986,,,false,[],[],Republic of Ireland,,Medium,1356,fifa_players_csv,shaun_williams_1986
adam_maher_1993,Adam Maher,adam maher a maher maher,"[""A. Maher"",""Adam Maher"",""Maher""]",Netherlands,"CM,CAM",Midfield,1993,,,false,[],[],Netherlands,,Medium,1355,fifa_players_csv,adam_maher_1993
andreas_beck_1987,Andreas Beck,andreas beck a beck beck,"[""A. Beck"",""Andreas Beck"",""Beck""]",Germany,"RB,RWB",Defence,1987,,,false,[],[],Germany,,Medium,1355,fifa_players_csv,andreas_beck_1987
danny_simpson_1987,Danny Simpson,danny simpson d simpson simpson,"[""D. Simpson"",""Danny Simpson"",""Simpson""]",England,RB,Defence,1987,,,false,[],[],England,,Medium,1355,fifa_players_csv,danny_simpson_1987
guido_pizarro_1990,Guido Pizarro,guido pizarro g pizarro pizarro,"[""G. Pizarro"",""Guido Pizarro"",""Pizarro""]",Argentina,CDM,Midfield,1990,,,false,[],[],Argentina,,Medium,1355,fifa_players_csv,guido_pizarro_1990
ismaila_sarr_1998,Ismaïla Sarr,ismaila sarr i sarr sarr,"[""I. Sarr"",""Ismaïla Sarr"",""Sarr""]",Senegal,"LM,RM,ST",Midfield,1998,,,false,[],[],Senegal,,Medium,1355,fifa_players_csv,ismaila_sarr_1998
niklas_stark_1995,Niklas Stark,niklas stark n stark stark,"[""N. Stark"",""Niklas Stark"",""Stark""]",Germany,"CB,CDM",Defence,1995,,,false,[],[],Germany,,Medium,1355,fifa_players_csv,niklas_stark_1995
ruben_castro_martin_1981,Rubén Castro Martín,ruben castro martin ruben castro martin,"[""Rubén Castro"",""Rubén Castro Martín"",""Martín""]",Spain,"ST,CF",Attack,1981,,,false,[],[],Spain,,Medium,1355,fifa_players_csv,ruben_castro_martin_1981
ruslan_malinovskyi_1993,Ruslan Malinovskyi,ruslan malinovskyi r malinovskyi malinovskyi,"[""R. Malinovskyi"",""Ruslan Malinovskyi"",""Malinovskyi""]",Ukraine,CM,Midfield,1993,,,false,[],[],Ukraine,,Medium,1355,fifa_players_csv,ruslan_malinovskyi_1993
sergio_escudero_palomo_1989,Sergio Escudero Palomo,sergio escudero palomo escudero palomo,"[""Escudero"",""Sergio Escudero Palomo"",""Palomo""]",Spain,"LB,LM",Defence,1989,,,false,[],[],Spain,,Medium,1355,fifa_players_csv,sergio_escudero_palomo_1989
tomas_kalas_1993,Tomáš Kalas,tomas kalas t kalas kalas,"[""T. Kalas"",""Tomáš Kalas"",""Kalas""]",Czech Republic,CB,Defence,1993,,,false,[],[],Czech Republic,,Medium,1355,fifa_players_csv,tomas_kalas_1993
walker_zimmerman_1993,Walker Zimmerman,walker zimmerman w zimmerman zimmerman,"[""W. Zimmerman"",""Walker Zimmerman"",""Zimmerman""]",United States,CB,Defence,1993,,,false,[],[],United States,,Medium,1355,fifa_players_csv,walker_zimmerman_1993
zouhair_feddal_1989,Zouhair Feddal,zouhair feddal z feddal feddal,"[""Z. Feddal"",""Zouhair Feddal"",""Feddal""]",Morocco,CB,Defence,1989,,,false,[],[],Morocco,,Medium,1355,fifa_players_csv,zouhair_feddal_1989
1986_2,長友 佑都,y nagatomo,"[""Y. Nagatomo""]",Japan,"LB,RB",Defence,1986,,,false,[],[],Japan,,Medium,1355,fifa_players_csv,1986_2
bjorn_maars_johnsen_1991,Björn Maars Johnsen,bjorn maars johnsen b johnsen johnsen,"[""B. Johnsen"",""Björn Maars Johnsen"",""Johnsen""]",Norway,ST,Attack,1991,,,false,[],[],Norway,,Medium,1354,fifa_players_csv,bjorn_maars_johnsen_1991
borja_iglesias_quintas_1993,Borja Iglesias Quintas,borja iglesias quintas borja iglesias quintas,"[""Borja Iglesias"",""Borja Iglesias Quintas"",""Quintas""]",Spain,ST,Attack,1993,,,false,[],[],Spain,,Medium,1354,fifa_players_csv,borja_iglesias_quintas_1993
dame_n_doye_1985,Dame N'Doye,dame n doye d n doye n doye,"[""D. N'Doye"",""Dame N'Doye"",""N'Doye""]",Senegal,ST,Attack,1985,,,false,[],[],Senegal,,Medium,1354,fifa_players_csv,dame_n_doye_1985
damian_kadzior_1992,Damian Kądzior,damian kadzior d kadzior kadzior,"[""D. Kądzior"",""Damian Kądzior"",""Kądzior""]",Poland,RM,Midfield,1992,,,false,[],[],Poland,,Medium,1354,fifa_players_csv,damian_kadzior_1992
fraser_forster_1988,Fraser Forster,fraser forster f forster forster,"[""F. Forster"",""Fraser Forster"",""Forster""]",England,GK,Goalkeeper,1988,,,false,[],[],England,,Medium,1354,fifa_players_csv,fraser_forster_1988
jamaal_lascelles_1993,Jamaal Lascelles,jamaal lascelles j lascelles lascelles,"[""J. Lascelles"",""Jamaal Lascelles"",""Lascelles""]",England,CB,Defence,1993,,,false,[],[],England,,Medium,1354,fifa_players_csv,jamaal_lascelles_1993
jonas_omlin_1994,Jonas Omlin,jonas omlin j omlin omlin,"[""J. Omlin"",""Jonas Omlin"",""Omlin""]",Switzerland,GK,Goalkeeper,1994,,,false,[],[],FC Basel 1893,,Medium,1354,fifa_players_csv,jonas_omlin_1994
nikos_karelis_1992,Nikos Karelis,nikos karelis n karelis karelis,"[""N. Karelis"",""Nikos Karelis"",""Karelis""]",Greece,ST,Attack,1992,,,false,[],[],Greece,,Medium,1354,fifa_players_csv,nikos_karelis_1992
pere_pons_riera_1993,Pere Pons Riera,pere pons riera pere pons riera,"[""Pere Pons"",""Pere Pons Riera"",""Riera""]",Spain,"CM,CDM",Midfield,1993,,,false,[],[],Spain,,Medium,1354,fifa_players_csv,pere_pons_riera_1993
ui_jo_hwang_1992,황의조 Ui Jo Hwang,ui jo hwang hwang ui jo hwang,"[""Hwang Ui Jo"",""황의조 Ui Jo Hwang"",""Hwang""]",Korea Republic,"ST,RM",Attack,1992,,,false,[],[],Korea Republic,,Medium,1354,fifa_players_csv,ui_jo_hwang_1992
darren_randolph_1987,Darren Randolph,darren randolph d randolph randolph,"[""D. Randolph"",""Darren Randolph"",""Randolph""]",Republic of Ireland,GK,Goalkeeper,1987,,,false,[],[],Republic of Ireland,,Medium,1353,fifa_players_csv,darren_randolph_1987
lorenzo_enrique_reyes_vicencio_1991,Lorenzo Enrique Reyes Vicencio,lorenzo enrique reyes vicencio l reyes vicencio,"[""L. Reyes"",""Lorenzo Enrique Reyes Vicencio"",""Vicencio""]",Chile,"CM,CDM",Midfield,1991,,,false,[],[],Club Atlas,,Medium,1353,fifa_players_csv,lorenzo_enrique_reyes_vicencio_1991
maximiliano_ruben_rodriguez_1981,Maximiliano Rubén Rodríguez,maximiliano ruben rodriguez m rodriguez rodriguez,"[""M. Rodríguez"",""Maximiliano Rubén Rodríguez"",""Rodríguez""]",Argentina,"LM,CAM,ST",Midfield,1981,,,false,[],[],Argentina,,Medium,1353,fifa_players_csv,maximiliano_ruben_rodriguez_1981
moritz_leitner_1992,Moritz Leitner,moritz leitner m leitner leitner,"[""M. Leitner"",""Moritz Leitner"",""Leitner""]",Germany,"CM,CDM",Midfield,1992,,,false,[],[],Germany,,Medium,1353,fifa_players_csv,moritz_leitner_1992
scott_mctominay_1996,Scott McTominay,scott mctominay s mctominay mctominay,"[""S. McTominay"",""Scott McTominay"",""McTominay""]",Scotland,"CM,CDM",Midfield,1996,,,false,[],[],Scotland,,Medium,1353,fifa_players_csv,scott_mctominay_1996
sergi_gomez_sola_1992,Sergi Gómez Solà,sergi gomez sola sergi gomez sola,"[""Sergi Gómez"",""Sergi Gómez Solà"",""Solà""]",Spain,CB,Defence,1992,,,false,[],[],Spain,,Medium,1353,fifa_players_csv,sergi_gomez_sola_1992
sergio_miguel_relvas_de_oliveira_1992,Sérgio Miguel Relvas de Oliveira,sergio miguel relvas de oliveira sergio oliveira oliveira,"[""Sérgio Oliveira"",""Sérgio Miguel Relvas de Oliveira"",""Oliveira""]",Portugal,"CM,CDM",Midfield,1992,,,false,[],[],Portugal,,Medium,1353,fifa_players_csv,sergio_miguel_relvas_de_oliveira_1992
wout_weghorst_1992,Wout Weghorst,wout weghorst w weghorst weghorst,"[""W. Weghorst"",""Wout Weghorst"",""Weghorst""]",Netherlands,ST,Attack,1992,,,false,[],[],Netherlands,,Medium,1353,fifa_players_csv,wout_weghorst_1992
andy_aryel_najar_rodriguez_1993,Andy Aryel Najar Rodríguez,andy aryel najar rodriguez a najar rodriguez,"[""A. Najar"",""Andy Aryel Najar Rodríguez"",""Rodríguez""]",Honduras,"RB,RM,CB",Defence,1993,,,false,[],[],Honduras,,Medium,1352,fifa_players_csv,andy_aryel_najar_rodriguez_1993
cristian_alexis_borja_gonzalez_1993,Cristian Alexis Borja González,cristian alexis borja gonzalez c borja gonzalez,"[""C. Borja"",""Cristian Alexis Borja González"",""González""]",Colombia,LB,Defence,1993,,,false,[],[],Sporting CP,,Medium,1352,fifa_players_csv,cristian_alexis_borja_gonzalez_1993
federico_macheda_1991,Federico Macheda,federico macheda f macheda macheda,"[""F. Macheda"",""Federico Macheda"",""Macheda""]",Italy,ST,Attack,1991,,,false,[],[],Italy,,Medium,1352,fifa_players_csv,federico_macheda_1991
jeremy_toljan_1994,Jeremy Toljan,jeremy toljan j toljan toljan,"[""J. Toljan"",""Jeremy Toljan"",""Toljan""]",Germany,"RB,LB",Defence,1994,,,false,[],[],Germany,,Medium,1352,fifa_players_csv,jeremy_toljan_1994
josh_risdon_1992,Josh Risdon,josh risdon j risdon risdon,"[""J. Risdon"",""Josh Risdon"",""Risdon""]",Australia,RB,Defence,1992,,,false,[],[],Western Sydney Wanderers,,Medium,1352,fifa_players_csv,josh_risdon_1992
mislav_orsic_1992,Mislav Oršić,mislav orsic m orsic orsic,"[""M. Oršić"",""Mislav Oršić"",""Oršić""]",Croatia,LM,Midfield,1992,,,false,[],[],Croatia,,Medium,1352,fifa_players_csv,mislav_orsic_1992
pierre_lees_melou_1993,Pierre Lees-Melou,pierre lees melou p lees melou lees melou,"[""P. Lees-Melou"",""Pierre Lees-Melou"",""Lees-Melou""]",France,CM,Midfield,1993,,,false,[],[],France,,Medium,1352,fifa_players_csv,pierre_lees_melou_1993
renaud_cohade_1984,Renaud Cohade,renaud cohade r cohade cohade,"[""R. Cohade"",""Renaud Cohade"",""Cohade""]",France,"CM,CDM",Midfield,1984,,,false,[],[],France,,Medium,1352,fifa_players_csv,renaud_cohade_1984
ricardo_sousa_esgaio_1993,Ricardo Sousa Esgaio,ricardo sousa esgaio ricardo esgaio esgaio,"[""Ricardo Esgaio"",""Ricardo Sousa Esgaio"",""Esgaio""]",Portugal,"RM,RB",Midfield,1993,,,false,[],[],Portugal,,Medium,1352,fifa_players_csv,ricardo_sousa_esgaio_1993
daniele_padelli_1985,Daniele Padelli,daniele padelli d padelli padelli,"[""D. Padelli"",""Daniele Padelli"",""Padelli""]",Italy,GK,Goalkeeper,1985,,,false,[],[],Italy,,Medium,1351,fifa_players_csv,daniele_padelli_1985
dayotchanculle_upamecano_1998,Dayotchanculle Upamecano,dayotchanculle upamecano d upamecano upamecano,"[""D. Upamecano"",""Dayotchanculle Upamecano"",""Upamecano""]",France,CB,Defence,1998,,,false,[],[],France,,Medium,1351,fifa_players_csv,dayotchanculle_upamecano_1998
fredrik_jensen_1997,Fredrik Jensen,fredrik jensen f jensen jensen,"[""F. Jensen"",""Fredrik Jensen"",""Jensen""]",Finland,CAM,Midfield,1997,,,false,[],[],Finland,,Medium,1351,fifa_players_csv,fredrik_jensen_1997
manuel_lazzari_1993,Manuel Lazzari,manuel lazzari m lazzari lazzari,"[""M. Lazzari"",""Manuel Lazzari"",""Lazzari""]",Italy,RM,Midfield,1993,,,false,[],[],Italy,,Medium,1351,fifa_players_csv,manuel_lazzari_1993
manuel_pucciarelli_1991,Manuel Pucciarelli,manuel pucciarelli m pucciarelli pucciarelli,"[""M. Pucciarelli"",""Manuel Pucciarelli"",""Pucciarelli""]",Italy,"ST,CF",Attack,1991,,,false,[],[],Italy,,Medium,1351,fifa_players_csv,manuel_pucciarelli_1991
miguel_angel_britos_cabrera_1985,Miguel Ángel Britos Cabrera,miguel angel britos cabrera m britos cabrera,"[""M. Britos"",""Miguel Ángel Britos Cabrera"",""Cabrera""]",Uruguay,CB,Defence,1985,,,false,[],[],Uruguay,,Medium,1351,fifa_players_csv,miguel_angel_britos_cabrera_1985
ola_john_1992,Ola John,ola john o john john,"[""O. John"",""Ola John"",""John""]",Netherlands,"LM,RM",Midfield,1992,,,false,[],[],Netherlands,,Medium,1351,fifa_players_csv,ola_john_1992
1991_2,석현준 玄铉俊,suk hyun jun,"[""Suk Hyun Jun""]",Korea Republic,ST,Attack,1991,,,false,[],[],Korea Republic,,Medium,1351,fifa_players_csv,1991_2
arouna_kone_1983,Arouna Koné,arouna kone a kone kone,"[""A. Koné"",""Arouna Koné"",""Koné""]",Ivory Coast,"ST,RM,LM",Attack,1983,,,false,[],[],Ivory Coast,,Medium,1350,fifa_players_csv,arouna_kone_1983
bruno_martins_indi_1992,Bruno Martins Indi,bruno martins indi b martins indi indi,"[""B. Martins Indi"",""Bruno Martins Indi"",""Indi""]",Netherlands,CB,Defence,1992,,,false,[],[],Netherlands,,Medium,1350,fifa_players_csv,bruno_martins_indi_1992
christian_fuchs_1986,Christian Fuchs,christian fuchs c fuchs fuchs,"[""C. Fuchs"",""Christian Fuchs"",""Fuchs""]",Austria,LB,Defence,1986,,,false,[],[],Austria,,Medium,1350,fifa_players_csv,christian_fuchs_1986
goran_pandev_1983,Goran Pandev,goran pandev g pandev pandev,"[""G. Pandev"",""Goran Pandev"",""Pandev""]",FYR Macedonia,"ST,CAM",Attack,1983,,,false,[],[],FYR Macedonia,,Medium,1350,fifa_players_csv,goran_pandev_1983
jacques_alaixys_romao_1984,Jacques-Alaixys Romao,jacques alaixys romao a romao romao,"[""A. Romao"",""Jacques-Alaixys Romao"",""Romao""]",Togo,CDM,Midfield,1984,,,false,[],[],Togo,,Medium,1350,fifa_players_csv,jacques_alaixys_romao_1984
leo_dubois_1994,Léo Dubois,leo dubois l dubois dubois,"[""L. Dubois"",""Léo Dubois"",""Dubois""]",France,"RB,RWB",Defence,1994,,,false,[],[],France,,Medium,1350,fifa_players_csv,leo_dubois_1994
marcus_wendel_valle_da_silva_1997,Marcus Wendel Valle da Silva,marcus wendel valle da silva wendel silva,"[""Wendel"",""Marcus Wendel Valle da Silva"",""Silva""]",Brazil,CM,Midfield,1997,,,false,[],[],Brazil,,Medium,1350,fifa_players_csv,marcus_wendel_valle_da_silva_1997
mathieu_flamini_1984,Mathieu Flamini,mathieu flamini m flamini flamini,"[""M. Flamini"",""Mathieu Flamini"",""Flamini""]",France,CDM,Midfield,1984,,,false,[],[],France,,Medium,1350,fifa_players_csv,mathieu_flamini_1984
ngoran_suiru_fai_collins_1992,Ngoran Suiru Fai Collins,ngoran suiru fai collins c fai collins,"[""C. Fai"",""Ngoran Suiru Fai Collins"",""Collins""]",Cameroon,"RB,LB",Defence,1992,,,false,[],[],Cameroon,,Medium,1350,fifa_players_csv,ngoran_suiru_fai_collins_1992
paul_nicolas_aguilar_rojas_1986,Paul Nicolás Aguilar Rojas,paul nicolas aguilar rojas p aguilar rojas,"[""P. Aguilar"",""Paul Nicolás Aguilar Rojas"",""Rojas""]",Mexico,RB,Defence,1986,,,false,[],[],Mexico,,Medium,1350,fifa_players_csv,paul_nicolas_aguilar_rojas_1986
ruben_aguilar_1993,Ruben Aguilar,ruben aguilar r aguilar aguilar,"[""R. Aguilar"",""Ruben Aguilar"",""Aguilar""]",France,"RWB,RB",Defence,1993,,,false,[],[],France,,Medium,1350,fifa_players_csv,ruben_aguilar_1993
serdar_gurler_1991,Serdar Gürler,serdar gurler s gurler gurler,"[""S. Gürler"",""Serdar Gürler"",""Gürler""]",Turkey,"RM,RW,ST,CAM",Midfield,1991,,,false,[],[],Turkey,,Medium,1350,fifa_players_csv,serdar_gurler_1991
stephen_ward_1985,Stephen Ward,stephen ward s ward ward,"[""S. Ward"",""Stephen Ward"",""Ward""]",Republic of Ireland,LB,Defence,1985,,,false,[],[],Republic of Ireland,,Medium,1350,fifa_players_csv,stephen_ward_1985
tolga_cigerci_1992,Tolga Ciğerci,tolga cigerci t cigerci cigerci,"[""T. Ciğerci"",""Tolga Ciğerci"",""Ciğerci""]",Turkey,"CDM,CM,LM",Midfield,1992,,,false,[],[],Turkey,,Medium,1350,fifa_players_csv,tolga_cigerci_1992
victorien_angban_1996,Victorien Angban,victorien angban v angban angban,"[""V. Angban"",""Victorien Angban"",""Angban""]",Ivory Coast,"CM,CDM",Midfield,1996,,,false,[],[],Côte d'Ivoire,,Medium,1350,fifa_players_csv,victorien_angban_1996
adrien_trebel_1991,Adrien Trebel,adrien trebel a trebel trebel,"[""A. Trebel"",""Adrien Trebel"",""Trebel""]",France,CM,Midfield,1991,,,false,[],[],France,,Medium,1349,fifa_players_csv,adrien_trebel_1991
christophe_jallet_1983,Christophe Jallet,christophe jallet c jallet jallet,"[""C. Jallet"",""Christophe Jallet"",""Jallet""]",France,"RWB,LB",Defence,1983,,,false,[],[],France,,Medium,1349,fifa_players_csv,christophe_jallet_1983
christopher_ikonomidis_1995,Christopher Ikonomidis,christopher ikonomidis c ikonomidis ikonomidis,"[""C. Ikonomidis"",""Christopher Ikonomidis"",""Ikonomidis""]",Australia,LW,Attack,1995,,,false,[],[],Perth Glory,,Medium,1349,fifa_players_csv,christopher_ikonomidis_1995
djene_dakonam_ortega_1991,Djené Dakonam Ortega,djene dakonam ortega d djene ortega,"[""D. Djené"",""Djené Dakonam Ortega"",""Ortega""]",Togo,CB,Defence,1991,,,false,[],[],Togo,,Medium,1349,fifa_players_csv,djene_dakonam_ortega_1991
edimilson_fernandes_1996,Edimilson Fernandes,edimilson fernandes e fernandes fernandes,"[""E. Fernandes"",""Edimilson Fernandes"",""Fernandes""]",Switzerland,"CAM,CM,RWB",Midfield,1996,,,false,[],[],Switzerland,,Medium,1349,fifa_players_csv,edimilson_fernandes_1996
iago_herrerin_buisan_1988,Iago Herrerín Buisán,iago herrerin buisan herrerin buisan,"[""Herrerín"",""Iago Herrerín Buisán"",""Buisán""]",Spain,GK,Goalkeeper,1988,,,false,[],[],Spain,,Medium,1349,fifa_players_csv,iago_herrerin_buisan_1988
javier_guemez_lopez_1991,Javier Güemez López,javier guemez lopez j guemez lopez,"[""J. Güemez"",""Javier Güemez López"",""López""]",Mexico,"CDM,CM",Midfield,1991,,,false,[],[],Querétaro,,Medium,1349,fifa_players_csv,javier_guemez_lopez_1991
jean_kevin_augustin_1997,Jean-Kévin Augustin,jean kevin augustin j augustin augustin,"[""J. Augustin"",""Jean-Kévin Augustin"",""Augustin""]",France,ST,Attack,1997,,,false,[],[],France,,Medium,1349,fifa_players_csv,jean_kevin_augustin_1997
lewis_dunk_1991,Lewis Dunk,lewis dunk l dunk dunk,"[""L. Dunk"",""Lewis Dunk"",""Dunk""]",England,CB,Defence,1991,,,false,[],[],England,,Medium,1349,fifa_players_csv,lewis_dunk_1991
marc_roca_junque_1996,Marc Roca Junqué,marc roca junque marc roca junque,"[""Marc Roca"",""Marc Roca Junqué"",""Junqué""]",Spain,"CDM,CM",Midfield,1996,,,false,[],[],Spain,,Medium,1349,fifa_players_csv,marc_roca_junque_1996
mario_gavranovic_1989,Mario Gavranović,mario gavranovic m gavranovic gavranovic,"[""M. Gavranović"",""Mario Gavranović"",""Gavranović""]",Switzerland,"ST,CAM,CF",Attack,1989,,,false,[],[],Switzerland,,Medium,1349,fifa_players_csv,mario_gavranovic_1989
adam_marusic_1992,Adam Marušić,adam marusic a marusic marusic,"[""A. Marušić"",""Adam Marušić"",""Marušić""]",Montenegro,RM,Midfield,1992,,,false,[],[],Montenegro,,Medium,1348,fifa_players_csv,adam_marusic_1992
alexandru_mihaita_chipciu_1989,Alexandru Mihăiță Chipciu,alexandru mihaita chipciu a chipciu chipciu,"[""A. Chipciu"",""Alexandru Mihăiță Chipciu"",""Chipciu""]",Romania,"RM,RB,LM",Midfield,1989,,,false,[],[],Romania,,Medium,1348,fifa_players_csv,alexandru_mihaita_chipciu_1989
aljaz_struna_1990,Aljaž Struna,aljaz struna a struna struna,"[""A. Struna"",""Aljaž Struna"",""Struna""]",Slovenia,"CB,RB",Defence,1990,,,false,[],[],Slovenia,,Medium,1348,fifa_players_csv,aljaz_struna_1990
ander_capa_rodriguez_1992,Ander Capa Rodríguez,ander capa rodriguez capa rodriguez,"[""Capa"",""Ander Capa Rodríguez"",""Rodríguez""]",Spain,RB,Defence,1992,,,false,[],[],Spain,,Medium,1348,fifa_players_csv,ander_capa_rodriguez_1992
anthony_ujah_1990,Anthony Ujah,anthony ujah a ujah ujah,"[""A. Ujah"",""Anthony Ujah"",""Ujah""]",Nigeria,ST,Attack,1990,,,false,[],[],Nigeria,,Medium,1348,fifa_players_csv,anthony_ujah_1990
christian_clemens_1991,Christian Clemens,christian clemens c clemens clemens,"[""C. Clemens"",""Christian Clemens"",""Clemens""]",Germany,"RM,LM",Midfield,1991,,,false,[],[],Germany,,Medium,1348,fifa_players_csv,christian_clemens_1991
johan_andres_mojica_palacio_1992,Johan Andrés Mojica Palacio,johan andres mojica palacio j mojica palacio,"[""J. Mojica"",""Johan Andrés Mojica Palacio"",""Palacio""]",Colombia,"LWB,LM,LB",Defence,1992,,,false,[],[],Colombia,,Medium,1348,fifa_players_csv,johan_andres_mojica_palacio_1992
johnny_russell_1990,Johnny Russell,johnny russell j russell russell,"[""J. Russell"",""Johnny Russell"",""Russell""]",Scotland,"RW,LW,LM",Attack,1990,,,false,[],[],Scotland,,Medium,1348,fifa_players_csv,johnny_russell_1990
michalis_bakakis_1991,Michalis Bakakis,michalis bakakis m bakakis bakakis,"[""M. Bakakis"",""Michalis Bakakis"",""Bakakis""]",Greece,"RB,LB,CB",Defence,1991,,,false,[],[],Greece,,Medium,1348,fifa_players_csv,michalis_bakakis_1991
robbie_kruse_1988,Robbie Kruse,robbie kruse r kruse kruse,"[""R. Kruse"",""Robbie Kruse"",""Kruse""]",Australia,"RM,LM",Midfield,1988,,,false,[],[],Australia,,Medium,1348,fifa_players_csv,robbie_kruse_1988
alexandr_selikhov_1994,Alexandr Selikhov,alexandr selikhov a selikhov selikhov,"[""A. Selikhov"",""Alexandr Selikhov"",""Selikhov""]",Russia,GK,Goalkeeper,1994,,,false,[],[],Russia,,Medium,1347,fifa_players_csv,alexandr_selikhov_1994
andre_hahn_1990,André Hahn,andre hahn a hahn hahn,"[""A. Hahn"",""André Hahn"",""Hahn""]",Germany,"RM,ST",Midfield,1990,,,false,[],[],Germany,,Medium,1347,fifa_players_csv,andre_hahn_1990
berkay_ozcan_1998,Berkay Özcan,berkay ozcan b ozcan ozcan,"[""B. Özcan"",""Berkay Özcan"",""Özcan""]",Turkey,"CAM,LM,LW",Midfield,1998,,,false,[],[],Turkey,,Medium,1347,fifa_players_csv,berkay_ozcan_1998
danny_vieira_da_costa_1993,Danny  Vieira da Costa,danny vieira da costa d da costa costa,"[""D. da Costa"",""Danny Vieira da Costa"",""Costa""]",Germany,"RWB,RB,RM",Defence,1993,,,false,[],[],Germany,,Medium,1347,fifa_players_csv,danny_vieira_da_costa_1993
edgar_felipe_pardo_castro_1990,Édgar Felipe Pardo Castro,edgar felipe pardo castro f pardo castro,"[""F. Pardo"",""Édgar Felipe Pardo Castro"",""Castro""]",Colombia,"RM,LM",Midfield,1990,,,false,[],[],Colombia,,Medium,1347,fifa_players_csv,edgar_felipe_pardo_castro_1990
fernando_lucas_martins_1992,Fernando Lucas Martins,fernando lucas martins fernando martins,"[""Fernando"",""Fernando Lucas Martins"",""Martins""]",Brazil,"CDM,CM",Midfield,1992,,,false,[],[],Brazil,,Medium,1347,fifa_players_csv,fernando_lucas_martins_1992
henri_saivet_1990,Henri Saivet,henri saivet h saivet saivet,"[""H. Saivet"",""Henri Saivet"",""Saivet""]",Senegal,"CM,CAM,CDM",Midfield,1990,,,false,[],[],Senegal,,Medium,1347,fifa_players_csv,henri_saivet_1990
luciano_narsingh_1990,Luciano Narsingh,luciano narsingh l narsingh narsingh,"[""L. Narsingh"",""Luciano Narsingh"",""Narsingh""]",Netherlands,"RW,LW",Attack,1990,,,false,[],[],Netherlands,,Medium,1347,fifa_players_csv,luciano_narsingh_1990
matheus_lima_magalhaes_1992,Matheus Lima Magalhães,matheus lima magalhaes matheus magalhaes,"[""Matheus"",""Matheus Lima Magalhães"",""Magalhães""]",Brazil,GK,Goalkeeper,1992,,,false,[],[],Brazil,,Medium,1347,fifa_players_csv,matheus_lima_magalhaes_1992
omar_mascarell_gonzalez_1993,Omar Mascarell González,omar mascarell gonzalez omar mascarell gonzalez,"[""Omar Mascarell"",""Omar Mascarell González"",""González""]",Spain,"CDM,CM",Midfield,1993,,,false,[],[],Spain,,Medium,1347,fifa_players_csv,omar_mascarell_gonzalez_1993
sean_maguire_1994,Sean Maguire,sean maguire s maguire maguire,"[""S. Maguire"",""Sean Maguire"",""Maguire""]",Republic of Ireland,"ST,LM",Attack,1994,,,false,[],[],Republic of Ireland,,Medium,1347,fifa_players_csv,sean_maguire_1994
walter_benitez_1993,Walter Benítez,walter benitez w benitez benitez,"[""W. Benítez"",""Walter Benítez"",""Benítez""]",Argentina,GK,Goalkeeper,1993,,,false,[],[],Argentina,,Medium,1347,fifa_players_csv,walter_benitez_1993
alexander_meier_1983,Alexander Meier,alexander meier a meier meier,"[""A. Meier"",""Alexander Meier"",""Meier""]",Germany,"ST,CF,CAM",Attack,1983,,,false,[],[],Germany,,Medium,1346,fifa_players_csv,alexander_meier_1983
andrija_zivkovic_1996,Andrija Živković,andrija zivkovic a zivkovic zivkovic,"[""A. Živković"",""Andrija Živković"",""Živković""]",Serbia,"LW,CM",Attack,1996,,,false,[],[],Serbia,,Medium,1346,fifa_players_csv,andrija_zivkovic_1996
antonin_barak_1994,Antonín Barák,antonin barak a barak barak,"[""A. Barák"",""Antonín Barák"",""Barák""]",Czech Republic,"CM,CAM",Midfield,1994,,,false,[],[],Czech Republic,,Medium,1346,fifa_players_csv,antonin_barak_1994
aras_ozbiliz_1990,Aras Özbiliz,aras ozbiliz a ozbiliz ozbiliz,"[""A. Özbiliz"",""Aras Özbiliz"",""Özbiliz""]",Armenia,RW,Attack,1990,,,false,[],[],Armenia,,Medium,1346,fifa_players_csv,aras_ozbiliz_1990
callum_o_dowda_1995,Callum O'Dowda,callum o dowda c o dowda o dowda,"[""C. O'Dowda"",""Callum O'Dowda"",""O'Dowda""]",Republic of Ireland,"LM,RM",Midfield,1995,,,false,[],[],Republic of Ireland,,Medium,1346,fifa_players_csv,callum_o_dowda_1995
christopher_schindler_1990,Christopher Schindler,christopher schindler c schindler schindler,"[""C. Schindler"",""Christopher Schindler"",""Schindler""]",Germany,CB,Defence,1990,,,false,[],[],Germany,,Medium,1346,fifa_players_csv,christopher_schindler_1990
jake_livermore_1989,Jake Livermore,jake livermore j livermore livermore,"[""J. Livermore"",""Jake Livermore"",""Livermore""]",England,"CM,CDM",Midfield,1989,,,false,[],[],England,,Medium,1346,fifa_players_csv,jake_livermore_1989
jelle_vossen_1989,Jelle Vossen,jelle vossen j vossen vossen,"[""J. Vossen"",""Jelle Vossen"",""Vossen""]",Belgium,ST,Attack,1989,,,false,[],[],Belgium,,Medium,1346,fifa_players_csv,jelle_vossen_1989
leroy_fer_1990,Leroy Fer,leroy fer l fer fer,"[""L. Fer"",""Leroy Fer"",""Fer""]",Netherlands,"CM,CDM",Midfield,1990,,,false,[],[],Netherlands,,Medium,1346,fifa_players_csv,leroy_fer_1990
lewis_cook_1997,Lewis Cook,lewis cook l cook cook,"[""L. Cook"",""Lewis Cook"",""Cook""]",England,CM,Midfield,1997,,,false,[],[],England,,Medium,1346,fifa_players_csv,lewis_cook_1997
mariano_ferreira_filho_1986,Mariano Ferreira Filho,mariano ferreira filho mariano filho,"[""Mariano"",""Mariano Ferreira Filho"",""Filho""]",Brazil,RB,Defence,1986,,,false,[],[],Brazil,,Medium,1346,fifa_players_csv,mariano_ferreira_filho_1986
pedro_filipe_teodosio_mendes_1990,Pedro Filipe Teodósio Mendes,pedro filipe teodosio mendes pedro mendes mendes,"[""Pedro Mendes"",""Pedro Filipe Teodósio Mendes"",""Mendes""]",Portugal,CB,Defence,1990,,,false,[],[],Portugal,,Medium,1346,fifa_players_csv,pedro_filipe_teodosio_mendes_1990
raul_de_tomas_gomez_1994,Raúl de Tomás Gómez,raul de tomas gomez de tomas gomez,"[""De Tomás"",""Raúl de Tomás Gómez"",""Gómez""]",Spain,ST,Attack,1994,,,false,[],[],Spain,,Medium,1346,fifa_players_csv,raul_de_tomas_gomez_1994
santiago_damian_garcia_correa_1990,Santiago Damián García Correa,santiago damian garcia correa s garcia correa,"[""S. García"",""Santiago Damián García Correa"",""Correa""]",Uruguay,ST,Attack,1990,,,false,[],[],Uruguay,,Medium,1346,fifa_players_csv,santiago_damian_garcia_correa_1990
vid_belec_1990,Vid Belec,vid belec v belec belec,"[""V. Belec"",""Vid Belec"",""Belec""]",Slovenia,GK,Goalkeeper,1990,,,false,[],[],Slovenia,,Medium,1346,fifa_players_csv,vid_belec_1990
willy_boly_1991,Willy Boly,willy boly w boly boly,"[""W. Boly"",""Willy Boly"",""Boly""]",France,CB,Defence,1991,,,false,[],[],France,,Medium,1346,fifa_players_csv,willy_boly_1991
aaron_mooy_1990,Aaron Mooy,aaron mooy a mooy mooy,"[""A. Mooy"",""Aaron Mooy"",""Mooy""]",Australia,"CM,CDM",Midfield,1990,,,false,[],[],Australia,,Medium,1345,fifa_players_csv,aaron_mooy_1990
davie_selke_1995,Davie Selke,davie selke d selke selke,"[""D. Selke"",""Davie Selke"",""Selke""]",Germany,ST,Attack,1995,,,false,[],[],Germany,,Medium,1345,fifa_players_csv,davie_selke_1995
eren_derdiyok_1988,Eren Derdiyok,eren derdiyok e derdiyok derdiyok,"[""E. Derdiyok"",""Eren Derdiyok"",""Derdiyok""]",Switzerland,ST,Attack,1988,,,false,[],[],Switzerland,,Medium,1345,fifa_players_csv,eren_derdiyok_1988
federico_marchetti_1983,Federico Marchetti,federico marchetti f marchetti marchetti,"[""F. Marchetti"",""Federico Marchetti"",""Marchetti""]",Italy,GK,Goalkeeper,1983,,,false,[],[],Italy,,Medium,1345,fifa_players_csv,federico_marchetti_1983
filip_or_evic_1987,Filip Đorđević,filip or evic f or evic or evic,"[""F. Đorđević"",""Filip Đorđević"",""Đorđević""]",Serbia,ST,Attack,1987,,,false,[],[],Serbia,,Medium,1345,fifa_players_csv,filip_or_evic_1987
jonathan_david_2000,Jonathan David,jonathan david j david david,"[""J. David"",""Jonathan David"",""David""]",Canada,"ST,CF,CAM",Attack,2000,,,false,[],[],Canada,,Medium,1345,fifa_players_csv,jonathan_david_2000
jorge_mere_perez_1997,Jorge Meré Pérez,jorge mere perez jorge mere perez,"[""Jorge Meré"",""Jorge Meré Pérez"",""Pérez""]",Spain,CB,Defence,1997,,,false,[],[],Spain,,Medium,1345,fifa_players_csv,jorge_mere_perez_1997
kenny_lala_1991,Kenny Lala,kenny lala k lala lala,"[""K. Lala"",""Kenny Lala"",""Lala""]",France,"RWB,RB",Defence,1991,,,false,[],[],France,,Medium,1345,fifa_players_csv,kenny_lala_1991
kevin_monnet_paquet_1988,Kévin Monnet-Paquet,kevin monnet paquet k monnet paquet monnet paquet,"[""K. Monnet-Paquet"",""Kévin Monnet-Paquet"",""Monnet-Paquet""]",France,"LM,RM,RWB",Midfield,1988,,,false,[],[],France,,Medium,1345,fifa_players_csv,kevin_monnet_paquet_1988
leo_stulac_1994,Leo Štulac,leo stulac l stulac stulac,"[""L. Stulac"",""Leo Štulac"",""Štulac""]",Slovenia,CDM,Midfield,1994,,,false,[],[],Slovenia,,Medium,1345,fifa_players_csv,leo_stulac_1994
ludovic_butelle_1983,Ludovic Butelle,ludovic butelle l butelle butelle,"[""L. Butelle"",""Ludovic Butelle"",""Butelle""]",France,GK,Goalkeeper,1983,,,false,[],[],France,,Medium,1345,fifa_players_csv,ludovic_butelle_1983
mame_biram_diouf_1987,Mame Biram Diouf,mame biram diouf m diouf diouf,"[""M. Diouf"",""Mame Biram Diouf"",""Diouf""]",Senegal,"ST,RWB,RM",Attack,1987,,,false,[],[],Senegal,,Medium,1345,fifa_players_csv,mame_biram_diouf_1987
mario_hermoso_canseco_1995,Mario Hermoso Canseco,mario hermoso canseco mario hermoso canseco,"[""Mario Hermoso"",""Mario Hermoso Canseco"",""Canseco""]",Spain,"CB,LB",Defence,1995,,,false,[],[],Spain,,Medium,1345,fifa_players_csv,mario_hermoso_canseco_1995
moussa_dembele_1996,Moussa Dembélé,moussa dembele m dembele dembele,"[""M. Dembélé"",""Moussa Dembélé"",""Dembélé""]",France,ST,Attack,1996,,,false,[],[],France,,Medium,1345,fifa_players_csv,moussa_dembele_1996
rjan_haskjold_nyland_1990,Ørjan  Håskjold Nyland,rjan haskjold nyland o nyland nyland,"[""O. Nyland"",""Ørjan Håskjold Nyland"",""Nyland""]",Norway,GK,Goalkeeper,1990,,,false,[],[],Norway,,Medium,1345,fifa_players_csv,rjan_haskjold_nyland_1990
rafael_santos_borre_1995,Rafael Santos Borré,rafael santos borre r borre borre,"[""R. Borré"",""Rafael Santos Borré"",""Borré""]",Colombia,ST,Attack,1995,,,false,[],[],Colombia,,Medium,1345,fifa_players_csv,rafael_santos_borre_1995
ruben_pena_jimenez_1991,Rubén Peña Jiménez,ruben pena jimenez ruben pena jimenez,"[""Rubén Peña"",""Rubén Peña Jiménez"",""Jiménez""]",Spain,"RB,RM",Defence,1991,,,false,[],[],Spain,,Medium,1345,fifa_players_csv,ruben_pena_jimenez_1991
siem_de_jong_1989,Siem de Jong,siem de jong s de jong jong,"[""S. de Jong"",""Siem de Jong"",""Jong""]",Netherlands,"CM,ST",Midfield,1989,,,false,[],[],Netherlands,,Medium,1345,fifa_players_csv,siem_de_jong_1989
valentin_stocker_1989,Valentin Stocker,valentin stocker v stocker stocker,"[""V. Stocker"",""Valentin Stocker"",""Stocker""]",Switzerland,"CAM,LM,RM,RW",Midfield,1989,,,false,[],[],Switzerland,,Medium,1345,fifa_players_csv,valentin_stocker_1989
1988,이청용 李青龙,lee chung yong,"[""Lee Chung Yong""]",Korea Republic,"CAM,LM",Midfield,1988,,,false,[],[],Korea Republic,,Medium,1345,fifa_players_csv,1988
alex_granell_nogue_1988,Àlex Granell Nogué,alex granell nogue granell nogue,"[""Granell"",""Àlex Granell Nogué"",""Nogué""]",Spain,CM,Midfield,1988,,,false,[],[],Spain,,Medium,1344,fifa_players_csv,alex_granell_nogue_1988
alvaro_gonzalez_soberon_1990,Álvaro González Soberón,alvaro gonzalez soberon alvaro soberon,"[""Álvaro"",""Álvaro González Soberón"",""Soberón""]",Spain,CB,Defence,1990,,,false,[],[],Spain,,Medium,1344,fifa_players_csv,alvaro_gonzalez_soberon_1990
charles_dias_de_oliveira_1984,Charles Dias De Oliveira,charles dias de oliveira charles oliveira,"[""Charles"",""Charles Dias De Oliveira"",""Oliveira""]",Brazil,ST,Attack,1984,,,false,[],[],Brazil,,Medium,1344,fifa_players_csv,charles_dias_de_oliveira_1984
elias_hernan_hernandez_jacuinde_1988,Elías Hernán Hernández Jacuinde,elias hernan hernandez jacuinde e hernandez jacuinde,"[""E. Hernández"",""Elías Hernán Hernández Jacuinde"",""Jacuinde""]",Mexico,RM,Midfield,1988,,,false,[],[],Mexico,,Medium,1344,fifa_players_csv,elias_hernan_hernandez_jacuinde_1988
enis_bardhi_1995,Enis Bardhi,enis bardhi e bardhi bardhi,"[""E. Bardhi"",""Enis Bardhi"",""Bardhi""]",FYR Macedonia,"CM,LM,CAM",Midfield,1995,,,false,[],[],FYR Macedonia,,Medium,1344,fifa_players_csv,enis_bardhi_1995
filip_krovinovic_1995,Filip Krovinović,filip krovinovic f krovinovic krovinovic,"[""F. Krovinović"",""Filip Krovinović"",""Krovinović""]",Croatia,"CAM,CM",Midfield,1995,,,false,[],[],Croatia,,Medium,1344,fifa_players_csv,filip_krovinovic_1995
haitam_aleesami_1991,Haitam Aleesami,haitam aleesami h aleesami aleesami,"[""H. Aleesami"",""Haitam Aleesami"",""Aleesami""]",Norway,"LB,LM",Defence,1991,,,false,[],[],Norway,,Medium,1344,fifa_players_csv,haitam_aleesami_1991
petros_matheus_dos_santos_araujo_1989,Petros Matheus dos Santos Araujo,petros matheus dos santos araujo petros araujo,"[""Petros"",""Petros Matheus dos Santos Araujo"",""Araujo""]",Brazil,"CM,CDM",Midfield,1989,,,false,[],[],Brazil,,Medium,1344,fifa_players_csv,petros_matheus_dos_santos_araujo_1989
przemys_aw_frankowski_1995,Przemysław Frankowski,przemys aw frankowski p frankowski frankowski,"[""P. Frankowski"",""Przemysław Frankowski"",""Frankowski""]",Poland,RM,Midfield,1995,,,false,[],[],Poland,,Medium,1344,fifa_players_csv,przemys_aw_frankowski_1995
rasmus_elm_1988,Rasmus Elm,rasmus elm r elm elm,"[""R. Elm"",""Rasmus Elm"",""Elm""]",Sweden,CM,Midfield,1988,,,false,[],[],Sweden,,Medium,1344,fifa_players_csv,rasmus_elm_1988
simone_scuffet_1996,Simone Scuffet,simone scuffet s scuffet scuffet,"[""S. Scuffet"",""Simone Scuffet"",""Scuffet""]",Italy,GK,Goalkeeper,1996,,,false,[],[],Italy,,Medium,1344,fifa_players_csv,simone_scuffet_1996
will_hughes_1995,Will Hughes,will hughes w hughes hughes,"[""W. Hughes"",""Will Hughes"",""Hughes""]",England,"CAM,RM,CM",Midfield,1995,,,false,[],[],England,,Medium,1344,fifa_players_csv,will_hughes_1995
alexander_baumjohann_1987,Alexander Baumjohann,alexander baumjohann a baumjohann baumjohann,"[""A. Baumjohann"",""Alexander Baumjohann"",""Baumjohann""]",Germany,CAM,Midfield,1987,,,false,[],[],Germany,,Medium,1343,fifa_players_csv,alexander_baumjohann_1987
angelo_nicolas_sagal_tapia_1993,Ángelo Nicolás Sagal Tapia,angelo nicolas sagal tapia a sagal tapia,"[""A. Sagal"",""Ángelo Nicolás Sagal Tapia"",""Tapia""]",Chile,"ST,LM",Attack,1993,,,false,[],[],Pachuca,,Medium,1343,fifa_players_csv,angelo_nicolas_sagal_tapia_1993
christian_mathenia_1992,Christian Mathenia,christian mathenia c mathenia mathenia,"[""C. Mathenia"",""Christian Mathenia"",""Mathenia""]",Germany,GK,Goalkeeper,1992,,,false,[],[],Germany,,Medium,1343,fifa_players_csv,christian_mathenia_1992
federico_dionisi_1987,Federico Dionisi,federico dionisi f dionisi dionisi,"[""F. Dionisi"",""Federico Dionisi"",""Dionisi""]",Italy,ST,Attack,1987,,,false,[],[],Italy,,Medium,1343,fifa_players_csv,federico_dionisi_1987
francois_kamano_1996,François Kamano,francois kamano f kamano kamano,"[""F. Kamano"",""François Kamano"",""Kamano""]",Guinea,"LW,LM",Attack,1996,,,false,[],[],Guinea,,Medium,1343,fifa_players_csv,francois_kamano_1996
jacques_francois_moubandje_1990,Jacques François Moubandje,jacques francois moubandje f moubandje moubandje,"[""F. Moubandje"",""Jacques François Moubandje"",""Moubandje""]",Switzerland,"LB,CB,LWB",Defence,1990,,,false,[],[],Switzerland,,Medium,1343,fifa_players_csv,jacques_francois_moubandje_1990
joao_felix_sequeira_1999,João Félix Sequeira,joao felix sequeira joao felix sequeira,"[""João Félix"",""João Félix Sequeira"",""Sequeira""]",Portugal,"CF,LW",Attack,1999,,,false,[],[],Portugal,,Medium,1343,fifa_players_csv,joao_felix_sequeira_1999
jonathan_calleri_1993,Jonathan Calleri,jonathan calleri j calleri calleri,"[""J. Calleri"",""Jonathan Calleri"",""Calleri""]",Argentina,ST,Attack,1993,,,false,[],[],Argentina,,Medium,1343,fifa_players_csv,jonathan_calleri_1993
jorge_moreira_1990,Jorge Moreira,jorge moreira j moreira moreira,"[""J. Moreira"",""Jorge Moreira"",""Moreira""]",Paraguay,RB,Defence,1990,,,false,[],[],Paraguay,,Medium,1343,fifa_players_csv,jorge_moreira_1990
mariano_gonzalo_andujar_1983,Mariano Gonzalo Andújar,mariano gonzalo andujar m andujar andujar,"[""M. Andújar"",""Mariano Gonzalo Andújar"",""Andújar""]",Argentina,GK,Goalkeeper,1983,,,false,[],[],Argentina,,Medium,1343,fifa_players_csv,mariano_gonzalo_andujar_1983
michael_rensing_1984,Michael Rensing,michael rensing m rensing rensing,"[""M. Rensing"",""Michael Rensing"",""Rensing""]",Germany,GK,Goalkeeper,1984,,,false,[],[],Germany,,Medium,1343,fifa_players_csv,michael_rensing_1984
theo_bernard_francois_hernandez_1997,Theo Bernard François Hernández,theo bernard francois hernandez t hernandez hernandez,"[""T. Hernández"",""Theo Bernard François Hernández"",""Hernández""]",France,LB,Defence,1997,,,false,[],[],France,,Medium,1343,fifa_players_csv,theo_bernard_francois_hernandez_1997
andreas_hugo_hoelgebaum_pereira_1996,Andreas Hugo Hoelgebaum Pereira,andreas hugo hoelgebaum pereira andreas pereira pereira,"[""Andreas Pereira"",""Andreas Hugo Hoelgebaum Pereira"",""Pereira""]",Brazil,"CM,CDM,RM",Midfield,1996,,,false,[],[],Brazil,,Medium,1342,fifa_players_csv,andreas_hugo_hoelgebaum_pereira_1996
fabian_andres_rinaudo_1987,Fabián Andrés Rinaudo,fabian andres rinaudo f rinaudo rinaudo,"[""F. Rinaudo"",""Fabián Andrés Rinaudo"",""Rinaudo""]",Argentina,"CM,CDM,CB",Midfield,1987,,,false,[],[],Argentina,,Medium,1342,fifa_players_csv,fabian_andres_rinaudo_1987
jesus_vallejo_lazaro_1997,Jesús Vallejo Lázaro,jesus vallejo lazaro vallejo lazaro,"[""Vallejo"",""Jesús Vallejo Lázaro"",""Lázaro""]",Spain,CB,Defence,1997,,,false,[],[],Spain,,Medium,1342,fifa_players_csv,jesus_vallejo_lazaro_1997
konstantinos_tsimikas_1996,Konstantinos Tsimikas,konstantinos tsimikas k tsimikas tsimikas,"[""K. Tsimikas"",""Konstantinos Tsimikas"",""Tsimikas""]",Greece,"LB,LWB",Defence,1996,,,false,[],[],Greece,,Medium,1342,fifa_players_csv,konstantinos_tsimikas_1996
mathias_suarez_1996,Mathías Suárez,mathias suarez m suarez suarez,"[""M. Suárez"",""Mathías Suárez"",""Suárez""]",Uruguay,"RB,LB,RWB",Defence,1996,,,false,[],[],Uruguay,,Medium,1342,fifa_players_csv,mathias_suarez_1996
mike_frantz_1986,Mike Frantz,mike frantz m frantz frantz,"[""M. Frantz"",""Mike Frantz"",""Frantz""]",Germany,"CM,RM,CDM,LM",Midfield,1986,,,false,[],[],Germany,,Medium,1342,fifa_players_csv,mike_frantz_1986
panagiotis_tachtsidis_1991,Panagiotis Tachtsidis,panagiotis tachtsidis p tachtsidis tachtsidis,"[""P. Tachtsidis"",""Panagiotis Tachtsidis"",""Tachtsidis""]",Greece,"CDM,CM",Midfield,1991,,,false,[],[],Greece,,Medium,1342,fifa_players_csv,panagiotis_tachtsidis_1991
santiago_lionel_ascacibar_1997,Santiago Lionel Ascacíbar,santiago lionel ascacibar s ascacibar ascacibar,"[""S. Ascacíbar"",""Santiago Lionel Ascacíbar"",""Ascacíbar""]",Argentina,CDM,Midfield,1997,,,false,[],[],Argentina,,Medium,1342,fifa_players_csv,santiago_lionel_ascacibar_1997
waldemar_anton_1996,Waldemar Anton,waldemar anton w anton anton,"[""W. Anton"",""Waldemar Anton"",""Anton""]",Germany,"CB,CDM",Defence,1996,,,false,[],[],Germany,,Medium,1342,fifa_players_csv,waldemar_anton_1996
aaron_martin_caricol_1997,Aarón Martín Caricol,aaron martin caricol aaron martin caricol,"[""Aarón Martín"",""Aarón Martín Caricol"",""Caricol""]",Spain,LB,Defence,1997,,,false,[],[],Spain,,Medium,1341,fifa_players_csv,aaron_martin_caricol_1997
alexander_schwolow_1992,Alexander Schwolow,alexander schwolow a schwolow schwolow,"[""A. Schwolow"",""Alexander Schwolow"",""Schwolow""]",Germany,GK,Goalkeeper,1992,,,false,[],[],Germany,,Medium,1341,fifa_players_csv,alexander_schwolow_1992
ayrton_preciado_1994,Ayrton Preciado,ayrton preciado a preciado preciado,"[""A. Preciado"",""Ayrton Preciado"",""Preciado""]",Ecuador,"LW,LM,CF",Attack,1994,,,false,[],[],Santos Laguna,,Medium,1341,fifa_players_csv,ayrton_preciado_1994
david_von_ballmoos_1994,David von Ballmoos,david von ballmoos d von ballmoos ballmoos,"[""D. von Ballmoos"",""David von Ballmoos"",""Ballmoos""]",Switzerland,GK,Goalkeeper,1994,,,false,[],[],BSC Young Boys,,Medium,1341,fifa_players_csv,david_von_ballmoos_1994
ihlas_bebou_1994,Ihlas Bebou,ihlas bebou i bebou bebou,"[""I. Bebou"",""Ihlas Bebou"",""Bebou""]",Togo,"RM,ST",Midfield,1994,,,false,[],[],Togo,,Medium,1341,fifa_players_csv,ihlas_bebou_1994
jackson_irvine_1993,Jackson Irvine,jackson irvine j irvine irvine,"[""J. Irvine"",""Jackson Irvine"",""Irvine""]",Australia,"CAM,CM,CDM",Midfield,1993,,,false,[],[],Australia,,Medium,1341,fifa_players_csv,jackson_irvine_1993
luciano_federico_acosta_1994,Luciano Federico Acosta,luciano federico acosta l acosta acosta,"[""L. Acosta"",""Luciano Federico Acosta"",""Acosta""]",Argentina,"CAM,CM",Midfield,1994,,,false,[],[],Argentina,,Medium,1341,fifa_players_csv,luciano_federico_acosta_1994
pablo_maffeo_becerra_1997,Pablo Maffeo Becerra,pablo maffeo becerra pablo maffeo becerra,"[""Pablo Maffeo"",""Pablo Maffeo Becerra"",""Becerra""]",Spain,"RWB,RM",Defence,1997,,,false,[],[],Spain,,Medium,1341,fifa_players_csv,pablo_maffeo_becerra_1997
tim_howard_1979,Tim Howard,tim howard t howard howard,"[""T. Howard"",""Tim Howard"",""Howard""]",United States,GK,Goalkeeper,1979,,,false,[],[],United States,,Medium,1341,fifa_players_csv,tim_howard_1979
alex_meret_1997,Alex Meret,alex meret a meret meret,"[""A. Meret"",""Alex Meret"",""Meret""]",Italy,GK,Goalkeeper,1997,,,false,[],[],Italy,,Medium,1340,fifa_players_csv,alex_meret_1997
ben_mee_1989,Ben Mee,ben mee b mee mee,"[""B. Mee"",""Ben Mee"",""Mee""]",England,CB,Defence,1989,,,false,[],[],England,,Medium,1340,fifa_players_csv,ben_mee_1989
benjamin_bourigeaud_1994,Benjamin Bourigeaud,benjamin bourigeaud b bourigeaud bourigeaud,"[""B. Bourigeaud"",""Benjamin Bourigeaud"",""Bourigeaud""]",France,"LM,RM,CM",Midfield,1994,,,false,[],[],France,,Medium,1340,fifa_players_csv,benjamin_bourigeaud_1994
bruno_viana_willemen_da_silva_1995,Bruno Viana Willemen Da Silva,bruno viana willemen da silva bruno viana silva,"[""Bruno Viana"",""Bruno Viana Willemen Da Silva"",""Silva""]",Brazil,CB,Defence,1995,,,false,[],[],Brazil,,Medium,1340,fifa_players_csv,bruno_viana_willemen_da_silva_1995
daniel_ciofani_1985,Daniel Ciofani,daniel ciofani d ciofani ciofani,"[""D. Ciofani"",""Daniel Ciofani"",""Ciofani""]",Italy,ST,Attack,1985,,,false,[],[],Italy,,Medium,1340,fifa_players_csv,daniel_ciofani_1985
dennis_diekmeier_1989,Dennis Diekmeier,dennis diekmeier d diekmeier diekmeier,"[""D. Diekmeier"",""Dennis Diekmeier"",""Diekmeier""]",Germany,"RB,RWB",Defence,1989,,,false,[],[],Germany,,Medium,1340,fifa_players_csv,dennis_diekmeier_1989
diego_javier_llorente_rios_1993,Diego Javier Llorente Ríos,diego javier llorente rios diego llorente rios,"[""Diego Llorente"",""Diego Javier Llorente Ríos"",""Ríos""]",Spain,CB,Defence,1993,,,false,[],[],Spain,,Medium,1340,fifa_players_csv,diego_javier_llorente_rios_1993
georgiy_dzhikiya_1993,Georgiy Dzhikiya,georgiy dzhikiya g dzhikiya dzhikiya,"[""G. Dzhikiya"",""Georgiy Dzhikiya"",""Dzhikiya""]",Russia,CB,Defence,1993,,,false,[],[],Russia,,Medium,1340,fifa_players_csv,georgiy_dzhikiya_1993
giulio_donati_1990,Giulio Donati,giulio donati g donati donati,"[""G. Donati"",""Giulio Donati"",""Donati""]",Italy,"RB,RWB",Defence,1990,,,false,[],[],Italy,,Medium,1340,fifa_players_csv,giulio_donati_1990
ismail_koybas_1989,İsmail Köybaşı,ismail koybas i koybas koybas,"[""I. Köybaşı"",""İsmail Köybaşı"",""Köybaşı""]",Turkey,LB,Defence,1989,,,false,[],[],Turkey,,Medium,1340,fifa_players_csv,ismail_koybas_1989
jonathan_schmid_1990,Jonathan Schmid,jonathan schmid j schmid schmid,"[""J. Schmid"",""Jonathan Schmid"",""Schmid""]",France,"RB,RM,RWB",Defence,1990,,,false,[],[],France,,Medium,1340,fifa_players_csv,jonathan_schmid_1990
jose_angel_esmoris_tasende_1997,José Ángel Esmoris Tasende,jose angel esmoris tasende angelino tasende,"[""Angeliño"",""José Ángel Esmoris Tasende"",""Tasende""]",Spain,LB,Defence,1997,,,false,[],[],Spain,,Medium,1340,fifa_players_csv,jose_angel_esmoris_tasende_1997
mbwana_ally_samatta_1992,Mbwana Ally Samatta,mbwana ally samatta m samatta samatta,"[""M. Samatta"",""Mbwana Ally Samatta"",""Samatta""]",Tanzania,ST,Attack,1992,,,false,[],[],Tanzania,,Medium,1340,fifa_players_csv,mbwana_ally_samatta_1992
oliver_sorg_1990,Oliver Sorg,oliver sorg o sorg sorg,"[""O. Sorg"",""Oliver Sorg"",""Sorg""]",Germany,"RB,CB",Defence,1990,,,false,[],[],Germany,,Medium,1340,fifa_players_csv,oliver_sorg_1990
ricardo_kishna_1995,Ricardo Kishna,ricardo kishna r kishna kishna,"[""R. Kishna"",""Ricardo Kishna"",""Kishna""]",Netherlands,LW,Attack,1995,,,false,[],[],Netherlands,,Medium,1340,fifa_players_csv,ricardo_kishna_1995
riccardo_meggiorini_1985,Riccardo Meggiorini,riccardo meggiorini r meggiorini meggiorini,"[""R. Meggiorini"",""Riccardo Meggiorini"",""Meggiorini""]",Italy,ST,Attack,1985,,,false,[],[],Italy,,Medium,1340,fifa_players_csv,riccardo_meggiorini_1985
robin_lod_1993,Robin Lod,robin lod r lod lod,"[""R. Lod"",""Robin Lod"",""Lod""]",Finland,"LM,CAM,RM",Midfield,1993,,,false,[],[],Finland,,Medium,1340,fifa_players_csv,robin_lod_1993
steve_cook_1991,Steve Cook,steve cook s cook cook,"[""S. Cook"",""Steve Cook"",""Cook""]",England,CB,Defence,1991,,,false,[],[],England,,Medium,1340,fifa_players_csv,steve_cook_1991
aiden_mcgeady_1986,Aiden McGeady,aiden mcgeady a mcgeady mcgeady,"[""A. McGeady"",""Aiden McGeady"",""McGeady""]",Republic of Ireland,"LM,RM",Midfield,1986,,,false,[],[],Republic of Ireland,,Medium,1339,fifa_players_csv,aiden_mcgeady_1986
gregory_van_der_wiel_1988,Gregory van der Wiel,gregory van der wiel g van der wiel wiel,"[""G. van der Wiel"",""Gregory van der Wiel"",""Wiel""]",Netherlands,"CB,RB,RWB",Defence,1988,,,false,[],[],Netherlands,,Medium,1339,fifa_players_csv,gregory_van_der_wiel_1988
juan_francisco_moreno_fuertes_1988,Juan Francisco Moreno Fuertes,juan francisco moreno fuertes juanfran fuertes,"[""Juanfran"",""Juan Francisco Moreno Fuertes"",""Fuertes""]",Spain,RB,Defence,1988,,,false,[],[],Spain,,Medium,1339,fifa_players_csv,juan_francisco_moreno_fuertes_1988
kyle_naughton_1988,Kyle Naughton,kyle naughton k naughton naughton,"[""K. Naughton"",""Kyle Naughton"",""Naughton""]",England,"RB,RWB",Defence,1988,,,false,[],[],England,,Medium,1339,fifa_players_csv,kyle_naughton_1988
lukas_klostermann_1996,Lukas Klostermann,lukas klostermann l klostermann klostermann,"[""L. Klostermann"",""Lukas Klostermann"",""Klostermann""]",Germany,"RB,LB",Defence,1996,,,false,[],[],Germany,,Medium,1339,fifa_players_csv,lukas_klostermann_1996
mapou_yanga_mbiwa_1989,Mapou Yanga-Mbiwa,mapou yanga mbiwa m yanga mbiwa yanga mbiwa,"[""M. Yanga-Mbiwa"",""Mapou Yanga-Mbiwa"",""Yanga-Mbiwa""]",France,CB,Defence,1989,,,false,[],[],France,,Medium,1339,fifa_players_csv,mapou_yanga_mbiwa_1989
marcel_heller_1986,Marcel Heller,marcel heller m heller heller,"[""M. Heller"",""Marcel Heller"",""Heller""]",Germany,"RM,LM",Midfield,1986,,,false,[],[],Germany,,Medium,1339,fifa_players_csv,marcel_heller_1986
nenad_tomovic_1987,Nenad Tomović,nenad tomovic n tomovic tomovic,"[""N. Tomović"",""Nenad Tomović"",""Tomović""]",Serbia,"CB,RB",Defence,1987,,,false,[],[],Serbia,,Medium,1339,fifa_players_csv,nenad_tomovic_1987
sacha_kljestan_1985,Sacha Klještan,sacha kljestan s kljestan kljestan,"[""S. Kljestan"",""Sacha Klještan"",""Klještan""]",United States,"CAM,CM",Midfield,1985,,,false,[],[],United States,,Medium,1339,fifa_players_csv,sacha_kljestan_1985
samuel_piette_1994,Samuel Piette,samuel piette s piette piette,"[""S. Piette"",""Samuel Piette"",""Piette""]",Canada,"CDM,CM",Midfield,1994,,,false,[],[],Canada,,Medium,1339,fifa_players_csv,samuel_piette_1994
scott_mckenna_1996,Scott McKenna,scott mckenna s mckenna mckenna,"[""S. McKenna"",""Scott McKenna"",""McKenna""]",Scotland,CB,Defence,1996,,,false,[],[],Scotland,,Medium,1339,fifa_players_csv,scott_mckenna_1996
sergio_floccari_1981,Sergio Floccari,sergio floccari s floccari floccari,"[""S. Floccari"",""Sergio Floccari"",""Floccari""]",Italy,ST,Attack,1981,,,false,[],[],Italy,,Medium,1339,fifa_players_csv,sergio_floccari_1981
thomas_heurtaux_1988,Thomas Heurtaux,thomas heurtaux t heurtaux heurtaux,"[""T. Heurtaux"",""Thomas Heurtaux"",""Heurtaux""]",France,CB,Defence,1988,,,false,[],[],France,,Medium,1339,fifa_players_csv,thomas_heurtaux_1988
armando_izzo_1992,Armando Izzo,armando izzo a izzo izzo,"[""A. Izzo"",""Armando Izzo"",""Izzo""]",Italy,CB,Defence,1992,,,false,[],[],Italy,,Medium,1338,fifa_players_csv,armando_izzo_1992
carlos_roberto_izquierdoz_1988,Carlos Roberto Izquierdoz,carlos roberto izquierdoz c izquierdoz izquierdoz,"[""C. Izquierdoz"",""Carlos Roberto Izquierdoz"",""Izquierdoz""]",Argentina,CB,Defence,1988,,,false,[],[],Argentina,,Medium,1338,fifa_players_csv,carlos_roberto_izquierdoz_1988
emre_akbaba_1992,Emre Akbaba,emre akbaba e akbaba akbaba,"[""E. Akbaba"",""Emre Akbaba"",""Akbaba""]",Turkey,"CAM,CM,CDM",Midfield,1992,,,false,[],[],Turkey,,Medium,1338,fifa_players_csv,emre_akbaba_1992
gonzalo_escalante_1993,Gonzalo Escalante,gonzalo escalante g escalante escalante,"[""G. Escalante"",""Gonzalo Escalante"",""Escalante""]",Argentina,"CDM,CM",Midfield,1993,,,false,[],[],Argentina,,Medium,1338,fifa_players_csv,gonzalo_escalante_1993
jorrit_hendrix_1995,Jorrit Hendrix,jorrit hendrix j hendrix hendrix,"[""J. Hendrix"",""Jorrit Hendrix"",""Hendrix""]",Netherlands,"CDM,CM",Midfield,1995,,,false,[],[],Netherlands,,Medium,1338,fifa_players_csv,jorrit_hendrix_1995
ludovic_blas_1997,Ludovic Blas,ludovic blas l blas blas,"[""L. Blas"",""Ludovic Blas"",""Blas""]",France,"CM,CDM,RM",Midfield,1997,,,false,[],[],France,,Medium,1338,fifa_players_csv,ludovic_blas_1997
pedro_henrique_pereira_da_silva_1992,Pedro Henrique Pereira da Silva,pedro henrique pereira da silva pedro henrique silva,"[""Pedro Henrique"",""Pedro Henrique Pereira da Silva"",""Silva""]",Brazil,CB,Defence,1992,,,false,[],[],Brazil,,Medium,1338,fifa_players_csv,pedro_henrique_pereira_da_silva_1992
soualiho_meite_1994,Soualiho Meïté,soualiho meite s meite meite,"[""S. Meïté"",""Soualiho Meïté"",""Meïté""]",France,"CM,CDM",Midfield,1994,,,false,[],[],France,,Medium,1338,fifa_players_csv,soualiho_meite_1994
1992_52,柴崎 岳,g shibasaki,"[""G. Shibasaki""]",Japan,"CAM,ST,CDM",Midfield,1992,,,false,[],[],Japan,,Medium,1338,fifa_players_csv,1992_52
1990_81,酒井 宏樹,h sakai,"[""H. Sakai""]",Japan,"RB,LB",Defence,1990,,,false,[],[],Japan,,Medium,1338,fifa_players_csv,1990_81
andreas_bouchalakis_1993,Andreas Bouchalakis,andreas bouchalakis a bouchalakis bouchalakis,"[""A. Bouchalakis"",""Andreas Bouchalakis"",""Bouchalakis""]",Greece,"CM,CDM",Midfield,1993,,,false,[],[],Greece,,Medium,1337,fifa_players_csv,andreas_bouchalakis_1993
darragh_lenihan_1994,Darragh Lenihan,darragh lenihan d lenihan lenihan,"[""D. Lenihan"",""Darragh Lenihan"",""Lenihan""]",Republic of Ireland,CB,Defence,1994,,,false,[],[],Republic of Ireland,,Medium,1337,fifa_players_csv,darragh_lenihan_1994
deiver_machado_1993,Deiver Machado,deiver machado d machado machado,"[""D. Machado"",""Deiver Machado"",""Machado""]",Colombia,"LB,LM",Defence,1993,,,false,[],[],Atlético Nacional,,Medium,1337,fifa_players_csv,deiver_machado_1993
ellyes_skhiri_1995,Ellyes Skhiri,ellyes skhiri e skhiri skhiri,"[""E. Skhiri"",""Ellyes Skhiri"",""Skhiri""]",Tunisia,"CDM,CM",Midfield,1995,,,false,[],[],Tunisia,,Medium,1337,fifa_players_csv,ellyes_skhiri_1995
ethan_horvath_1995,Ethan Horvath,ethan horvath e horvath horvath,"[""E. Horvath"",""Ethan Horvath"",""Horvath""]",United States,GK,Goalkeeper,1995,,,false,[],[],United States,,Medium,1337,fifa_players_csv,ethan_horvath_1995
exequiel_palacios_1998,Exequiel Palacios,exequiel palacios e palacios palacios,"[""E. Palacios"",""Exequiel Palacios"",""Palacios""]",Argentina,"CM,RM,CAM",Midfield,1998,,,false,[],[],Argentina,,Medium,1337,fifa_players_csv,exequiel_palacios_1998
florin_constantin_nita_1987,Florin Constantin Niţă,florin constantin nita f nita nita,"[""F. Nita"",""Florin Constantin Niţă"",""Niţă""]",Romania,GK,Goalkeeper,1987,,,false,[],[],Romania,,Medium,1337,fifa_players_csv,florin_constantin_nita_1987
jaume_vicent_costa_jorda_1988,Jaume Vicent Costa Jordá,jaume vicent costa jorda jaume costa jorda,"[""Jaume Costa"",""Jaume Vicent Costa Jordá"",""Jordá""]",Spain,LB,Defence,1988,,,false,[],[],Spain,,Medium,1337,fifa_players_csv,jaume_vicent_costa_jorda_1988
joao_paulo_dias_fernandes_1992,João Paulo Dias Fernandes,joao paulo dias fernandes paulinho fernandes,"[""Paulinho"",""João Paulo Dias Fernandes"",""Fernandes""]",Portugal,ST,Attack,1992,,,false,[],[],Portugal,,Medium,1337,fifa_players_csv,joao_paulo_dias_fernandes_1992
jonathan_osorio_1992,Jonathan Osorio,jonathan osorio j osorio osorio,"[""J. Osorio"",""Jonathan Osorio"",""Osorio""]",Canada,"CM,CAM,LM",Midfield,1992,,,false,[],[],Canada,,Medium,1337,fifa_players_csv,jonathan_osorio_1992
marcelo_augusto_ferreira_teixeira_1987,Marcelo Augusto Ferreira Teixeira,marcelo augusto ferreira teixeira marcelo goiano teixeira,"[""Marcelo Goiano"",""Marcelo Augusto Ferreira Teixeira"",""Teixeira""]",Brazil,"RB,LB",Defence,1987,,,false,[],[],Brazil,,Medium,1337,fifa_players_csv,marcelo_augusto_ferreira_teixeira_1987
markus_henriksen_1992,Markus Henriksen,markus henriksen m henriksen henriksen,"[""M. Henriksen"",""Markus Henriksen"",""Henriksen""]",Norway,"CM,CDM,CAM",Midfield,1992,,,false,[],[],Norway,,Medium,1337,fifa_players_csv,markus_henriksen_1992
marvelous_nakamba_1994,Marvelous Nakamba,marvelous nakamba m nakamba nakamba,"[""M. Nakamba"",""Marvelous Nakamba"",""Nakamba""]",Zimbabwe,"CDM,CM",Midfield,1994,,,false,[],[],Zimbabwe,,Medium,1337,fifa_players_csv,marvelous_nakamba_1994
ronaldo_diego_esler_domingues_1988,Ronaldo Diego Esler Domingues,ronaldo diego esler domingues ronaldo esler domingues,"[""Ronaldo Esler"",""Ronaldo Diego Esler Domingues"",""Domingues""]",Brazil,"LB,LM",Defence,1988,,,false,[],[],Brazil,,Medium,1337,fifa_players_csv,ronaldo_diego_esler_domingues_1988
amath_ndiaye_diedhiou_1996,Amath Ndiaye Diedhiou,amath ndiaye diedhiou a ndiaye diedhiou diedhiou,"[""A. Ndiaye Diedhiou"",""Amath Ndiaye Diedhiou"",""Diedhiou""]",Senegal,LM,Midfield,1996,,,false,[],[],Senegal,,Medium,1336,fifa_players_csv,amath_ndiaye_diedhiou_1996
arnaut_danjuma_groeneveld_1997,Arnaut Danjuma Groeneveld,arnaut danjuma groeneveld a danjuma groeneveld groeneveld,"[""A. Danjuma Groeneveld"",""Arnaut Danjuma Groeneveld"",""Groeneveld""]",Netherlands,"LM,RM,ST",Midfield,1997,,,false,[],[],Netherlands,,Medium,1336,fifa_players_csv,arnaut_danjuma_groeneveld_1997
ashley_cole_1980,Ashley Cole,ashley cole a cole cole,"[""A. Cole"",""Ashley Cole"",""Cole""]",England,LB,Defence,1980,,,false,[],[],England,,Medium,1336,fifa_players_csv,ashley_cole_1980
brais_mendez_portela_1997,Brais Méndez Portela,brais mendez portela brais mendez portela,"[""Brais Méndez"",""Brais Méndez Portela"",""Portela""]",Spain,"RM,RW,CM,CAM",Midfield,1997,,,false,[],[],Spain,,Medium,1336,fifa_players_csv,brais_mendez_portela_1997
costel_pantilimon_1987,Costel Pantilimon,costel pantilimon c pantilimon pantilimon,"[""C. Pantilimon"",""Costel Pantilimon"",""Pantilimon""]",Romania,GK,Goalkeeper,1987,,,false,[],[],Romania,,Medium,1336,fifa_players_csv,costel_pantilimon_1987
daniel_olmo_carvajal_1998,Daniel Olmo Carvajal,daniel olmo carvajal dani olmo carvajal,"[""Dani Olmo"",""Daniel Olmo Carvajal"",""Carvajal""]",Spain,"CAM,LM,CM",Midfield,1998,,,false,[],[],Spain,,Medium,1336,fifa_players_csv,daniel_olmo_carvajal_1998
douglas_justino_de_melo_1994,Douglas Justino de Melo,douglas justino de melo douglas santos melo,"[""Douglas Santos"",""Douglas Justino de Melo"",""Melo""]",Brazil,LB,Defence,1994,,,false,[],[],Brazil,,Medium,1336,fifa_players_csv,douglas_justino_de_melo_1994
fabien_lemoine_1987,Fabien Lemoine,fabien lemoine f lemoine lemoine,"[""F. Lemoine"",""Fabien Lemoine"",""Lemoine""]",France,CDM,Midfield,1987,,,false,[],[],France,,Medium,1336,fifa_players_csv,fabien_lemoine_1987
florian_neuhaus_1997,Florian Neuhaus,florian neuhaus f neuhaus neuhaus,"[""F. Neuhaus"",""Florian Neuhaus"",""Neuhaus""]",Germany,CM,Midfield,1997,,,false,[],[],Germany,,Medium,1336,fifa_players_csv,florian_neuhaus_1997
jamal_lewis_1998,Jamal Lewis,jamal lewis j lewis lewis,"[""J. Lewis"",""Jamal Lewis"",""Lewis""]",Northern Ireland,LB,Defence,1998,,,false,[],[],Northern Ireland,,Medium,1336,fifa_players_csv,jamal_lewis_1998
jonathan_bamba_1996,Jonathan Bamba,jonathan bamba j bamba bamba,"[""J. Bamba"",""Jonathan Bamba"",""Bamba""]",France,"LM,ST,RM",Midfield,1996,,,false,[],[],France,,Medium,1336,fifa_players_csv,jonathan_bamba_1996
niko_bungert_1986,Niko Bungert,niko bungert n bungert bungert,"[""N. Bungert"",""Niko Bungert"",""Bungert""]",Germany,CB,Defence,1986,,,false,[],[],Germany,,Medium,1336,fifa_players_csv,niko_bungert_1986
adrian_ricardo_centurion_1993,Adrián Ricardo Centurión,adrian ricardo centurion r centurion centurion,"[""R. Centurión"",""Adrián Ricardo Centurión"",""Centurión""]",Argentina,"LM,RM,CAM",Midfield,1993,,,false,[],[],Argentina,,Medium,1335,fifa_players_csv,adrian_ricardo_centurion_1993
andrea_raggi_1984,Andrea Raggi,andrea raggi a raggi raggi,"[""A. Raggi"",""Andrea Raggi"",""Raggi""]",Italy,"CB,LB,RB",Defence,1984,,,false,[],[],Italy,,Medium,1335,fifa_players_csv,andrea_raggi_1984
andriy_lunin_1999,Andriy Lunin,andriy lunin a lunin lunin,"[""A. Lunin"",""Andriy Lunin"",""Lunin""]",Ukraine,GK,Goalkeeper,1999,,,false,[],[],Ukraine,,Medium,1335,fifa_players_csv,andriy_lunin_1999
antonio_jose_pinheiro_carvalho_1993,António José Pinheiro Carvalho,antonio jose pinheiro carvalho toze carvalho,"[""Tozé"",""António José Pinheiro Carvalho"",""Carvalho""]",Portugal,"RM,CAM,CM",Midfield,1993,,,false,[],[],Portugal,,Medium,1335,fifa_players_csv,antonio_jose_pinheiro_carvalho_1993
charlie_mulgrew_1986,Charlie Mulgrew,charlie mulgrew c mulgrew mulgrew,"[""C. Mulgrew"",""Charlie Mulgrew"",""Mulgrew""]",Scotland,CB,Defence,1986,,,false,[],[],Scotland,,Medium,1335,fifa_players_csv,charlie_mulgrew_1986
christopher_jullien_1993,Christopher Jullien,christopher jullien c jullien jullien,"[""C. Jullien"",""Christopher Jullien"",""Jullien""]",France,CB,Defence,1993,,,false,[],[],France,,Medium,1335,fifa_players_csv,christopher_jullien_1993
facundo_ferreyra_1991,Facundo Ferreyra,facundo ferreyra f ferreyra ferreyra,"[""F. Ferreyra"",""Facundo Ferreyra"",""Ferreyra""]",Argentina,ST,Attack,1991,,,false,[],[],Argentina,,Medium,1335,fifa_players_csv,facundo_ferreyra_1991
florent_mollet_1991,Florent Mollet,florent mollet f mollet mollet,"[""F. Mollet"",""Florent Mollet"",""Mollet""]",France,"CAM,CM",Midfield,1991,,,false,[],[],France,,Medium,1335,fifa_players_csv,florent_mollet_1991
gonzalo_javier_rodriguez_1984,Gonzalo Javier Rodríguez,gonzalo javier rodriguez g rodriguez rodriguez,"[""G. Rodríguez"",""Gonzalo Javier Rodríguez"",""Rodríguez""]",Argentina,CB,Defence,1984,,,false,[],[],Argentina,,Medium,1335,fifa_players_csv,gonzalo_javier_rodriguez_1984
guido_rodriguez_1995,Guido Rodríguez,guido rodriguez g rodriguez rodriguez,"[""G. Rodríguez"",""Guido Rodríguez"",""Rodríguez""]",Argentina,"CDM,CM",Midfield,1995,,,false,[],[],Argentina,,Medium,1335,fifa_players_csv,guido_rodriguez_1995
jorge_djaniny_tavares_semedo_1991,Jorge Djaniny  Tavares Semedo,jorge djaniny tavares semedo djaniny semedo,"[""Djaniny"",""Jorge Djaniny Tavares Semedo"",""Semedo""]",Cape Verde,"ST,RW",Attack,1991,,,false,[],[],Cape Verde,,Medium,1335,fifa_players_csv,jorge_djaniny_tavares_semedo_1991
kirill_nababkin_1986,Kirill Nababkin,kirill nababkin k nababkin nababkin,"[""K. Nababkin"",""Kirill Nababkin"",""Nababkin""]",Russia,"LB,LM,RB",Defence,1986,,,false,[],[],Russia,,Medium,1335,fifa_players_csv,kirill_nababkin_1986
mark_milligan_1985,Mark  Milligan,mark milligan m milligan milligan,"[""M. Milligan"",""Mark Milligan"",""Milligan""]",Australia,"CDM,CB",Midfield,1985,,,false,[],[],Australia,,Medium,1335,fifa_players_csv,mark_milligan_1985
niclas_fullkrug_1993,Niclas Füllkrug,niclas fullkrug n fullkrug fullkrug,"[""N. Füllkrug"",""Niclas Füllkrug"",""Füllkrug""]",Germany,ST,Attack,1993,,,false,[],[],Germany,,Medium,1335,fifa_players_csv,niclas_fullkrug_1993
ondrej_petrak_1992,Ondřej Petrák,ondrej petrak o petrak petrak,"[""O. Petrák"",""Ondřej Petrák"",""Petrák""]",Czech Republic,CDM,Midfield,1992,,,false,[],[],Czech Republic,,Medium,1335,fifa_players_csv,ondrej_petrak_1992
philipp_max_1993,Philipp Max,philipp max p max max,"[""P. Max"",""Philipp Max"",""Max""]",Germany,"LB,LWB",Defence,1993,,,false,[],[],Germany,,Medium,1335,fifa_players_csv,philipp_max_1993
taras_mykhalyk_1983,Taras Mykhalyk,taras mykhalyk t mykhalyk mykhalyk,"[""T. Mykhalyk"",""Taras Mykhalyk"",""Mykhalyk""]",Ukraine,"CB,CDM",Defence,1983,,,false,[],[],Ukraine,,Medium,1335,fifa_players_csv,taras_mykhalyk_1983
tetchi_jores_charlemagne_ulrich_okore_1992,Tetchi Jores Charlemagne Ulrich Okore,tetchi jores charlemagne ulrich okore j okore okore,"[""J. Okore"",""Tetchi Jores Charlemagne Ulrich Okore"",""Okore""]",Denmark,CB,Defence,1992,,,false,[],[],Denmark,,Medium,1335,fifa_players_csv,tetchi_jores_charlemagne_ulrich_okore_1992
tim_krul_1988,Tim Krul,tim krul t krul krul,"[""T. Krul"",""Tim Krul"",""Krul""]",Netherlands,GK,Goalkeeper,1988,,,false,[],[],Netherlands,,Medium,1335,fifa_players_csv,tim_krul_1988
yann_karamoh_1998,Yann Karamoh,yann karamoh y karamoh karamoh,"[""Y. Karamoh"",""Yann Karamoh"",""Karamoh""]",France,"RM,RW",Midfield,1998,,,false,[],[],France,,Medium,1335,fifa_players_csv,yann_karamoh_1998
alejandro_remiro_gargallo_1995,Alejandro Remiro Gargallo,alejandro remiro gargallo alex remiro gargallo,"[""Álex Remiro"",""Alejandro Remiro Gargallo"",""Gargallo""]",Spain,GK,Goalkeeper,1995,,,false,[],[],Spain,,Medium,1334,fifa_players_csv,alejandro_remiro_gargallo_1995
amadou_haidara_1998,Amadou Haidara,amadou haidara a haidara haidara,"[""A. Haidara"",""Amadou Haidara"",""Haidara""]",Mali,"CM,RM",Midfield,1998,,,false,[],[],Mali,,Medium,1334,fifa_players_csv,amadou_haidara_1998
borja_mayoral_moya_1997,Borja Mayoral Moya,borja mayoral moya borja mayoral moya,"[""Borja Mayoral"",""Borja Mayoral Moya"",""Moya""]",Spain,ST,Attack,1997,,,false,[],[],Spain,,Medium,1334,fifa_players_csv,borja_mayoral_moya_1997
christopher_nkunku_1997,Christopher Nkunku,christopher nkunku c nkunku nkunku,"[""C. Nkunku"",""Christopher Nkunku"",""Nkunku""]",France,"CM,LW,RW",Midfield,1997,,,false,[],[],France,,Medium,1334,fifa_players_csv,christopher_nkunku_1997
cyrus_christie_1992,Cyrus Christie,cyrus christie c christie christie,"[""C. Christie"",""Cyrus Christie"",""Christie""]",Republic of Ireland,"RB,RWB",Defence,1992,,,false,[],[],Republic of Ireland,,Medium,1334,fifa_players_csv,cyrus_christie_1992
david_limbersky_1983,David Limberský,david limbersky d limbersky limbersky,"[""D. Limberský"",""David Limberský"",""Limberský""]",Czech Republic,"LB,RB,CB",Defence,1983,,,false,[],[],Czech Republic,,Medium,1334,fifa_players_csv,david_limbersky_1983
deivson_rogerio_da_silva_1985,Deivson Rogério Da Silva,deivson rogerio da silva bobo silva,"[""Bobô"",""Deivson Rogério Da Silva"",""Silva""]",Brazil,ST,Attack,1985,,,false,[],[],Brazil,,Medium,1334,fifa_players_csv,deivson_rogerio_da_silva_1985
djibril_sow_1997,Djibril Sow,djibril sow d sow sow,"[""D. Sow"",""Djibril Sow"",""Sow""]",Switzerland,CM,Midfield,1997,,,false,[],[],BSC Young Boys,,Medium,1334,fifa_players_csv,djibril_sow_1997
giampaolo_pazzini_1984,Giampaolo Pazzini,giampaolo pazzini g pazzini pazzini,"[""G. Pazzini"",""Giampaolo Pazzini"",""Pazzini""]",Italy,ST,Attack,1984,,,false,[],[],Italy,,Medium,1334,fifa_players_csv,giampaolo_pazzini_1984
jack_grealish_1995,Jack Grealish,jack grealish j grealish grealish,"[""J. Grealish"",""Jack Grealish"",""Grealish""]",England,"CAM,CM",Midfield,1995,,,false,[],[],England,,Medium,1334,fifa_players_csv,jack_grealish_1995
joao_pedro_da_silva_pereira_1984,João Pedro da Silva Pereira,joao pedro da silva pereira joao pereira pereira,"[""João Pereira"",""João Pedro da Silva Pereira"",""Pereira""]",Portugal,RB,Defence,1984,,,false,[],[],Portugal,,Medium,1334,fifa_players_csv,joao_pedro_da_silva_pereira_1984
jose_pedro_malheiro_de_sa_1993,José Pedro Malheiro de Sá,jose pedro malheiro de sa jose sa,"[""José Sá"",""José Pedro Malheiro de Sá""]",Portugal,GK,Goalkeeper,1993,,,false,[],[],Portugal,,Medium,1334,fifa_players_csv,jose_pedro_malheiro_de_sa_1993
josip_brekalo_1998,Josip Brekalo,josip brekalo j brekalo brekalo,"[""J. Brekalo"",""Josip Brekalo"",""Brekalo""]",Croatia,"LW,RM,LM,RW",Attack,1998,,,false,[],[],Croatia,,Medium,1334,fifa_players_csv,josip_brekalo_1998
marko_grujic_1996,Marko Grujić,marko grujic m grujic grujic,"[""M. Grujić"",""Marko Grujić"",""Grujić""]",Serbia,"CDM,CM",Midfield,1996,,,false,[],[],Serbia,,Medium,1334,fifa_players_csv,marko_grujic_1996
paul_verhaegh_1983,Paul Verhaegh,paul verhaegh p verhaegh verhaegh,"[""P. Verhaegh"",""Paul Verhaegh"",""Verhaegh""]",Netherlands,RB,Defence,1983,,,false,[],[],Netherlands,,Medium,1334,fifa_players_csv,paul_verhaegh_1983
philip_foden_2000,Philip Foden,philip foden p foden foden,"[""P. Foden"",""Philip Foden"",""Foden""]",England,"CAM,CM",Midfield,2000,,,false,[],[],England,,Medium,1334,fifa_players_csv,philip_foden_2000
pierre_michel_lasogga_1991,Pierre-Michel Lasogga,pierre michel lasogga p lasogga lasogga,"[""P. Lasogga"",""Pierre-Michel Lasogga"",""Lasogga""]",Germany,ST,Attack,1991,,,false,[],[],Germany,,Medium,1334,fifa_players_csv,pierre_michel_lasogga_1991
robert_kenedy_nunes_do_nascimento_1996,Robert Kenedy Nunes do Nascimento,robert kenedy nunes do nascimento kenedy nascimento,"[""Kenedy"",""Robert Kenedy Nunes do Nascimento"",""Nascimento""]",Brazil,LM,Midfield,1996,,,false,[],[],Brazil,,Medium,1334,fifa_players_csv,robert_kenedy_nunes_do_nascimento_1996
serhiy_sydorchuk_1991,Serhiy Sydorchuk,serhiy sydorchuk s sydorchuk sydorchuk,"[""S. Sydorchuk"",""Serhiy Sydorchuk"",""Sydorchuk""]",Ukraine,"CM,CDM,CAM",Midfield,1991,,,false,[],[],Ukraine,,Medium,1334,fifa_players_csv,serhiy_sydorchuk_1991
cican_stankovic_1992,Cican Stanković,cican stankovic c stankovic stankovic,"[""C. Stanković"",""Cican Stanković"",""Stanković""]",Austria,GK,Goalkeeper,1992,,,false,[],[],FC Red Bull Salzburg,,Medium,1333,fifa_players_csv,cican_stankovic_1992
luka_krajnc_1994,Luka Krajnc,luka krajnc l krajnc krajnc,"[""L. Krajnc"",""Luka Krajnc"",""Krajnc""]",Slovenia,CB,Defence,1994,,,false,[],[],Slovenia,,Medium,1333,fifa_players_csv,luka_krajnc_1994
sidcley_ferreira_pereira_1993,Sidcley Ferreira Pereira,sidcley ferreira pereira sidcley pereira,"[""Sidcley"",""Sidcley Ferreira Pereira"",""Pereira""]",Brazil,"LB,LM",Defence,1993,,,false,[],[],Brazil,,Medium,1333,fifa_players_csv,sidcley_ferreira_pereira_1993
alexis_ruano_delgado_1985,Alexis Ruano Delgado,alexis ruano delgado alexis delgado,"[""Alexis"",""Alexis Ruano Delgado"",""Delgado""]",Spain,"CB,RB,LB",Defence,1985,,,false,[],[],Spain,,Medium,1332,fifa_players_csv,alexis_ruano_delgado_1985
cristiano_piccini_1992,Cristiano Piccini,cristiano piccini c piccini piccini,"[""C. Piccini"",""Cristiano Piccini"",""Piccini""]",Italy,"RB,RWB",Defence,1992,,,false,[],[],Italy,,Medium,1332,fifa_players_csv,cristiano_piccini_1992
edgar_osvaldo_barreto_caceres_1984,Édgar Osvaldo Barreto Cáceres,edgar osvaldo barreto caceres e barreto caceres,"[""E. Barreto"",""Édgar Osvaldo Barreto Cáceres"",""Cáceres""]",Paraguay,CM,Midfield,1984,,,false,[],[],Paraguay,,Medium,1332,fifa_players_csv,edgar_osvaldo_barreto_caceres_1984
estevao_daniel_formoso_serpa_1992,Estevão Daniel Formoso Serpa,estevao daniel formoso serpa formosandrinho serpa,"[""Formosandrinho"",""Estevão Daniel Formoso Serpa"",""Serpa""]",Brazil,"ST,CF",Attack,1992,,,false,[],[],Brazil,,Medium,1332,fifa_players_csv,estevao_daniel_formoso_serpa_1992
filip_benkovic_1997,Filip Benković,filip benkovic f benkovic benkovic,"[""F. Benković"",""Filip Benković"",""Benković""]",Croatia,CB,Defence,1997,,,false,[],[],Croatia,,Medium,1332,fifa_players_csv,filip_benkovic_1997
geoff_cameron_1985,Geoff Cameron,geoff cameron g cameron cameron,"[""G. Cameron"",""Geoff Cameron"",""Cameron""]",United States,"CDM,CB,CM",Midfield,1985,,,false,[],[],United States,,Medium,1332,fifa_players_csv,geoff_cameron_1985
gonzalo_alejandro_jara_reyes_1985,Gonzalo Alejandro Jara Reyes,gonzalo alejandro jara reyes g jara reyes,"[""G. Jara"",""Gonzalo Alejandro Jara Reyes"",""Reyes""]",Chile,CB,Defence,1985,,,false,[],[],Chile,,Medium,1332,fifa_players_csv,gonzalo_alejandro_jara_reyes_1985
jhon_murillo_1995,Jhon Murillo,jhon murillo j murillo murillo,"[""J. Murillo"",""Jhon Murillo"",""Murillo""]",Venezuela,"RM,ST",Midfield,1995,,,false,[],[],CD Tondela,,Medium,1332,fifa_players_csv,jhon_murillo_1995
jonathan_rodriguez_menendez_1991,Jonathan Rodríguez Menéndez,jonathan rodriguez menendez jony menendez,"[""Jony"",""Jonathan Rodríguez Menéndez"",""Menéndez""]",Spain,"LM,RM",Midfield,1991,,,false,[],[],Spain,,Medium,1332,fifa_players_csv,jonathan_rodriguez_menendez_1991
marco_russ_1985,Marco Russ,marco russ m russ russ,"[""M. Russ"",""Marco Russ"",""Russ""]",Germany,CB,Defence,1985,,,false,[],[],Germany,,Medium,1332,fifa_players_csv,marco_russ_1985
rasmus_schuller_1991,Rasmus Schüller,rasmus schuller r schuller schuller,"[""R. Schüller"",""Rasmus Schüller"",""Schüller""]",Finland,"CDM,CM,LM",Midfield,1991,,,false,[],[],Finland,,Medium,1332,fifa_players_csv,rasmus_schuller_1991
scott_carson_1985,Scott  Carson,scott carson s carson carson,"[""S. Carson"",""Scott Carson"",""Carson""]",England,GK,Goalkeeper,1985,,,false,[],[],England,,Medium,1332,fifa_players_csv,scott_carson_1985
stanislav_tecl_1990,Stanislav Tecl,stanislav tecl s tecl tecl,"[""S. Tecl"",""Stanislav Tecl"",""Tecl""]",Czech Republic,"ST,RW",Attack,1990,,,false,[],[],Czech Republic,,Medium,1332,fifa_players_csv,stanislav_tecl_1990
wilson_bruno_naval_costa_eduardo_1990,Wilson Bruno Naval Costa Eduardo,wilson bruno naval costa eduardo wilson eduardo eduardo,"[""Wilson Eduardo"",""Wilson Bruno Naval Costa Eduardo"",""Eduardo""]",Portugal,"ST,CF",Attack,1990,,,false,[],[],Portugal,,Medium,1332,fifa_players_csv,wilson_bruno_naval_costa_eduardo_1990
alen_halilovic_1996,Alen Halilović,alen halilovic a halilovic halilovic,"[""A. Halilović"",""Alen Halilović"",""Halilović""]",Croatia,"RM,CAM",Midfield,1996,,,false,[],[],Croatia,,Medium,1331,fifa_players_csv,alen_halilovic_1996
dan_axel_zagadou_1999,Dan-Axel Zagadou,dan axel zagadou d zagadou zagadou,"[""D. Zagadou"",""Dan-Axel Zagadou"",""Zagadou""]",France,"CB,LB",Defence,1999,,,false,[],[],France,,Medium,1331,fifa_players_csv,dan_axel_zagadou_1999
ertugrul_ersoy_1997,Ertuğrul Ersoy,ertugrul ersoy e ersoy ersoy,"[""E. Ersoy"",""Ertuğrul Ersoy"",""Ersoy""]",Turkey,"CB,RB",Defence,1997,,,false,[],[],Turkey,,Medium,1331,fifa_players_csv,ertugrul_ersoy_1997
inigo_cordoba_kerejeta_1997,Iñigo Córdoba Kerejeta,inigo cordoba kerejeta cordoba kerejeta,"[""Córdoba"",""Iñigo Córdoba Kerejeta"",""Kerejeta""]",Spain,LW,Attack,1997,,,false,[],[],Spain,,Medium,1331,fifa_players_csv,inigo_cordoba_kerejeta_1997
joelinton_apolinario_de_lira_1996,Joelinton Apolinário de Lira,joelinton apolinario de lira joelinton lira,"[""Joelinton"",""Joelinton Apolinário de Lira"",""Lira""]",Brazil,"ST,CAM",Attack,1996,,,false,[],[],Brazil,,Medium,1331,fifa_players_csv,joelinton_apolinario_de_lira_1996
konrad_laimer_1997,Konrad Laimer,konrad laimer k laimer laimer,"[""K. Laimer"",""Konrad Laimer"",""Laimer""]",Austria,"CM,RB",Midfield,1997,,,false,[],[],Austria,,Medium,1331,fifa_players_csv,konrad_laimer_1997
ludovic_baal_1986,Ludovic Baal,ludovic baal l baal baal,"[""L. Baal"",""Ludovic Baal"",""Baal""]",France,"LB,LM",Defence,1986,,,false,[],[],France,,Medium,1331,fifa_players_csv,ludovic_baal_1986
manuel_alejandro_garcia_sanchez_1986,Manuel Alejandro García Sánchez,manuel alejandro garcia sanchez manu garcia sanchez,"[""Manu García"",""Manuel Alejandro García Sánchez"",""Sánchez""]",Spain,"CDM,CM",Midfield,1986,,,false,[],[],Spain,,Medium,1331,fifa_players_csv,manuel_alejandro_garcia_sanchez_1986
marcos_guillermo_diaz_1986,Marcos Guillermo Díaz,marcos guillermo diaz m diaz diaz,"[""M. Díaz"",""Marcos Guillermo Díaz"",""Díaz""]",Argentina,GK,Goalkeeper,1986,,,false,[],[],Argentina,,Medium,1331,fifa_players_csv,marcos_guillermo_diaz_1986
marcus_rohden_1991,Marcus Rohdén,marcus rohden m rohden rohden,"[""M. Rohdén"",""Marcus Rohdén"",""Rohdén""]",Sweden,"CM,RM",Midfield,1991,,,false,[],[],Sweden,,Medium,1331,fifa_players_csv,marcus_rohden_1991
milot_rashica_1996,Milot Rashica,milot rashica m rashica rashica,"[""M. Rashica"",""Milot Rashica"",""Rashica""]",Kosovo,"RW,RM",Attack,1996,,,false,[],[],Kosovo,,Medium,1331,fifa_players_csv,milot_rashica_1996
nordi_mukiele_1997,Nordi Mukiele,nordi mukiele n mukiele mukiele,"[""N. Mukiele"",""Nordi Mukiele"",""Mukiele""]",France,"RB,CB",Defence,1997,,,false,[],[],France,,Medium,1331,fifa_players_csv,nordi_mukiele_1997
aleksandar_prijovic_1990,Aleksandar Prijović,aleksandar prijovic a prijovic prijovic,"[""A. Prijović"",""Aleksandar Prijović"",""Prijović""]",Serbia,ST,Attack,1990,,,false,[],[],Serbia,,Medium,1330,fifa_players_csv,aleksandar_prijovic_1990
andy_king_1988,Andy King,andy king a king king,"[""A. King"",""Andy King"",""King""]",Wales,CM,Midfield,1988,,,false,[],[],Wales,,Medium,1330,fifa_players_csv,andy_king_1988
aron_johannsson_1990,Aron Jóhannsson,aron johannsson a johannsson johannsson,"[""A. Jóhannsson"",""Aron Jóhannsson"",""Jóhannsson""]",United States,ST,Attack,1990,,,false,[],[],United States,,Medium,1330,fifa_players_csv,aron_johannsson_1990
awer_mabil_1995,Awer Mabil,awer mabil a mabil mabil,"[""A. Mabil"",""Awer Mabil"",""Mabil""]",Australia,RW,Attack,1995,,,false,[],[],Australia,,Medium,1330,fifa_players_csv,awer_mabil_1995
daniele_bonera_1981,Daniele Bonera,daniele bonera d bonera bonera,"[""D. Bonera"",""Daniele Bonera"",""Bonera""]",Italy,"CB,RB,LB",Defence,1981,,,false,[],[],Italy,,Medium,1330,fifa_players_csv,daniele_bonera_1981
danny_latza_1989,Danny Latza,danny latza d latza latza,"[""D. Latza"",""Danny Latza"",""Latza""]",Germany,"CM,CDM",Midfield,1989,,,false,[],[],Germany,,Medium,1330,fifa_players_csv,danny_latza_1989
denys_garmash_1990,Denys Garmash,denys garmash d garmash garmash,"[""D. Garmash"",""Denys Garmash"",""Garmash""]",Ukraine,"CM,CAM,LM",Midfield,1990,,,false,[],[],Ukraine,,Medium,1330,fifa_players_csv,denys_garmash_1990
emiliano_moretti_1981,Emiliano Moretti,emiliano moretti e moretti moretti,"[""E. Moretti"",""Emiliano Moretti"",""Moretti""]",Italy,CB,Defence,1981,,,false,[],[],Italy,,Medium,1330,fifa_players_csv,emiliano_moretti_1981
gustavo_leonardo_bou_1990,Gustavo Leonardo Bou,gustavo leonardo bou g bou bou,"[""G. Bou"",""Gustavo Leonardo Bou"",""Bou""]",Argentina,ST,Attack,1990,,,false,[],[],Argentina,,Medium,1330,fifa_players_csv,gustavo_leonardo_bou_1990
jaime_mata_arnaiz_1988,Jaime Mata Arnaiz,jaime mata arnaiz mata arnaiz,"[""Mata"",""Jaime Mata Arnaiz"",""Arnaiz""]",Spain,ST,Attack,1988,,,false,[],[],Spain,,Medium,1330,fifa_players_csv,jaime_mata_arnaiz_1988
javier_ignacio_aquino_carmona_1990,Javier Ignacio Aquino Carmona,javier ignacio aquino carmona j aquino carmona,"[""J. Aquino"",""Javier Ignacio Aquino Carmona"",""Carmona""]",Mexico,LM,Midfield,1990,,,false,[],[],Mexico,,Medium,1330,fifa_players_csv,javier_ignacio_aquino_carmona_1990
joachim_andersen_1996,Joachim Andersen,joachim andersen j andersen andersen,"[""J. Andersen"",""Joachim Andersen"",""Andersen""]",Denmark,CB,Defence,1996,,,false,[],[],Denmark,,Medium,1330,fifa_players_csv,joachim_andersen_1996
juan_pedro_ramirez_lopez_1991,Juan Pedro Ramírez López,juan pedro ramirez lopez juanpe lopez,"[""Juanpe"",""Juan Pedro Ramírez López"",""López""]",Spain,CB,Defence,1991,,,false,[],[],Spain,,Medium,1330,fifa_players_csv,juan_pedro_ramirez_lopez_1991
kyle_lafferty_1987,Kyle Lafferty,kyle lafferty k lafferty lafferty,"[""K. Lafferty"",""Kyle Lafferty"",""Lafferty""]",Northern Ireland,"ST,LM",Attack,1987,,,false,[],[],Northern Ireland,,Medium,1330,fifa_players_csv,kyle_lafferty_1987
manuel_locatelli_1998,Manuel Locatelli,manuel locatelli m locatelli locatelli,"[""M. Locatelli"",""Manuel Locatelli"",""Locatelli""]",Italy,"CDM,CM",Midfield,1998,,,false,[],[],Italy,,Medium,1330,fifa_players_csv,manuel_locatelli_1998
mario_pasalic_1995,Mario Pašalić,mario pasalic m pasalic pasalic,"[""M. Pašalić"",""Mario Pašalić"",""Pašalić""]",Croatia,"CM,CDM",Midfield,1995,,,false,[],[],Croatia,,Medium,1330,fifa_players_csv,mario_pasalic_1995
matt_ritchie_1989,Matt Ritchie,matt ritchie m ritchie ritchie,"[""M. Ritchie"",""Matt Ritchie"",""Ritchie""]",Scotland,"RM,LWB",Midfield,1989,,,false,[],[],Scotland,,Medium,1330,fifa_players_csv,matt_ritchie_1989
odion_jude_ighalo_1989,Odion Jude Ighalo,odion jude ighalo o ighalo ighalo,"[""O. Ighalo"",""Odion Jude Ighalo"",""Ighalo""]",Nigeria,ST,Attack,1989,,,false,[],[],Nigeria,,Medium,1330,fifa_players_csv,odion_jude_ighalo_1989
pablo_nascimento_castro_1991,Pablo Nascimento Castro,pablo nascimento castro pablo castro,"[""Pablo"",""Pablo Nascimento Castro"",""Castro""]",Brazil,CB,Defence,1991,,,false,[],[],Brazil,,Medium,1330,fifa_players_csv,pablo_nascimento_castro_1991
rafael_de_andrade_bittencourt_pinheiro_1982,Rafael  de Andrade Bittencourt Pinheiro,rafael de andrade bittencourt pinheiro rafael pinheiro,"[""Rafael"",""Rafael de Andrade Bittencourt Pinheiro"",""Pinheiro""]",Brazil,GK,Goalkeeper,1982,,,false,[],[],Brazil,,Medium,1330,fifa_players_csv,rafael_de_andrade_bittencourt_pinheiro_1982
ramon_abila_1989,Ramón Ábila,ramon abila r abila abila,"[""R. Ábila"",""Ramón Ábila"",""Ábila""]",Argentina,ST,Attack,1989,,,false,[],[],Argentina,,Medium,1330,fifa_players_csv,ramon_abila_1989
stefan_ristovski_1992,Stefan Ristovski,stefan ristovski s ristovski ristovski,"[""S. Ristovski"",""Stefan Ristovski"",""Ristovski""]",FYR Macedonia,"RB,RW",Defence,1992,,,false,[],[],FYR Macedonia,,Medium,1330,fifa_players_csv,stefan_ristovski_1992
wilfredo_daniel_caballero_1981,Wilfredo Daniel Caballero,wilfredo daniel caballero w caballero caballero,"[""W. Caballero"",""Wilfredo Daniel Caballero"",""Caballero""]",Argentina,GK,Goalkeeper,1981,,,false,[],[],Argentina,,Medium,1330,fifa_players_csv,wilfredo_daniel_caballero_1981
1991_78,지동원 池东沅,ji dong won,"[""Ji Dong Won""]",Korea Republic,"CF,CAM,LM",Attack,1991,,,false,[],[],Korea Republic,,Medium,1330,fifa_players_csv,1991_78
aaron_wan_bissaka_1997,Aaron Wan-Bissaka,aaron wan bissaka a wan bissaka wan bissaka,"[""A. Wan-Bissaka"",""Aaron Wan-Bissaka"",""Wan-Bissaka""]",England,RB,Defence,1997,,,false,[],[],England,,Medium,1329,fifa_players_csv,aaron_wan_bissaka_1997
alfredo_talavera_diaz_1982,Alfredo Talavera Díaz,alfredo talavera diaz a talavera diaz,"[""A. Talavera"",""Alfredo Talavera Díaz"",""Díaz""]",Mexico,GK,Goalkeeper,1982,,,false,[],[],Mexico,,Medium,1329,fifa_players_csv,alfredo_talavera_diaz_1982
chris_mepham_1997,Chris Mepham,chris mepham c mepham mepham,"[""C. Mepham"",""Chris Mepham"",""Mepham""]",Wales,CB,Defence,1997,,,false,[],[],Wales,,Medium,1329,fifa_players_csv,chris_mepham_1997
eduardo_dos_reis_carvalho_1982,Eduardo dos Reis Carvalho,eduardo dos reis carvalho eduardo carvalho,"[""Eduardo"",""Eduardo dos Reis Carvalho"",""Carvalho""]",Portugal,GK,Goalkeeper,1982,,,false,[],[],Portugal,,Medium,1329,fifa_players_csv,eduardo_dos_reis_carvalho_1982
francisco_geraldes_1995,Francisco Geraldes,francisco geraldes,"[""Francisco Geraldes""]",Portugal,CAM,Midfield,1995,,,false,[],[],Portugal,,Medium,1329,fifa_players_csv,francisco_geraldes_1995
gabriel_boschilia_1996,Gabriel Boschilia,gabriel boschilia,"[""Gabriel Boschilia""]",Brazil,"CAM,LM,RW",Midfield,1996,,,false,[],[],Brazil,,Medium,1329,fifa_players_csv,gabriel_boschilia_1996
hernan_arsenio_perez_gonzalez_1989,Hernán Arsenio Pérez González,hernan arsenio perez gonzalez h perez gonzalez,"[""H. Pérez"",""Hernán Arsenio Pérez González"",""González""]",Paraguay,"RM,LM",Midfield,1989,,,false,[],[],Paraguay,,Medium,1329,fifa_players_csv,hernan_arsenio_perez_gonzalez_1989
ibrahima_konate_1999,Ibrahima Konaté,ibrahima konate i konate konate,"[""I. Konaté"",""Ibrahima Konaté"",""Konaté""]",France,CB,Defence,1999,,,false,[],[],France,,Medium,1329,fifa_players_csv,ibrahima_konate_1999
luis_abram_1996,Luis Abram,luis abram l abram abram,"[""L. Abram"",""Luis Abram"",""Abram""]",Peru,CB,Defence,1996,,,false,[],[],Vélez Sarsfield,,Medium,1329,fifa_players_csv,luis_abram_1996
mathieu_dossevi_1988,Mathieu Dossevi,mathieu dossevi m dossevi dossevi,"[""M. Dossevi"",""Mathieu Dossevi"",""Dossevi""]",Togo,"RM,RW",Midfield,1988,,,false,[],[],Togo,,Medium,1329,fifa_players_csv,mathieu_dossevi_1988
matz_sels_1992,Matz Sels,matz sels m sels sels,"[""M. Sels"",""Matz Sels"",""Sels""]",Belgium,GK,Goalkeeper,1992,,,false,[],[],Belgium,,Medium,1329,fifa_players_csv,matz_sels_1992
maxime_lopez_1997,Maxime Lopez,maxime lopez m lopez lopez,"[""M. Lopez"",""Maxime Lopez"",""Lopez""]",France,"CM,CDM",Midfield,1997,,,false,[],[],France,,Medium,1329,fifa_players_csv,maxime_lopez_1997
mijat_gacinovic_1995,Mijat Gaćinović,mijat gacinovic m gacinovic gacinovic,"[""M. Gaćinović"",""Mijat Gaćinović"",""Gaćinović""]",Serbia,"CM,CAM",Midfield,1995,,,false,[],[],Serbia,,Medium,1329,fifa_players_csv,mijat_gacinovic_1995
moses_daddy_simon_1995,Moses Daddy Simon,moses daddy simon m simon simon,"[""M. Simon"",""Moses Daddy Simon"",""Simon""]",Nigeria,"LM,CF",Midfield,1995,,,false,[],[],Nigeria,,Medium,1329,fifa_players_csv,moses_daddy_simon_1995
nicolai_m_ller_boilesen_1992,Nicolai Møller Boilesen,nicolai m ller boilesen n boilesen boilesen,"[""N. Boilesen"",""Nicolai Møller Boilesen"",""Boilesen""]",Denmark,LB,Defence,1992,,,false,[],[],Denmark,,Medium,1329,fifa_players_csv,nicolai_m_ller_boilesen_1992
nicolas_federico_spolli_1983,Nicolás Federico Spolli,nicolas federico spolli n spolli spolli,"[""N. Spolli"",""Nicolás Federico Spolli"",""Spolli""]",Argentina,CB,Defence,1983,,,false,[],[],Argentina,,Medium,1329,fifa_players_csv,nicolas_federico_spolli_1983
ondrej_duda_1994,Ondrej Duda,ondrej duda o duda duda,"[""O. Duda"",""Ondrej Duda"",""Duda""]",Slovakia,"CAM,CM",Midfield,1994,,,false,[],[],Slovakia,,Medium,1329,fifa_players_csv,ondrej_duda_1994
rafael_de_souza_pereira_1989,Rafael de Souza Pereira,rafael de souza pereira rafael carioca pereira,"[""Rafael Carioca"",""Rafael de Souza Pereira"",""Pereira""]",Brazil,"CM,CDM",Midfield,1989,,,false,[],[],Brazil,,Medium,1329,fifa_players_csv,rafael_de_souza_pereira_1989
rui_pedro_da_rocha_fonte_1990,Rui Pedro da Rocha Fonte,rui pedro da rocha fonte rui fonte fonte,"[""Rui Fonte"",""Rui Pedro da Rocha Fonte"",""Fonte""]",Portugal,ST,Attack,1990,,,false,[],[],Portugal,,Medium,1329,fifa_players_csv,rui_pedro_da_rocha_fonte_1990
steve_von_bergen_1983,Steve von Bergen,steve von bergen s von bergen bergen,"[""S. von Bergen"",""Steve von Bergen"",""Bergen""]",Switzerland,CB,Defence,1983,,,false,[],[],Switzerland,,Medium,1329,fifa_players_csv,steve_von_bergen_1983
victor_camarasa_ferrando_1994,Víctor Camarasa Ferrando,victor camarasa ferrando camarasa ferrando,"[""Camarasa"",""Víctor Camarasa Ferrando"",""Ferrando""]",Spain,"CM,RM,CAM",Midfield,1994,,,false,[],[],Spain,,Medium,1329,fifa_players_csv,victor_camarasa_ferrando_1994
alejandro_berenguer_remiro_1995,Alejandro Berenguer Remiro,alejandro berenguer remiro alex berenguer remiro,"[""Alex Berenguer"",""Alejandro Berenguer Remiro"",""Remiro""]",Spain,"LM,LWB",Midfield,1995,,,false,[],[],Spain,,Medium,1328,fifa_players_csv,alejandro_berenguer_remiro_1995
alessandro_rosina_1984,Alessandro Rosina,alessandro rosina a rosina rosina,"[""A. Rosina"",""Alessandro Rosina"",""Rosina""]",Italy,"RW,CAM",Attack,1984,,,false,[],[],Italy,,Medium,1328,fifa_players_csv,alessandro_rosina_1984
alexander_esswein_1990,Alexander Esswein,alexander esswein a esswein esswein,"[""A. Esswein"",""Alexander Esswein"",""Esswein""]",Germany,"RM,LM,ST",Midfield,1990,,,false,[],[],Germany,,Medium,1328,fifa_players_csv,alexander_esswein_1990
andrea_petagna_1995,Andrea Petagna,andrea petagna a petagna petagna,"[""A. Petagna"",""Andrea Petagna"",""Petagna""]",Italy,ST,Attack,1995,,,false,[],[],Italy,,Medium,1328,fifa_players_csv,andrea_petagna_1995
ayoze_perez_gutierrez_1993,Ayoze Pérez Gutiérrez,ayoze perez gutierrez ayoze perez gutierrez,"[""Ayoze Pérez"",""Ayoze Pérez Gutiérrez"",""Gutiérrez""]",Spain,"CF,CAM",Attack,1993,,,false,[],[],Spain,,Medium,1328,fifa_players_csv,ayoze_perez_gutierrez_1993
brayan_cortes_1995,Brayan Cortés,brayan cortes b cortes cortes,"[""B. Cortés"",""Brayan Cortés"",""Cortés""]",Chile,GK,Goalkeeper,1995,,,false,[],[],Colo-Colo,,Medium,1328,fifa_players_csv,brayan_cortes_1995
bruno_gonzalez_cabrera_1990,Bruno González Cabrera,bruno gonzalez cabrera bruno cabrera,"[""Bruno"",""Bruno González Cabrera"",""Cabrera""]",Spain,CB,Defence,1990,,,false,[],[],Spain,,Medium,1328,fifa_players_csv,bruno_gonzalez_cabrera_1990
carles_alena_castillo_1998,Carles Aleñá Castillo,carles alena castillo alena castillo,"[""Aleñá"",""Carles Aleñá Castillo"",""Castillo""]",Spain,"CM,RW,CAM",Midfield,1998,,,false,[],[],Spain,,Medium,1328,fifa_players_csv,carles_alena_castillo_1998
frank_acheampong_1993,Frank Acheampong,frank acheampong f acheampong acheampong,"[""F. Acheampong"",""Frank Acheampong"",""Acheampong""]",Ghana,ST,Attack,1993,,,false,[],[],Ghana,,Medium,1328,fifa_players_csv,frank_acheampong_1993
heurelho_da_silva_gomes_1981,Heurelho da Silva Gomes,heurelho da silva gomes gomes,"[""Gomes"",""Heurelho da Silva Gomes""]",Brazil,GK,Goalkeeper,1981,,,false,[],[],Brazil,,Medium,1328,fifa_players_csv,heurelho_da_silva_gomes_1981
jan_moravek_1989,Jan Morávek,jan moravek j moravek moravek,"[""J. Morávek"",""Jan Morávek"",""Morávek""]",Czech Republic,"CM,CAM",Midfield,1989,,,false,[],[],Czech Republic,,Medium,1328,fifa_players_csv,jan_moravek_1989
jean_eudes_aholou_1994,Jean-Eudes Aholou,jean eudes aholou j aholou aholou,"[""J. Aholou"",""Jean-Eudes Aholou"",""Aholou""]",Ivory Coast,"CDM,CM",Midfield,1994,,,false,[],[],Ivory Coast,,Medium,1328,fifa_players_csv,jean_eudes_aholou_1994
joris_gnagnon_1997,Joris Gnagnon,joris gnagnon j gnagnon gnagnon,"[""J. Gnagnon"",""Joris Gnagnon"",""Gnagnon""]",France,CB,Defence,1997,,,false,[],[],France,,Medium,1328,fifa_players_csv,joris_gnagnon_1997
julian_schieber_1989,Julian Schieber,julian schieber j schieber schieber,"[""J. Schieber"",""Julian Schieber"",""Schieber""]",Germany,ST,Attack,1989,,,false,[],[],Germany,,Medium,1328,fifa_players_csv,julian_schieber_1989
marco_sau_1987,Marco Sau,marco sau m sau sau,"[""M. Sau"",""Marco Sau"",""Sau""]",Italy,ST,Attack,1987,,,false,[],[],Italy,,Medium,1328,fifa_players_csv,marco_sau_1987
milos_veljkovic_1995,Miloš Veljković,milos veljkovic m veljkovic veljkovic,"[""M. Veljković"",""Miloš Veljković"",""Veljković""]",Serbia,"CB,CDM",Defence,1995,,,false,[],[],Serbia,,Medium,1328,fifa_players_csv,milos_veljkovic_1995
nery_dominguez_1990,Nery Domínguez,nery dominguez n dominguez dominguez,"[""N. Domínguez"",""Nery Domínguez"",""Domínguez""]",Argentina,"CDM,CB",Midfield,1990,,,false,[],[],Argentina,,Medium,1328,fifa_players_csv,nery_dominguez_1990
nicklas_bendtner_1988,Nicklas Bendtner,nicklas bendtner n bendtner bendtner,"[""N. Bendtner"",""Nicklas Bendtner"",""Bendtner""]",Denmark,ST,Attack,1988,,,false,[],[],Denmark,,Medium,1328,fifa_players_csv,nicklas_bendtner_1988
ricardo_van_rhijn_1991,Ricardo van Rhijn,ricardo van rhijn r van rhijn rhijn,"[""R. van Rhijn"",""Ricardo van Rhijn"",""Rhijn""]",Netherlands,"RB,CB",Defence,1991,,,false,[],[],Netherlands,,Medium,1328,fifa_players_csv,ricardo_van_rhijn_1991
rob_holding_1995,Rob Holding,rob holding r holding holding,"[""R. Holding"",""Rob Holding"",""Holding""]",England,CB,Defence,1995,,,false,[],[],England,,Medium,1328,fifa_players_csv,rob_holding_1995
victor_laguardia_cisneros_1989,Víctor Laguardia Cisneros,victor laguardia cisneros laguardia cisneros,"[""Laguardia"",""Víctor Laguardia Cisneros"",""Cisneros""]",Spain,CB,Defence,1989,,,false,[],[],Spain,,Medium,1328,fifa_players_csv,victor_laguardia_cisneros_1989
walter_damian_montillo_1984,Walter Damián Montillo,walter damian montillo w montillo montillo,"[""W. Montillo"",""Walter Damián Montillo"",""Montillo""]",Argentina,CAM,Midfield,1984,,,false,[],[],Argentina,,Medium,1328,fifa_players_csv,walter_damian_montillo_1984
yohan_mollo_1989,Yohan Mollo,yohan mollo y mollo mollo,"[""Y. Mollo"",""Yohan Mollo"",""Mollo""]",France,"LM,ST",Midfield,1989,,,false,[],[],France,,Medium,1328,fifa_players_csv,yohan_mollo_1989
1989_94,清武 弘嗣,h kiyotake,"[""H. Kiyotake""]",Japan,"RM,CAM",Midfield,1989,,,false,[],[],Japan,,Medium,1328,fifa_players_csv,1989_94
alessio_cerci_1987,Alessio Cerci,alessio cerci a cerci cerci,"[""A. Cerci"",""Alessio Cerci"",""Cerci""]",Italy,"RW,ST",Attack,1987,,,false,[],[],Italy,,Medium,1327,fifa_players_csv,alessio_cerci_1987
arne_maier_1999,Arne Maier,arne maier a maier maier,"[""A. Maier"",""Arne Maier"",""Maier""]",Germany,"CM,CDM",Midfield,1999,,,false,[],[],Germany,,Medium,1327,fifa_players_csv,arne_maier_1999
christian_maggio_1982,Christian Maggio,christian maggio c maggio maggio,"[""C. Maggio"",""Christian Maggio"",""Maggio""]",Italy,RB,Defence,1982,,,false,[],[],Italy,,Medium,1327,fifa_players_csv,christian_maggio_1982
emmanuel_gigliotti_1987,Emmanuel Gigliotti,emmanuel gigliotti e gigliotti gigliotti,"[""E. Gigliotti"",""Emmanuel Gigliotti"",""Gigliotti""]",Argentina,ST,Attack,1987,,,false,[],[],Argentina,,Medium,1327,fifa_players_csv,emmanuel_gigliotti_1987
jonathan_pitroipa_1986,Jonathan Pitroipa,jonathan pitroipa j pitroipa pitroipa,"[""J. Pitroipa"",""Jonathan Pitroipa"",""Pitroipa""]",Burkina Faso,"CAM,RM",Midfield,1986,,,false,[],[],Burkina Faso,,Medium,1327,fifa_players_csv,jonathan_pitroipa_1986
paddy_mcnair_1995,Paddy McNair,paddy mcnair p mcnair mcnair,"[""P. McNair"",""Paddy McNair"",""McNair""]",Northern Ireland,"CDM,CM,CB",Midfield,1995,,,false,[],[],Northern Ireland,,Medium,1327,fifa_players_csv,paddy_mcnair_1995
tomas_pina_isla_1987,Tomás Pina Isla,tomas pina isla tomas pina isla,"[""Tomás Pina"",""Tomás Pina Isla"",""Isla""]",Spain,"CM,CDM",Midfield,1987,,,false,[],[],Spain,,Medium,1327,fifa_players_csv,tomas_pina_isla_1987
ademola_lookman_1997,Ademola Lookman,ademola lookman a lookman lookman,"[""A. Lookman"",""Ademola Lookman"",""Lookman""]",England,"LM,LW,RM",Midfield,1997,,,false,[],[],England,,Medium,1326,fifa_players_csv,ademola_lookman_1997
albert_rusnak_1994,Albert Rusnák,albert rusnak a rusnak rusnak,"[""A. Rusnák"",""Albert Rusnák"",""Rusnák""]",Slovakia,"CAM,CM",Midfield,1994,,,false,[],[],Slovakia,,Medium,1326,fifa_players_csv,albert_rusnak_1994
alvaro_david_montero_perales_1995,Álvaro David Montero Perales,alvaro david montero perales a montero perales,"[""A. Montero"",""Álvaro David Montero Perales"",""Perales""]",Colombia,GK,Goalkeeper,1995,,,false,[],[],Deportes Tolima,,Medium,1326,fifa_players_csv,alvaro_david_montero_perales_1995
fabricio_bustos_1996,Fabricio Bustos,fabricio bustos f bustos bustos,"[""F. Bustos"",""Fabricio Bustos"",""Bustos""]",Argentina,"RB,LB",Defence,1996,,,false,[],[],Argentina,,Medium,1326,fifa_players_csv,fabricio_bustos_1996
frank_yusty_fabra_palacios_1991,Frank Yusty Fabra Palacios,frank yusty fabra palacios f fabra palacios,"[""F. Fabra"",""Frank Yusty Fabra Palacios"",""Palacios""]",Colombia,LB,Defence,1991,,,false,[],[],Colombia,,Medium,1326,fifa_players_csv,frank_yusty_fabra_palacios_1991
ivan_alejo_peralta_1995,Iván Alejo Peralta,ivan alejo peralta ivan alejo peralta,"[""Iván Alejo"",""Iván Alejo Peralta"",""Peralta""]",Spain,"RM,LM",Midfield,1995,,,false,[],[],Spain,,Medium,1326,fifa_players_csv,ivan_alejo_peralta_1995
marko_livaja_1993,Marko Livaja,marko livaja m livaja livaja,"[""M. Livaja"",""Marko Livaja"",""Livaja""]",Croatia,"ST,CAM",Attack,1993,,,false,[],[],Croatia,,Medium,1326,fifa_players_csv,marko_livaja_1993
martin_benitez_1994,Martín Benítez,martin benitez m benitez benitez,"[""M. Benítez"",""Martín Benítez"",""Benítez""]",Argentina,"CAM,LM,RM,RW",Midfield,1994,,,false,[],[],Argentina,,Medium,1326,fifa_players_csv,martin_benitez_1994
matias_vargas_1997,Matías Vargas,matias vargas m vargas vargas,"[""M. Vargas"",""Matías Vargas"",""Vargas""]",Argentina,"LW,CAM",Attack,1997,,,false,[],[],Argentina,,Medium,1326,fifa_players_csv,matias_vargas_1997
mevlut_erdinc_1987,Mevlüt Erdinç,mevlut erdinc m erdinc erdinc,"[""M. Erdinç"",""Mevlüt Erdinç"",""Erdinç""]",Turkey,ST,Attack,1987,,,false,[],[],Turkey,,Medium,1326,fifa_players_csv,mevlut_erdinc_1987
mike_maignan_1995,Mike Maignan,mike maignan m maignan maignan,"[""M. Maignan"",""Mike Maignan"",""Maignan""]",France,GK,Goalkeeper,1995,,,false,[],[],France,,Medium,1326,fifa_players_csv,mike_maignan_1995
omer_bayram_1991,Ömer Bayram,omer bayram o bayram bayram,"[""O. Bayram"",""Ömer Bayram"",""Bayram""]",Turkey,"LB,LM",Defence,1991,,,false,[],[],Turkey,,Medium,1326,fifa_players_csv,omer_bayram_1991
raul_bobadilla_1987,Raúl Bobadilla,raul bobadilla r bobadilla bobadilla,"[""R. Bobadilla"",""Raúl Bobadilla"",""Bobadilla""]",Paraguay,ST,Attack,1987,,,false,[],[],Paraguay,,Medium,1326,fifa_players_csv,raul_bobadilla_1987
samuel_kalu_ojim_1997,Samuel Kalu Ojim,samuel kalu ojim s kalu ojim,"[""S. Kalu"",""Samuel Kalu Ojim"",""Ojim""]",Nigeria,"RM,RW",Midfield,1997,,,false,[],[],Nigeria,,Medium,1326,fifa_players_csv,samuel_kalu_ojim_1997
alex_mccarthy_1989,Alex McCarthy,alex mccarthy a mccarthy mccarthy,"[""A. McCarthy"",""Alex McCarthy"",""McCarthy""]",England,GK,Goalkeeper,1989,,,false,[],[],England,,Medium,1325,fifa_players_csv,alex_mccarthy_1989
alexander_djiku_1994,Alexander Djiku,alexander djiku a djiku djiku,"[""A. Djiku"",""Alexander Djiku"",""Djiku""]",France,CB,Defence,1994,,,false,[],[],France,,Medium,1325,fifa_players_csv,alexander_djiku_1994
djalma_braume_manuel_abel_campos_1987,Djalma Braume Manuel Abel Campos,djalma braume manuel abel campos djalma campos,"[""Djalma"",""Djalma Braume Manuel Abel Campos"",""Campos""]",Angola,"RM,LM",Midfield,1987,,,false,[],[],Angola,,Medium,1325,fifa_players_csv,djalma_braume_manuel_abel_campos_1987
federico_di_francesco_1994,Federico Di Francesco,federico di francesco f di francesco francesco,"[""F. Di Francesco"",""Federico Di Francesco"",""Francesco""]",Italy,"LW,RW",Attack,1994,,,false,[],[],Italy,,Medium,1325,fifa_players_csv,federico_di_francesco_1994
frederic_guilbert_1994,Frédéric Guilbert,frederic guilbert f guilbert guilbert,"[""F. Guilbert"",""Frédéric Guilbert"",""Guilbert""]",France,"RB,RM,RWB",Defence,1994,,,false,[],[],France,,Medium,1325,fifa_players_csv,frederic_guilbert_1994
german_andres_conti_1994,Germán Andrés Conti,german andres conti g conti conti,"[""G. Conti"",""Germán Andrés Conti"",""Conti""]",Argentina,CB,Defence,1994,,,false,[],[],Argentina,,Medium,1325,fifa_players_csv,german_andres_conti_1994
henrik_dalsgaard_1989,Henrik Dalsgaard,henrik dalsgaard h dalsgaard dalsgaard,"[""H. Dalsgaard"",""Henrik Dalsgaard"",""Dalsgaard""]",Denmark,"RWB,RB",Defence,1989,,,false,[],[],Denmark,,Medium,1325,fifa_players_csv,henrik_dalsgaard_1989
hugo_alfonso_gonzalez_duran_1990,Hugo Alfonso González Durán,hugo alfonso gonzalez duran h gonzalez duran,"[""H. González"",""Hugo Alfonso González Durán"",""Durán""]",Mexico,GK,Goalkeeper,1990,,,false,[],[],Club Necaxa,,Medium,1325,fifa_players_csv,hugo_alfonso_gonzalez_duran_1990
jose_yordy_reyna_serna_1993,José Yordy Reyna Serna,jose yordy reyna serna y reyna serna,"[""Y. Reyna"",""José Yordy Reyna Serna"",""Serna""]",Peru,"ST,CAM",Attack,1993,,,false,[],[],Peru,,Medium,1325,fifa_players_csv,jose_yordy_reyna_serna_1993
jurgen_locadia_1993,Jürgen Locadia,jurgen locadia j locadia locadia,"[""J. Locadia"",""Jürgen Locadia"",""Locadia""]",Netherlands,"ST,LW",Attack,1993,,,false,[],[],Netherlands,,Medium,1325,fifa_players_csv,jurgen_locadia_1993
kevin_stoger_1993,Kevin Stöger,kevin stoger k stoger stoger,"[""K. Stöger"",""Kevin Stöger"",""Stöger""]",Austria,"CAM,CM,LM",Midfield,1993,,,false,[],[],Austria,,Medium,1325,fifa_players_csv,kevin_stoger_1993
leandro_chichizola_1990,Leandro Chichizola,leandro chichizola l chichizola chichizola,"[""L. Chichizola"",""Leandro Chichizola"",""Chichizola""]",Argentina,GK,Goalkeeper,1990,,,false,[],[],Argentina,,Medium,1325,fifa_players_csv,leandro_chichizola_1990
mason_holgate_1996,Mason Holgate,mason holgate m holgate holgate,"[""M. Holgate"",""Mason Holgate"",""Holgate""]",England,"CB,RB",Defence,1996,,,false,[],[],England,,Medium,1325,fifa_players_csv,mason_holgate_1996
mouctar_diakhaby_1996,Mouctar Diakhaby,mouctar diakhaby m diakhaby diakhaby,"[""M. Diakhaby"",""Mouctar Diakhaby"",""Diakhaby""]",France,CB,Defence,1996,,,false,[],[],France,,Medium,1325,fifa_players_csv,mouctar_diakhaby_1996
ramahlwe_mphahlele_1990,Ramahlwe Mphahlele,ramahlwe mphahlele r mphahlele mphahlele,"[""R. Mphahlele"",""Ramahlwe Mphahlele"",""Mphahlele""]",South Africa,"RB,CB,RWB",Defence,1990,,,false,[],[],South Africa,,Medium,1325,fifa_players_csv,ramahlwe_mphahlele_1990
ronald_alejandro_vargas_aranguren_1986,Ronald Alejandro Vargas Aranguren,ronald alejandro vargas aranguren r vargas aranguren,"[""R. Vargas"",""Ronald Alejandro Vargas Aranguren"",""Aranguren""]",Venezuela,CAM,Midfield,1986,,,false,[],[],Venezuela,,Medium,1325,fifa_players_csv,ronald_alejandro_vargas_aranguren_1986
ryan_sessegnon_2000,Ryan Sessegnon,ryan sessegnon r sessegnon sessegnon,"[""R. Sessegnon"",""Ryan Sessegnon"",""Sessegnon""]",England,"LW,LB,LM",Attack,2000,,,false,[],[],England,,Medium,1325,fifa_players_csv,ryan_sessegnon_2000
1992_51,武藤 嘉紀,y muto,"[""Y. Mutō""]",Japan,"ST,CF",Attack,1992,,,false,[],[],Japan,,Medium,1325,fifa_players_csv,1992_51
bernardo_jose_espinosa_zuniga_1989,Bernardo José Espinosa Zúñiga,bernardo jose espinosa zuniga b espinosa zuniga,"[""B. Espinosa"",""Bernardo José Espinosa Zúñiga"",""Zúñiga""]",Colombia,CB,Defence,1989,,,false,[],[],Colombia,,Medium,1324,fifa_players_csv,bernardo_jose_espinosa_zuniga_1989
da_conceicao_fernando_henrique_1993,Da Conceição Fernando Henrique,da conceicao fernando henrique fernandinho henrique,"[""Fernandinho"",""Da Conceição Fernando Henrique"",""Henrique""]",Brazil,"CAM,RM",Midfield,1993,,,false,[],[],Brazil,,Medium,1324,fifa_players_csv,da_conceicao_fernando_henrique_1993
fabio_pereira_da_silva_1990,Fábio Pereira da Silva,fabio pereira da silva fabio silva,"[""Fábio"",""Fábio Pereira da Silva"",""Silva""]",Brazil,"LB,RB",Defence,1990,,,false,[],[],Brazil,,Medium,1324,fifa_players_csv,fabio_pereira_da_silva_1990
joao_pedro_barradas_novais_1993,João Pedro Barradas Novais,joao pedro barradas novais joao novais novais,"[""João Novais"",""João Pedro Barradas Novais"",""Novais""]",Portugal,"CM,CAM,RM,LM",Midfield,1993,,,false,[],[],Portugal,,Medium,1324,fifa_players_csv,joao_pedro_barradas_novais_1993
jose_angel_valdes_diaz_1989,José Ángel Valdés Díaz,jose angel valdes diaz cote diaz,"[""Cote"",""José Ángel Valdés Díaz"",""Díaz""]",Spain,LB,Defence,1989,,,false,[],[],Spain,,Medium,1324,fifa_players_csv,jose_angel_valdes_diaz_1989
juan_miguel_jimenez_lopez_1993,Juan Miguel Jiménez López,juan miguel jimenez lopez juanmi lopez,"[""Juanmi"",""Juan Miguel Jiménez López"",""López""]",Spain,"LW,ST,LM,CAM",Attack,1993,,,false,[],[],Spain,,Medium,1324,fifa_players_csv,juan_miguel_jimenez_lopez_1993
justin_kluivert_1999,Justin Kluivert,justin kluivert j kluivert kluivert,"[""J. Kluivert"",""Justin Kluivert"",""Kluivert""]",Netherlands,"LW,RW",Attack,1999,,,false,[],[],Netherlands,,Medium,1324,fifa_players_csv,justin_kluivert_1999
luca_caldirola_1991,Luca Caldirola,luca caldirola l caldirola caldirola,"[""L. Caldirola"",""Luca Caldirola"",""Caldirola""]",Italy,"CB,LB",Defence,1991,,,false,[],[],Italy,,Medium,1324,fifa_players_csv,luca_caldirola_1991
mauricio_jose_da_silveira_junior_1988,Maurício José da Silveira Júnior,mauricio jose da silveira junior mauricio junior,"[""Maurício"",""Maurício José da Silveira Júnior"",""Júnior""]",Brazil,CDM,Midfield,1988,,,false,[],[],Brazil,,Medium,1324,fifa_players_csv,mauricio_jose_da_silveira_junior_1988
michael_krohn_dehli_1983,Michael Krohn-Dehli,michael krohn dehli m krohn dehli krohn dehli,"[""M. Krohn-Dehli"",""Michael Krohn-Dehli"",""Krohn-Dehli""]",Denmark,"CM,LM,CDM,CAM",Midfield,1983,,,false,[],[],Denmark,,Medium,1324,fifa_players_csv,michael_krohn_dehli_1983
radim_reznik_1989,Radim Řezník,radim reznik r reznik reznik,"[""R. Řezník"",""Radim Řezník"",""Řezník""]",Czech Republic,"RB,LB",Defence,1989,,,false,[],[],Czech Republic,,Medium,1324,fifa_players_csv,radim_reznik_1989
ravel_morrison_1993,Ravel Morrison,ravel morrison r morrison morrison,"[""R. Morrison"",""Ravel Morrison"",""Morrison""]",England,"CAM,CM",Midfield,1993,,,false,[],[],England,,Medium,1324,fifa_players_csv,ravel_morrison_1993
sekou_junior_sanogo_1989,Sekou Junior Sanogo,sekou junior sanogo s sanogo sanogo,"[""S. Sanogo"",""Sekou Junior Sanogo"",""Sanogo""]",Ivory Coast,"CDM,CM",Midfield,1989,,,false,[],[],Ivory Coast,,Medium,1324,fifa_players_csv,sekou_junior_sanogo_1989
viktor_vasin_1988,Viktor Vasin,viktor vasin v vasin vasin,"[""V. Vasin"",""Viktor Vasin"",""Vasin""]",Russia,CB,Defence,1988,,,false,[],[],Russia,,Medium,1324,fifa_players_csv,viktor_vasin_1988
adrien_thomasson_1993,Adrien Thomasson,adrien thomasson a thomasson thomasson,"[""A. Thomasson"",""Adrien Thomasson"",""Thomasson""]",France,"CAM,CM,CF",Midfield,1993,,,false,[],[],France,,Medium,1323,fifa_players_csv,adrien_thomasson_1993
alfredo_jose_morelos_avilez_1996,Alfredo José Morelos Aviléz,alfredo jose morelos avilez a morelos avilez,"[""A. Morelos"",""Alfredo José Morelos Aviléz"",""Aviléz""]",Colombia,ST,Attack,1996,,,false,[],[],Colombia,,Medium,1323,fifa_players_csv,alfredo_jose_morelos_avilez_1996
aymen_abdennour_1989,Aymen Abdennour,aymen abdennour a abdennour abdennour,"[""A. Abdennour"",""Aymen Abdennour"",""Abdennour""]",Tunisia,CB,Defence,1989,,,false,[],[],Tunisia,,Medium,1323,fifa_players_csv,aymen_abdennour_1989
baptiste_santamaria_1995,Baptiste Santamaria,baptiste santamaria b santamaria santamaria,"[""B. Santamaria"",""Baptiste Santamaria"",""Santamaria""]",France,"CDM,CM",Midfield,1995,,,false,[],[],France,,Medium,1323,fifa_players_csv,baptiste_santamaria_1995
chinedu_obasi_ogbuke_1986,Chinedu Obasi Ogbuke,chinedu obasi ogbuke c obasi ogbuke,"[""C. Obasi"",""Chinedu Obasi Ogbuke"",""Ogbuke""]",Nigeria,ST,Attack,1986,,,false,[],[],Nigeria,,Medium,1323,fifa_players_csv,chinedu_obasi_ogbuke_1986
danny_ings_1992,Danny Ings,danny ings d ings ings,"[""D. Ings"",""Danny Ings"",""Ings""]",England,ST,Attack,1992,,,false,[],[],England,,Medium,1323,fifa_players_csv,danny_ings_1992
gregory_sertic_1989,Grégory Sertic,gregory sertic g sertic sertic,"[""G. Sertic"",""Grégory Sertic"",""Sertic""]",France,"CB,CDM",Defence,1989,,,false,[],[],France,,Medium,1323,fifa_players_csv,gregory_sertic_1989
gustavo_adrian_ramos_vasquez_1986,Gustavo Adrián Ramos Vásquez,gustavo adrian ramos vasquez a ramos vasquez,"[""A. Ramos"",""Gustavo Adrián Ramos Vásquez"",""Vásquez""]",Colombia,ST,Attack,1986,,,false,[],[],Colombia,,Medium,1323,fifa_players_csv,gustavo_adrian_ramos_vasquez_1986
ivan_ordets_1992,Ivan Ordets,ivan ordets i ordets ordets,"[""I. Ordets"",""Ivan Ordets"",""Ordets""]",Ukraine,CB,Defence,1992,,,false,[],[],Ukraine,,Medium,1323,fifa_players_csv,ivan_ordets_1992
jovane_eduardo_borges_cabral_1998,Jovane Eduardo Borges Cabral,jovane eduardo borges cabral jovane cabral cabral,"[""Jovane Cabral"",""Jovane Eduardo Borges Cabral"",""Cabral""]",Cape Verde,"LW,RW",Attack,1998,,,false,[],[],Cape Verde,,Medium,1323,fifa_players_csv,jovane_eduardo_borges_cabral_1998
jules_kounde_1998,Jules Koundé,jules kounde j kounde kounde,"[""J. Koundé"",""Jules Koundé"",""Koundé""]",France,CB,Defence,1998,,,false,[],[],France,,Medium,1323,fifa_players_csv,jules_kounde_1998
lisandro_magallan_1993,Lisandro Magallán,lisandro magallan l magallan magallan,"[""L. Magallán"",""Lisandro Magallán"",""Magallán""]",Argentina,CB,Defence,1993,,,false,[],[],Argentina,,Medium,1323,fifa_players_csv,lisandro_magallan_1993
maciej_rybus_1989,Maciej Rybus,maciej rybus m rybus rybus,"[""M. Rybus"",""Maciej Rybus"",""Rybus""]",Poland,"LB,LM",Defence,1989,,,false,[],[],Poland,,Medium,1323,fifa_players_csv,maciej_rybus_1989
martin_terrier_1997,Martin Terrier,martin terrier m terrier terrier,"[""M. Terrier"",""Martin Terrier"",""Terrier""]",France,"LW,ST,LM",Attack,1997,,,false,[],[],France,,Medium,1323,fifa_players_csv,martin_terrier_1997
mauro_wilney_arambarri_rosa_1995,Mauro Wilney Arambarri Rosa,mauro wilney arambarri rosa m arambarri rosa,"[""M. Arambarri"",""Mauro Wilney Arambarri Rosa"",""Rosa""]",Uruguay,"CDM,CM",Midfield,1995,,,false,[],[],Uruguay,,Medium,1323,fifa_players_csv,mauro_wilney_arambarri_rosa_1995
nathaniel_chalobah_1994,Nathaniel Chalobah,nathaniel chalobah n chalobah chalobah,"[""N. Chalobah"",""Nathaniel Chalobah"",""Chalobah""]",England,"CDM,CM",Midfield,1994,,,false,[],[],England,,Medium,1323,fifa_players_csv,nathaniel_chalobah_1994
nicolas_lombaerts_1985,Nicolas Lombaerts,nicolas lombaerts n lombaerts lombaerts,"[""N. Lombaerts"",""Nicolas Lombaerts"",""Lombaerts""]",Belgium,CB,Defence,1985,,,false,[],[],Belgium,,Medium,1323,fifa_players_csv,nicolas_lombaerts_1985
nikica_jelavic_1985,Nikica Jelavić,nikica jelavic n jelavic jelavic,"[""N. Jelavić"",""Nikica Jelavić"",""Jelavić""]",Croatia,ST,Attack,1985,,,false,[],[],Croatia,,Medium,1323,fifa_players_csv,nikica_jelavic_1985
omar_colley_1992,Omar Colley,omar colley o colley colley,"[""O. Colley"",""Omar Colley"",""Colley""]",Gambia,CB,Defence,1992,,,false,[],[],Gambia,,Medium,1323,fifa_players_csv,omar_colley_1992
oscar_melendo_jimenez_1997,Óscar Melendo Jiménez,oscar melendo jimenez melendo jimenez,"[""Melendo"",""Óscar Melendo Jiménez"",""Jiménez""]",Spain,"RM,LM,CAM",Midfield,1997,,,false,[],[],Spain,,Medium,1323,fifa_players_csv,oscar_melendo_jimenez_1997
riza_durmisi_1994,Riza Durmisi,riza durmisi r durmisi durmisi,"[""R. Durmisi"",""Riza Durmisi"",""Durmisi""]",Denmark,"LB,LWB",Defence,1994,,,false,[],[],Denmark,,Medium,1323,fifa_players_csv,riza_durmisi_1994
ron_vlaar_1985,Ron Vlaar,ron vlaar r vlaar vlaar,"[""R. Vlaar"",""Ron Vlaar"",""Vlaar""]",Netherlands,CB,Defence,1985,,,false,[],[],Netherlands,,Medium,1323,fifa_players_csv,ron_vlaar_1985
ruben_blanco_veiga_1995,Rubén Blanco Veiga,ruben blanco veiga ruben blanco veiga,"[""Rubén Blanco"",""Rubén Blanco Veiga"",""Veiga""]",Spain,GK,Goalkeeper,1995,,,false,[],[],Spain,,Medium,1323,fifa_players_csv,ruben_blanco_veiga_1995
ruben_duarte_sanchez_1995,Rubén Duarte Sánchez,ruben duarte sanchez ruben duarte sanchez,"[""Rubén Duarte"",""Rubén Duarte Sánchez"",""Sánchez""]",Spain,LB,Defence,1995,,,false,[],[],Spain,,Medium,1323,fifa_players_csv,ruben_duarte_sanchez_1995
ruben_miguel_nunes_vezo_1994,Rúben Miguel Nunes Vezo,ruben miguel nunes vezo ruben vezo vezo,"[""Rúben Vezo"",""Rúben Miguel Nunes Vezo"",""Vezo""]",Portugal,"CB,RB",Defence,1994,,,false,[],[],Portugal,,Medium,1323,fifa_players_csv,ruben_miguel_nunes_vezo_1994
ruben_sobrino_pozuelo_1992,Rubén Sobrino Pozuelo,ruben sobrino pozuelo ruben sobrino pozuelo,"[""Rubén Sobrino"",""Rubén Sobrino Pozuelo"",""Pozuelo""]",Spain,"ST,RM",Attack,1992,,,false,[],[],Spain,,Medium,1323,fifa_players_csv,ruben_sobrino_pozuelo_1992
runar_alex_runarsson_1995,Rúnar Alex Rúnarsson,runar alex runarsson r runarsson runarsson,"[""R. Rúnarsson"",""Rúnar Alex Rúnarsson"",""Rúnarsson""]",Iceland,GK,Goalkeeper,1995,,,false,[],[],Iceland,,Medium,1323,fifa_players_csv,runar_alex_runarsson_1995
samuel_gigot_1993,Samuel Gigot,samuel gigot s gigot gigot,"[""S. Gigot"",""Samuel Gigot"",""Gigot""]",France,CB,Defence,1993,,,false,[],[],France,,Medium,1323,fifa_players_csv,samuel_gigot_1993
santiago_juan_gentiletti_selak_1985,Santiago Juan Gentiletti Selak,santiago juan gentiletti selak s gentiletti selak,"[""S. Gentiletti"",""Santiago Juan Gentiletti Selak"",""Selak""]",Argentina,CB,Defence,1985,,,false,[],[],Argentina,,Medium,1323,fifa_players_csv,santiago_juan_gentiletti_selak_1985
tammy_abraham_1997,Tammy Abraham,tammy abraham t abraham abraham,"[""T. Abraham"",""Tammy Abraham"",""Abraham""]",England,ST,Attack,1997,,,false,[],[],England,,Medium,1323,fifa_players_csv,tammy_abraham_1997
timo_baumgartl_1996,Timo Baumgartl,timo baumgartl t baumgartl baumgartl,"[""T. Baumgartl"",""Timo Baumgartl"",""Baumgartl""]",Germany,"CB,RB",Defence,1996,,,false,[],[],Germany,,Medium,1323,fifa_players_csv,timo_baumgartl_1996
timothy_weah_2000,Timothy Weah,timothy weah t weah weah,"[""T. Weah"",""Timothy Weah"",""Weah""]",United States,"ST,LW",Attack,2000,,,false,[],[],United States,,Medium,1323,fifa_players_csv,timothy_weah_2000
adama_soumaoro_1992,Adama Soumaoro,adama soumaoro a soumaoro soumaoro,"[""A. Soumaoro"",""Adama Soumaoro"",""Soumaoro""]",France,CB,Defence,1992,,,false,[],[],France,,Medium,1322,fifa_players_csv,adama_soumaoro_1992
aritz_elustondo_1994,Aritz Elustondo,aritz elustondo,"[""Aritz Elustondo""]",Spain,"CB,RB",Defence,1994,,,false,[],[],Spain,,Medium,1322,fifa_players_csv,aritz_elustondo_1994
brandon_mechele_1993,Brandon Mechele,brandon mechele b mechele mechele,"[""B. Mechele"",""Brandon Mechele"",""Mechele""]",Belgium,CB,Defence,1993,,,false,[],[],Belgium,,Medium,1322,fifa_players_csv,brandon_mechele_1993
carlos_salcedo_1993,Carlos Salcedo,carlos salcedo c salcedo salcedo,"[""C. Salcedo"",""Carlos Salcedo"",""Salcedo""]",Mexico,CB,Defence,1993,,,false,[],[],Mexico,,Medium,1322,fifa_players_csv,carlos_salcedo_1993
dalbert_henrique_chagas_estevao_1993,Dalbert Henrique Chagas Estevão,dalbert henrique chagas estevao dalbert estevao,"[""Dalbert"",""Dalbert Henrique Chagas Estevão"",""Estevão""]",Brazil,LB,Defence,1993,,,false,[],[],Brazil,,Medium,1322,fifa_players_csv,dalbert_henrique_chagas_estevao_1993
damian_nicolas_suarez_suarez_1988,Damián Nicolás Suárez Suárez,damian nicolas suarez suarez d suarez suarez,"[""D. Suárez"",""Damián Nicolás Suárez Suárez"",""Suárez""]",Uruguay,RB,Defence,1988,,,false,[],[],Uruguay,,Medium,1322,fifa_players_csv,damian_nicolas_suarez_suarez_1988
danilo_manuel_vieira_espindola_1988,Danilo Manuel Vieira Espíndola,danilo manuel vieira espindola vieirundinho espindola,"[""Vieirundinho"",""Danilo Manuel Vieira Espíndola"",""Espíndola""]",Brazil,CB,Defence,1988,,,false,[],[],Brazil,,Medium,1322,fifa_players_csv,danilo_manuel_vieira_espindola_1988
eder_fabian_alvarez_balanta_1993,Éder Fabián Álvarez Balanta,eder fabian alvarez balanta e balanta balanta,"[""E. Balanta"",""Éder Fabián Álvarez Balanta"",""Balanta""]",Colombia,"CB,CDM",Defence,1993,,,false,[],[],Colombia,,Medium,1322,fifa_players_csv,eder_fabian_alvarez_balanta_1993
emil_audero_1997,Emil Audero,emil audero e audero audero,"[""E. Audero"",""Emil Audero"",""Audero""]",Italy,GK,Goalkeeper,1997,,,false,[],[],Italy,,Medium,1322,fifa_players_csv,emil_audero_1997
fernando_lopes_dos_santos_varela_1987,Fernando Lopes dos Santos Varela,fernando lopes dos santos varela varela,"[""Varela"",""Fernando Lopes dos Santos Varela""]",Cape Verde,CB,Defence,1987,,,false,[],[],Cape Verde,,Medium,1322,fifa_players_csv,fernando_lopes_dos_santos_varela_1987
gedson_carvalho_fernandes_1999,Gedson Carvalho Fernandes,gedson carvalho fernandes gedson fernandes fernandes,"[""Gedson Fernandes"",""Gedson Carvalho Fernandes"",""Fernandes""]",Portugal,CM,Midfield,1999,,,false,[],[],Portugal,,Medium,1322,fifa_players_csv,gedson_carvalho_fernandes_1999
giancarlo_gonzalez_castro_1988,Giancarlo González Castro,giancarlo gonzalez castro g gonzalez castro,"[""G. González"",""Giancarlo González Castro"",""Castro""]",Costa Rica,CB,Defence,1988,,,false,[],[],Costa Rica,,Medium,1322,fifa_players_csv,giancarlo_gonzalez_castro_1988
manuel_schmiedebach_1988,Manuel Schmiedebach,manuel schmiedebach m schmiedebach schmiedebach,"[""M. Schmiedebach"",""Manuel Schmiedebach"",""Schmiedebach""]",Germany,CDM,Midfield,1988,,,false,[],[],Germany,,Medium,1322,fifa_players_csv,manuel_schmiedebach_1988
marek_suchy_1988,Marek Suchý,marek suchy m suchy suchy,"[""M. Suchý"",""Marek Suchý"",""Suchý""]",Czech Republic,CB,Defence,1988,,,false,[],[],Czech Republic,,Medium,1322,fifa_players_csv,marek_suchy_1988
matthew_lowton_1989,Matthew Lowton,matthew lowton m lowton lowton,"[""M. Lowton"",""Matthew Lowton"",""Lowton""]",England,RB,Defence,1989,,,false,[],[],England,,Medium,1322,fifa_players_csv,matthew_lowton_1989
nicolas_santiago_bertolo_1986,Nicolás Santiago Bertolo,nicolas santiago bertolo n bertolo bertolo,"[""N. Bertolo"",""Nicolás Santiago Bertolo"",""Bertolo""]",Argentina,LM,Midfield,1986,,,false,[],[],Argentina,,Medium,1322,fifa_players_csv,nicolas_santiago_bertolo_1986
pablo_perez_1985,Pablo Pérez,pablo perez p perez perez,"[""P. Pérez"",""Pablo Pérez"",""Pérez""]",Argentina,CM,Midfield,1985,,,false,[],[],Argentina,,Medium,1322,fifa_players_csv,pablo_perez_1985
rolando_mandragora_1997,Rolando Mandragora,rolando mandragora r mandragora mandragora,"[""R. Mandragora"",""Rolando Mandragora"",""Mandragora""]",Italy,"CM,CDM",Midfield,1997,,,false,[],[],Italy,,Medium,1322,fifa_players_csv,rolando_mandragora_1997
stefano_denswil_1993,Stefano Denswil,stefano denswil s denswil denswil,"[""S. Denswil"",""Stefano Denswil"",""Denswil""]",Netherlands,CB,Defence,1993,,,false,[],[],Netherlands,,Medium,1322,fifa_players_csv,stefano_denswil_1993
victor_sanchez_mata_1987,Víctor Sánchez Mata,victor sanchez mata victor sanchez mata,"[""Victor Sánchez"",""Víctor Sánchez Mata"",""Mata""]",Spain,"CDM,CM,RB,RM",Midfield,1987,,,false,[],[],Spain,,Medium,1322,fifa_players_csv,victor_sanchez_mata_1987
yoan_gouffran_1986,Yoan Gouffran,yoan gouffran y gouffran gouffran,"[""Y. Gouffran"",""Yoan Gouffran"",""Gouffran""]",France,"LM,RM",Midfield,1986,,,false,[],[],France,,Medium,1322,fifa_players_csv,yoan_gouffran_1986
adam_ounas_1996,Adam Ounas,adam ounas a ounas ounas,"[""A. Ounas"",""Adam Ounas"",""Ounas""]",Algeria,"RW,LM",Attack,1996,,,false,[],[],Algeria,,Medium,1321,fifa_players_csv,adam_ounas_1996
claudio_ariel_yacob_1987,Claudio Ariel Yacob,claudio ariel yacob c yacob yacob,"[""C. Yacob"",""Claudio Ariel Yacob"",""Yacob""]",Argentina,"CDM,CM",Midfield,1987,,,false,[],[],Argentina,,Medium,1321,fifa_players_csv,claudio_ariel_yacob_1987
jarlan_barrera_1995,Jarlan Barrera,jarlan barrera j barrera barrera,"[""J. Barrera"",""Jarlan Barrera"",""Barrera""]",Colombia,"CAM,RM",Midfield,1995,,,false,[],[],Colombia,,Medium,1321,fifa_players_csv,jarlan_barrera_1995
nanitamo_jonathan_ikone_1998,Nanitamo Jonathan Ikoné,nanitamo jonathan ikone j ikone ikone,"[""J. Ikoné"",""Nanitamo Jonathan Ikoné"",""Ikoné""]",France,"CAM,RM",Midfield,1998,,,false,[],[],France,,Medium,1321,fifa_players_csv,nanitamo_jonathan_ikone_1998
nikola_vlasic_1997,Nikola Vlašić,nikola vlasic n vlasic vlasic,"[""N. Vlašić"",""Nikola Vlašić"",""Vlašić""]",Croatia,"RM,CAM",Midfield,1997,,,false,[],[],Croatia,,Medium,1321,fifa_players_csv,nikola_vlasic_1997
richard_keogh_1986,Richard Keogh,richard keogh r keogh keogh,"[""R. Keogh"",""Richard Keogh"",""Keogh""]",Republic of Ireland,CB,Defence,1986,,,false,[],[],Republic of Ireland,,Medium,1321,fifa_players_csv,richard_keogh_1986
ryan_shawcross_1987,Ryan Shawcross,ryan shawcross r shawcross shawcross,"[""R. Shawcross"",""Ryan Shawcross"",""Shawcross""]",England,CB,Defence,1987,,,false,[],[],England,,Medium,1321,fifa_players_csv,ryan_shawcross_1987
adrian_embarba_blazquez_1992,Adrián Embarba Blazquez,adrian embarba blazquez embarba blazquez,"[""Embarba"",""Adrián Embarba Blazquez"",""Blazquez""]",Spain,"RM,ST,LM",Midfield,1992,,,false,[],[],Spain,,Medium,1320,fifa_players_csv,adrian_embarba_blazquez_1992
alan_javier_franco_1996,Alan Javier Franco,alan javier franco a franco franco,"[""A. Franco"",""Alan Javier Franco"",""Franco""]",Argentina,CB,Defence,1996,,,false,[],[],Argentina,,Medium,1320,fifa_players_csv,alan_javier_franco_1996
alejandro_donatti_1986,Alejandro Donatti,alejandro donatti a donatti donatti,"[""A. Donatti"",""Alejandro Donatti"",""Donatti""]",Argentina,CB,Defence,1986,,,false,[],[],Argentina,,Medium,1320,fifa_players_csv,alejandro_donatti_1986
anaitz_arbilla_zabala_1987,Anaitz Arbilla Zabala,anaitz arbilla zabala arbilla zabala,"[""Arbilla"",""Anaitz Arbilla Zabala"",""Zabala""]",Spain,"CB,RB,LB",Defence,1987,,,false,[],[],Spain,,Medium,1320,fifa_players_csv,anaitz_arbilla_zabala_1987
andre_gray_1991,Andre Gray,andre gray a gray gray,"[""A. Gray"",""Andre Gray"",""Gray""]",England,ST,Attack,1991,,,false,[],[],England,,Medium,1320,fifa_players_csv,andre_gray_1991
antonio_barragan_fernandez_1987,Antonio Barragán Fernández,antonio barragan fernandez barragan fernandez,"[""Barragán"",""Antonio Barragán Fernández"",""Fernández""]",Spain,"RWB,RB,RM",Defence,1987,,,false,[],[],Spain,,Medium,1320,fifa_players_csv,antonio_barragan_fernandez_1987
birger_solberg_meling_1994,Birger Solberg Meling,birger solberg meling b meling meling,"[""B. Meling"",""Birger Solberg Meling"",""Meling""]",Norway,"LB,CDM",Defence,1994,,,false,[],[],Norway,,Medium,1320,fifa_players_csv,birger_solberg_meling_1994
felix_klaus_1992,Felix Klaus,felix klaus f klaus klaus,"[""F. Klaus"",""Felix Klaus"",""Klaus""]",Germany,"RM,LM,LW",Midfield,1992,,,false,[],[],Germany,,Medium,1320,fifa_players_csv,felix_klaus_1992
flavien_tait_1993,Flavien Tait,flavien tait f tait tait,"[""F. Tait"",""Flavien Tait"",""Tait""]",France,"LW,LM,CM",Attack,1993,,,false,[],[],France,,Medium,1320,fifa_players_csv,flavien_tait_1993
guillermo_matias_fernandez_1991,Guillermo Matías Fernández,guillermo matias fernandez g fernandez fernandez,"[""G. Fernández"",""Guillermo Matías Fernández"",""Fernández""]",Argentina,"CAM,LM",Midfield,1991,,,false,[],[],Argentina,,Medium,1320,fifa_players_csv,guillermo_matias_fernandez_1991
joao_pedro_geraldino_dos_santos_galvao_1992,João Pedro Geraldino dos Santos Galvão,joao pedro geraldino dos santos galvao joao pedro galvao,"[""João Pedro"",""João Pedro Geraldino dos Santos Galvão"",""Galvão""]",Brazil,"CAM,CF,ST",Midfield,1992,,,false,[],[],Brazil,,Medium,1320,fifa_players_csv,joao_pedro_geraldino_dos_santos_galvao_1992
jon_da_i_bo_varsson_1992,Jón Daði Böðvarsson,jon da i bo varsson j bo varsson bo varsson,"[""J. Böðvarsson"",""Jón Daði Böðvarsson"",""Böðvarsson""]",Iceland,ST,Attack,1992,,,false,[],[],Iceland,,Medium,1320,fifa_players_csv,jon_da_i_bo_varsson_1992
jordi_masip_lopez_1989,Jordi Masip López,jordi masip lopez jordi masip lopez,"[""Jordi Masip"",""Jordi Masip López"",""López""]",Spain,GK,Goalkeeper,1989,,,false,[],[],Spain,,Medium,1320,fifa_players_csv,jordi_masip_lopez_1989
marcelo_josemir_saracchi_pintos_1998,Marcelo Josemir Saracchi Pintos,marcelo josemir saracchi pintos m saracchi pintos,"[""M. Saracchi"",""Marcelo Josemir Saracchi Pintos"",""Pintos""]",Uruguay,LB,Defence,1998,,,false,[],[],Uruguay,,Medium,1320,fifa_players_csv,marcelo_josemir_saracchi_pintos_1998
mikel_merino_zazon_1996,Mikel Merino Zazón,mikel merino zazon merino zazon,"[""Merino"",""Mikel Merino Zazón"",""Zazón""]",Spain,"CM,CDM,LM",Midfield,1996,,,false,[],[],Spain,,Medium,1320,fifa_players_csv,mikel_merino_zazon_1996
naim_sliti_1992,Naïm Sliti,naim sliti n sliti sliti,"[""N. Sliti"",""Naïm Sliti"",""Sliti""]",Tunisia,"LW,CAM",Attack,1992,,,false,[],[],Tunisia,,Medium,1320,fifa_players_csv,naim_sliti_1992
ondrej_kolar_1994,Ondřej Kolář,ondrej kolar o kolar kolar,"[""O. Kolář"",""Ondřej Kolář"",""Kolář""]",Czech Republic,GK,Goalkeeper,1994,,,false,[],[],Czech Republic,,Medium,1320,fifa_players_csv,ondrej_kolar_1994
oscar_romero_1992,Óscar Romero,oscar romero o romero romero,"[""O. Romero"",""Óscar Romero"",""Romero""]",Paraguay,"RM,CAM,LM",Midfield,1992,,,false,[],[],Paraguay,,Medium,1320,fifa_players_csv,oscar_romero_1992
tom_davies_1998,Tom Davies,tom davies t davies davies,"[""T. Davies"",""Tom Davies"",""Davies""]",England,"CM,CAM,CDM",Midfield,1998,,,false,[],[],England,,Medium,1320,fifa_players_csv,tom_davies_1998
yvon_mvogo_1994,Yvon Mvogo,yvon mvogo y mvogo mvogo,"[""Y. Mvogo"",""Yvon Mvogo"",""Mvogo""]",Switzerland,GK,Goalkeeper,1994,,,false,[],[],Switzerland,,Medium,1320,fifa_players_csv,yvon_mvogo_1994
1991,武磊,wu lei,"[""Wu Lei""]",China PR,"ST,RW,LW,CF",Attack,1991,,,false,[],[],China PR,,Medium,1320,fifa_players_csv,1991
abdoulaye_toure_1994,Abdoulaye Touré,abdoulaye toure a toure toure,"[""A. Touré"",""Abdoulaye Touré"",""Touré""]",France,"CDM,CM",Midfield,1994,,,false,[],[],France,,Medium,1319,fifa_players_csv,abdoulaye_toure_1994
christophe_herelle_1992,Christophe Hérelle,christophe herelle c herelle herelle,"[""C. Hérelle"",""Christophe Hérelle"",""Hérelle""]",France,CB,Defence,1992,,,false,[],[],France,,Medium,1319,fifa_players_csv,christophe_herelle_1992
fabrice_ondoa_1995,Fabrice Ondoa,fabrice ondoa f ondoa ondoa,"[""F. Ondoa"",""Fabrice Ondoa"",""Ondoa""]",Cameroon,GK,Goalkeeper,1995,,,false,[],[],Cameroon,,Medium,1319,fifa_players_csv,fabrice_ondoa_1995
landry_dimata_1997,Landry Dimata,landry dimata l dimata dimata,"[""L. Dimata"",""Landry Dimata"",""Dimata""]",Belgium,ST,Attack,1997,,,false,[],[],Belgium,,Medium,1319,fifa_players_csv,landry_dimata_1997
marcus_thuram_1997,Marcus Thuram,marcus thuram m thuram thuram,"[""M. Thuram"",""Marcus Thuram"",""Thuram""]",France,"LM,ST",Midfield,1997,,,false,[],[],France,,Medium,1319,fifa_players_csv,marcus_thuram_1997
nikola_vukcevic_1991,Nikola Vukčević,nikola vukcevic n vukcevic vukcevic,"[""N. Vukčević"",""Nikola Vukčević"",""Vukčević""]",Montenegro,"CDM,CM",Midfield,1991,,,false,[],[],Montenegro,,Medium,1319,fifa_players_csv,nikola_vukcevic_1991
robert_skov_1996,Robert Skov,robert skov r skov skov,"[""R. Skov"",""Robert Skov"",""Skov""]",Denmark,RM,Midfield,1996,,,false,[],[],Denmark,,Medium,1319,fifa_players_csv,robert_skov_1996
solomon_kverkvelia_1992,Solomon Kverkvelia,solomon kverkvelia s kverkvelia kverkvelia,"[""S. Kverkvelia"",""Solomon Kverkvelia"",""Kverkvelia""]",Georgia,CB,Defence,1992,,,false,[],[],Georgia,,Medium,1319,fifa_players_csv,solomon_kverkvelia_1992
tom_huddlestone_1986,Tom Huddlestone,tom huddlestone t huddlestone huddlestone,"[""T. Huddlestone"",""Tom Huddlestone"",""Huddlestone""]",England,CDM,Midfield,1986,,,false,[],[],England,,Medium,1319,fifa_players_csv,tom_huddlestone_1986
youssef_ait_bennasser_1996,Youssef Aït Bennasser,youssef ait bennasser y ait bennasser bennasser,"[""Y. Aït Bennasser"",""Youssef Aït Bennasser"",""Bennasser""]",Morocco,"CM,CDM",Midfield,1996,,,false,[],[],Morocco,,Medium,1319,fifa_players_csv,youssef_ait_bennasser_1996
alberto_grassi_1995,Alberto Grassi,alberto grassi a grassi grassi,"[""A. Grassi"",""Alberto Grassi"",""Grassi""]",Italy,CM,Midfield,1995,,,false,[],[],Italy,,Medium,1318,fifa_players_csv,alberto_grassi_1995
anthony_knockaert_1991,Anthony Knockaert,anthony knockaert a knockaert knockaert,"[""A. Knockaert"",""Anthony Knockaert"",""Knockaert""]",France,RM,Midfield,1991,,,false,[],[],France,,Medium,1318,fifa_players_csv,anthony_knockaert_1991
fabricio_martin_agosto_ramirez_1987,Fabricio Martín Agosto Ramírez,fabricio martin agosto ramirez fabricio ramirez,"[""Fabricio"",""Fabricio Martín Agosto Ramírez"",""Ramírez""]",Spain,GK,Goalkeeper,1987,,,false,[],[],Spain,,Medium,1318,fifa_players_csv,fabricio_martin_agosto_ramirez_1987
federico_fernando_higuain_1984,Federico Fernando Higuaín,federico fernando higuain f higuain higuain,"[""F. Higuaín"",""Federico Fernando Higuaín"",""Higuaín""]",Argentina,CAM,Midfield,1984,,,false,[],[],Argentina,,Medium,1318,fifa_players_csv,federico_fernando_higuain_1984
jaime_andres_valdes_zapata_1981,Jaime Andrés Valdés Zapata,jaime andres valdes zapata j valdes zapata,"[""J. Valdés"",""Jaime Andrés Valdés Zapata"",""Zapata""]",Chile,CM,Midfield,1981,,,false,[],[],Chile,,Medium,1318,fifa_players_csv,jaime_andres_valdes_zapata_1981
juan_daniel_roa_reyes_1991,Juan Daniel Roa Reyes,juan daniel roa reyes j roa reyes,"[""J. Roa"",""Juan Daniel Roa Reyes"",""Reyes""]",Colombia,"CM,RM,CDM",Midfield,1991,,,false,[],[],Independiente Santa Fe,,Medium,1318,fifa_players_csv,juan_daniel_roa_reyes_1991
panagiotis_retsos_1998,Panagiotis Retsos,panagiotis retsos p retsos retsos,"[""P. Retsos"",""Panagiotis Retsos"",""Retsos""]",Greece,"CB,RB,LB",Defence,1998,,,false,[],[],Greece,,Medium,1318,fifa_players_csv,panagiotis_retsos_1998
regis_gurtner_1986,Régis Gurtner,regis gurtner r gurtner gurtner,"[""R. Gurtner"",""Régis Gurtner"",""Gurtner""]",France,GK,Goalkeeper,1986,,,false,[],[],France,,Medium,1318,fifa_players_csv,regis_gurtner_1986
renato_steffen_1991,Renato Steffen,renato steffen r steffen steffen,"[""R. Steffen"",""Renato Steffen"",""Steffen""]",Switzerland,"RW,LM,RM",Attack,1991,,,false,[],[],Switzerland,,Medium,1318,fifa_players_csv,renato_steffen_1991
youcef_attal_1996,Youcef Attal,youcef attal y atal attal,"[""Y. Atal"",""Youcef Attal"",""Attal""]",Algeria,"RB,RWB",Defence,1996,,,false,[],[],Algeria,,Medium,1318,fifa_players_csv,youcef_attal_1996
1980,中村 宪剛,k nakamura,"[""K. Nakamura""]",Japan,"CAM,CM,CDM",Midfield,1980,,,false,[],[],Japan,,Medium,1318,fifa_players_csv,1980
alberth_elis_1996,Alberth Elis,alberth elis a elis elis,"[""A. Elis"",""Alberth Elis"",""Elis""]",Honduras,"RM,RW,ST",Midfield,1996,,,false,[],[],Honduras,,Medium,1317,fifa_players_csv,alberth_elis_1996
alejandro_romero_gamarra_1995,Alejandro Romero Gamarra,alejandro romero gamarra kaku gamarra,"[""Kaku"",""Alejandro Romero Gamarra"",""Gamarra""]",Paraguay,CAM,Midfield,1995,,,false,[],[],Paraguay,,Medium,1317,fifa_players_csv,alejandro_romero_gamarra_1995
alessandro_matri_1984,Alessandro Matri,alessandro matri a matri matri,"[""A. Matri"",""Alessandro Matri"",""Matri""]",Italy,ST,Attack,1984,,,false,[],[],Italy,,Medium,1317,fifa_players_csv,alessandro_matri_1984
alexander_dominguez_carabali_1987,Alexander Domínguez Carabalí,alexander dominguez carabali a dominguez carabali,"[""A. Domínguez"",""Alexander Domínguez Carabalí"",""Carabalí""]",Ecuador,GK,Goalkeeper,1987,,,false,[],[],Vélez Sarsfield,,Medium,1317,fifa_players_csv,alexander_dominguez_carabali_1987
alfa_semedo_esteves_1997,Alfa Semedo Esteves,alfa semedo esteves alfa semedo esteves,"[""Alfa Semedo"",""Alfa Semedo Esteves"",""Esteves""]",Guinea Bissau,"CDM,CM,CB",Midfield,1997,,,false,[],[],Guinea Bissau,,Medium,1317,fifa_players_csv,alfa_semedo_esteves_1997
demarai_gray_1996,Demarai Gray,demarai gray d gray gray,"[""D. Gray"",""Demarai Gray"",""Gray""]",England,"LM,CF",Midfield,1996,,,false,[],[],England,,Medium,1317,fifa_players_csv,demarai_gray_1996
diego_rico_salguero_1993,Diego Rico Salguero,diego rico salguero diego rico salguero,"[""Diego Rico"",""Diego Rico Salguero"",""Salguero""]",Spain,"LB,LWB",Defence,1993,,,false,[],[],Spain,,Medium,1317,fifa_players_csv,diego_rico_salguero_1993
dodi_lukebakio_1997,Dodi Lukebakio,dodi lukebakio d lukebakio lukebakio,"[""D. Lukebakio"",""Dodi Lukebakio"",""Lukebakio""]",Belgium,"RM,ST",Midfield,1997,,,false,[],[],Belgium,,Medium,1317,fifa_players_csv,dodi_lukebakio_1997
dominic_calvert_lewin_1997,Dominic Calvert-Lewin,dominic calvert lewin d calvert lewin calvert lewin,"[""D. Calvert-Lewin"",""Dominic Calvert-Lewin"",""Calvert-Lewin""]",England,"ST,LM",Attack,1997,,,false,[],[],England,,Medium,1317,fifa_players_csv,dominic_calvert_lewin_1997
evan_n_dicka_1999,Evan N'Dicka,evan n dicka e n dicka n dicka,"[""E. N'Dicka"",""Evan N'Dicka"",""N'Dicka""]",France,CB,Defence,1999,,,false,[],[],France,,Medium,1317,fifa_players_csv,evan_n_dicka_1999
goncalo_mendes_paciencia_1994,Gonçalo Mendes Paciência,goncalo mendes paciencia goncalo paciencia paciencia,"[""Gonçalo Paciência"",""Gonçalo Mendes Paciência"",""Paciência""]",Portugal,ST,Attack,1994,,,false,[],[],Portugal,,Medium,1317,fifa_players_csv,goncalo_mendes_paciencia_1994
guilherme_dos_santos_torres_1991,Guilherme dos Santos Torres,guilherme dos santos torres guilherme torres,"[""Guilherme"",""Guilherme dos Santos Torres"",""Torres""]",Brazil,"CDM,CM",Midfield,1991,,,false,[],[],Brazil,,Medium,1317,fifa_players_csv,guilherme_dos_santos_torres_1991
jakub_brabec_1992,Jakub Brabec,jakub brabec j brabec brabec,"[""J. Brabec"",""Jakub Brabec"",""Brabec""]",Czech Republic,CB,Defence,1992,,,false,[],[],Czech Republic,,Medium,1317,fifa_players_csv,jakub_brabec_1992
joakim_m_hle_1997,Joakim Mæhle,joakim m hle j m hle m hle,"[""J. Mæhle"",""Joakim Mæhle"",""Mæhle""]",Denmark,RB,Defence,1997,,,false,[],[],Denmark,,Medium,1317,fifa_players_csv,joakim_m_hle_1997
luiz_felipe_ramos_marchi_1997,Luiz Felipe Ramos Marchi,luiz felipe ramos marchi luiz felipe marchi,"[""Luiz Felipe"",""Luiz Felipe Ramos Marchi"",""Marchi""]",Brazil,CB,Defence,1997,,,false,[],[],Brazil,,Medium,1317,fifa_players_csv,luiz_felipe_ramos_marchi_1997
nampalys_mendy_1992,Nampalys Mendy,nampalys mendy n mendy mendy,"[""N. Mendy"",""Nampalys Mendy"",""Mendy""]",France,"CDM,CM",Midfield,1992,,,false,[],[],France,,Medium,1317,fifa_players_csv,nampalys_mendy_1992
oussama_idrissi_1996,Oussama Idrissi,oussama idrissi o idrissi idrissi,"[""O. Idrissi"",""Oussama Idrissi"",""Idrissi""]",Morocco,"LW,RW",Attack,1996,,,false,[],[],Morocco,,Medium,1317,fifa_players_csv,oussama_idrissi_1996
romain_danze_1986,Romain Danzé,romain danze r danze danze,"[""R. Danzé"",""Romain Danzé"",""Danzé""]",France,RB,Defence,1986,,,false,[],[],France,,Medium,1317,fifa_players_csv,romain_danze_1986
steve_mounie_1994,Steve Mounié,steve mounie s mounie mounie,"[""S. Mounié"",""Steve Mounié"",""Mounié""]",Benin,ST,Attack,1994,,,false,[],[],Benin,,Medium,1317,fifa_players_csv,steve_mounie_1994
suat_serdar_1997,Suat Serdar,suat serdar s serdar serdar,"[""S. Serdar"",""Suat Serdar"",""Serdar""]",Germany,"CM,CDM,CAM",Midfield,1997,,,false,[],[],Germany,,Medium,1317,fifa_players_csv,suat_serdar_1997
tiago_alves_sales_1993,Tiago Alves Sales,tiago alves sales tiago sales,"[""Tiago"",""Tiago Alves Sales"",""Sales""]",Brazil,"ST,LM,CAM",Attack,1993,,,false,[],[],Brazil,,Medium,1317,fifa_players_csv,tiago_alves_sales_1993
vitor_hugo_franchescoli_de_souza_1991,Vitor Hugo Franchescoli de Souza,vitor hugo franchescoli de souza vitor hugo souza,"[""Vitor Hugo"",""Vitor Hugo Franchescoli de Souza"",""Souza""]",Brazil,CB,Defence,1991,,,false,[],[],Brazil,,Medium,1317,fifa_players_csv,vitor_hugo_franchescoli_de_souza_1991
abdoulay_diaby_1991,Abdoulay Diaby,abdoulay diaby a diaby diaby,"[""A. Diaby"",""Abdoulay Diaby"",""Diaby""]",Mali,"RW,ST",Attack,1991,,,false,[],[],Mali,,Medium,1316,fifa_players_csv,abdoulay_diaby_1991
alfred_benjamin_gomis_1993,Alfred Benjamin Gomis,alfred benjamin gomis a gomis gomis,"[""A. Gomis"",""Alfred Benjamin Gomis"",""Gomis""]",Senegal,GK,Goalkeeper,1993,,,false,[],[],Senegal,,Medium,1316,fifa_players_csv,alfred_benjamin_gomis_1993
ashley_barnes_1989,Ashley Barnes,ashley barnes a barnes barnes,"[""A. Barnes"",""Ashley Barnes"",""Barnes""]",Austria,ST,Attack,1989,,,false,[],[],Austria,,Medium,1316,fifa_players_csv,ashley_barnes_1989
badou_ndiaye_1990,Badou Ndiaye,badou ndiaye b ndiaye ndiaye,"[""B. Ndiaye"",""Badou Ndiaye"",""Ndiaye""]",Senegal,"CM,CDM,CAM",Midfield,1990,,,false,[],[],Senegal,,Medium,1316,fifa_players_csv,badou_ndiaye_1990
bouna_sarr_1992,Bouna Sarr,bouna sarr b sarr sarr,"[""B. Sarr"",""Bouna Sarr"",""Sarr""]",France,"RB,RM",Defence,1992,,,false,[],[],France,,Medium,1316,fifa_players_csv,bouna_sarr_1992
charlie_austin_1989,Charlie Austin,charlie austin c austin austin,"[""C. Austin"",""Charlie Austin"",""Austin""]",England,ST,Attack,1989,,,false,[],[],England,,Medium,1316,fifa_players_csv,charlie_austin_1989
didier_andres_moreno_asprilla_1991,Didier Andrés Moreno Asprilla,didier andres moreno asprilla d moreno asprilla,"[""D. Moreno"",""Didier Andrés Moreno Asprilla"",""Asprilla""]",Colombia,"CDM,CM",Midfield,1991,,,false,[],[],Colombia,,Medium,1316,fifa_players_csv,didier_andres_moreno_asprilla_1991
dwight_gayle_1990,Dwight Gayle,dwight gayle d gayle gayle,"[""D. Gayle"",""Dwight Gayle"",""Gayle""]",England,"ST,LW",Attack,1990,,,false,[],[],England,,Medium,1316,fifa_players_csv,dwight_gayle_1990
etienne_didot_1983,Étienne Didot,etienne didot e didot didot,"[""E. Didot"",""Étienne Didot"",""Didot""]",France,"CDM,CM",Midfield,1983,,,false,[],[],France,,Medium,1316,fifa_players_csv,etienne_didot_1983
isaac_brizuela_munoz_1990,Isaác Brizuela Muñoz,isaac brizuela munoz i brizuela munoz,"[""I. Brizuela"",""Isaác Brizuela Muñoz"",""Muñoz""]",Mexico,"RM,LW",Midfield,1990,,,false,[],[],Mexico,,Medium,1316,fifa_players_csv,isaac_brizuela_munoz_1990
jelle_van_damme_1983,Jelle Van Damme,jelle van damme j van damme damme,"[""J. Van Damme"",""Jelle Van Damme"",""Damme""]",Belgium,"CB,LB,LWB",Defence,1983,,,false,[],[],Belgium,,Medium,1316,fifa_players_csv,jelle_van_damme_1983
jonathan_ramon_maidana_1985,Jonathan Ramón Maidana,jonathan ramon maidana j maidana maidana,"[""J. Maidana"",""Jonathan Ramón Maidana"",""Maidana""]",Argentina,CB,Defence,1985,,,false,[],[],Argentina,,Medium,1316,fifa_players_csv,jonathan_ramon_maidana_1985
jose_luis_garcia_del_pozo_1991,José Luis García del Pozo,jose luis garcia del pozo recio pozo,"[""Recio"",""José Luis García del Pozo"",""Pozo""]",Spain,"CDM,CM",Midfield,1991,,,false,[],[],Spain,,Medium,1316,fifa_players_csv,jose_luis_garcia_del_pozo_1991
jose_maria_basanta_1984,José María Basanta,jose maria basanta j basanta basanta,"[""J. Basanta"",""José María Basanta"",""Basanta""]",Argentina,CB,Defence,1984,,,false,[],[],Argentina,,Medium,1316,fifa_players_csv,jose_maria_basanta_1984
josue_filipe_soares_pesqueira_1990,Josué Filipe Soares Pesqueira,josue filipe soares pesqueira josue pesqueira,"[""Josué"",""Josué Filipe Soares Pesqueira"",""Pesqueira""]",Portugal,"CAM,RM",Midfield,1990,,,false,[],[],Portugal,,Medium,1316,fifa_players_csv,josue_filipe_soares_pesqueira_1990
lucas_pedro_alves_de_lima_1991,Lucas Pedro Alves de Lima,lucas pedro alves de lima lucas lima lima,"[""Lucas Lima"",""Lucas Pedro Alves de Lima"",""Lima""]",Brazil,"LB,LM",Defence,1991,,,false,[],[],Brazil,,Medium,1316,fifa_players_csv,lucas_pedro_alves_de_lima_1991
lukas_rupp_1991,Lukas Rupp,lukas rupp l rupp rupp,"[""L. Rupp"",""Lukas Rupp"",""Rupp""]",Germany,"CM,RM",Midfield,1991,,,false,[],[],Germany,,Medium,1316,fifa_players_csv,lukas_rupp_1991
malang_sarr_1999,Malang Sarr,malang sarr m sarr sarr,"[""M. Sarr"",""Malang Sarr"",""Sarr""]",France,"CB,LB",Defence,1999,,,false,[],[],France,,Medium,1316,fifa_players_csv,malang_sarr_1999
neal_maupay_1996,Neal Maupay,neal maupay n maupay maupay,"[""N. Maupay"",""Neal Maupay"",""Maupay""]",France,ST,Attack,1996,,,false,[],[],France,,Medium,1316,fifa_players_csv,neal_maupay_1996
nicolas_blandi_1990,Nicolás Blandi,nicolas blandi n blandi blandi,"[""N. Blandi"",""Nicolás Blandi"",""Blandi""]",Argentina,ST,Attack,1990,,,false,[],[],Argentina,,Medium,1316,fifa_players_csv,nicolas_blandi_1990
omar_el_kaddouri_1990,Omar El Kaddouri,omar el kaddouri o el kaddouri kaddouri,"[""O. El Kaddouri"",""Omar El Kaddouri"",""Kaddouri""]",Morocco,"CAM,CM",Midfield,1990,,,false,[],[],Morocco,,Medium,1316,fifa_players_csv,omar_el_kaddouri_1990
papa_kouly_diop_1986,Papa Kouly Diop,papa kouly diop p diop diop,"[""P. Diop"",""Papa Kouly Diop"",""Diop""]",Senegal,"CDM,CM",Midfield,1986,,,false,[],[],Senegal,,Medium,1316,fifa_players_csv,papa_kouly_diop_1986
sofiane_hanni_1990,Sofiane Hanni,sofiane hanni s hanni hanni,"[""S. Hanni"",""Sofiane Hanni"",""Hanni""]",Algeria,"CAM,LW",Midfield,1990,,,false,[],[],Algeria,,Medium,1316,fifa_players_csv,sofiane_hanni_1990
stefan_bell_1991,Stefan Bell,stefan bell s bell bell,"[""S. Bell"",""Stefan Bell"",""Bell""]",Germany,CB,Defence,1991,,,false,[],[],Germany,,Medium,1316,fifa_players_csv,stefan_bell_1991
stijn_schaars_1984,Stijn Schaars,stijn schaars s schaars schaars,"[""S. Schaars"",""Stijn Schaars"",""Schaars""]",Netherlands,"CDM,CM",Midfield,1984,,,false,[],[],Netherlands,,Medium,1316,fifa_players_csv,stijn_schaars_1984
thomas_monconduit_1991,Thomas Monconduit,thomas monconduit t monconduit monconduit,"[""T. Monconduit"",""Thomas Monconduit"",""Monconduit""]",France,"CDM,CM",Midfield,1991,,,false,[],[],France,,Medium,1316,fifa_players_csv,thomas_monconduit_1991
1990_80,大迫 勇也,y osako,"[""Y. Ōsako""]",Japan,"CF,ST,CAM",Attack,1990,,,false,[],[],Japan,,Medium,1316,fifa_players_csv,1990_80
1987_63,曾诚,zeng cheng,"[""Zeng Cheng""]",China PR,GK,Goalkeeper,1987,,,false,[],[],China PR,,Medium,1316,fifa_players_csv,1987_63
alan_kardec_de_souza_pereira_junior_1989,Alan Kardec de Souza Pereira Junior,alan kardec de souza pereira junior alan kardec junior,"[""Alan Kardec"",""Alan Kardec de Souza Pereira Junior"",""Junior""]",Brazil,"ST,RW,LW",Attack,1989,,,false,[],[],Brazil,,Medium,1315,fifa_players_csv,alan_kardec_de_souza_pereira_junior_1989
albert_gu_mundsson_1997,Albert Guðmundsson,albert gu mundsson a gu mundsson gu mundsson,"[""A. Guðmundsson"",""Albert Guðmundsson"",""Guðmundsson""]",Iceland,"RW,CAM",Attack,1997,,,false,[],[],Iceland,,Medium,1315,fifa_players_csv,albert_gu_mundsson_1997
ashley_westwood_1990,Ashley Westwood,ashley westwood a westwood westwood,"[""A. Westwood"",""Ashley Westwood"",""Westwood""]",England,CM,Midfield,1990,,,false,[],[],England,,Medium,1315,fifa_players_csv,ashley_westwood_1990
borek_dockal_1988,Bořek Dočkal,borek dockal b dockal dockal,"[""B. Dočkal"",""Bořek Dočkal"",""Dočkal""]",Czech Republic,"CAM,CM",Midfield,1988,,,false,[],[],Czech Republic,,Medium,1315,fifa_players_csv,borek_dockal_1988
carlos_darwin_quintero_villalba_1987,Carlos Darwin Quintero Villalba,carlos darwin quintero villalba d quintero villalba,"[""D. Quintero"",""Carlos Darwin Quintero Villalba"",""Villalba""]",Colombia,"CF,ST,CAM",Attack,1987,,,false,[],[],Colombia,,Medium,1315,fifa_players_csv,carlos_darwin_quintero_villalba_1987
dale_stephens_1989,Dale Stephens,dale stephens d stephens stephens,"[""D. Stephens"",""Dale Stephens"",""Stephens""]",England,"CM,CDM",Midfield,1989,,,false,[],[],England,,Medium,1315,fifa_players_csv,dale_stephens_1989
danilo_barbosa_da_silva_1996,Danilo Barbosa da Silva,danilo barbosa da silva danilo silva,"[""Danilo"",""Danilo Barbosa da Silva"",""Silva""]",Brazil,"CM,CDM",Midfield,1996,,,false,[],[],Brazil,,Medium,1315,fifa_players_csv,danilo_barbosa_da_silva_1996
denis_rubens_stein_rebelo_1988,Dênis Rubens Stein Rebelo,denis rubens stein rebelo denildo stein rebelo,"[""Dênildo Stein"",""Dênis Rubens Stein Rebelo"",""Rebelo""]",Brazil,"ST,CF",Attack,1988,,,false,[],[],Brazil,,Medium,1315,fifa_players_csv,denis_rubens_stein_rebelo_1988
felix_uduokhai_1997,Felix Uduokhai,felix uduokhai f uduokhai uduokhai,"[""F. Uduokhai"",""Felix Uduokhai"",""Uduokhai""]",Germany,CB,Defence,1997,,,false,[],[],Germany,,Medium,1315,fifa_players_csv,felix_uduokhai_1997
francesco_caputo_1987,Francesco Caputo,francesco caputo f caputo caputo,"[""F. Caputo"",""Francesco Caputo"",""Caputo""]",Italy,ST,Attack,1987,,,false,[],[],Italy,,Medium,1315,fifa_players_csv,francesco_caputo_1987
german_ezequiel_cano_1988,Germán Ezequiel Cano,german ezequiel cano g cano cano,"[""G. Cano"",""Germán Ezequiel Cano"",""Cano""]",Argentina,"ST,CAM",Attack,1988,,,false,[],[],Argentina,,Medium,1315,fifa_players_csv,german_ezequiel_cano_1988
gianluca_curci_1985,Gianluca Curci,gianluca curci g curci curci,"[""G. Curci"",""Gianluca Curci"",""Curci""]",Italy,GK,Goalkeeper,1985,,,false,[],[],Italy,,Medium,1315,fifa_players_csv,gianluca_curci_1985
heldon_augusto_almeida_ramos_1988,Héldon Augusto Almeida Ramos,heldon augusto almeida ramos heldon ramos,"[""Héldon"",""Héldon Augusto Almeida Ramos"",""Ramos""]",Cape Verde,"LM,RM",Midfield,1988,,,false,[],[],Cape Verde,,Medium,1315,fifa_players_csv,heldon_augusto_almeida_ramos_1988
jonathas_de_jesus_mauricio_1989,Jonathas de Jesus Maurício,jonathas de jesus mauricio jonathas mauricio,"[""Jonathas"",""Jonathas de Jesus Maurício"",""Maurício""]",Brazil,ST,Attack,1989,,,false,[],[],Brazil,,Medium,1315,fifa_players_csv,jonathas_de_jesus_mauricio_1989
jose_vicente_gomez_umpierrez_1988,José Vicente Gómez Umpiérrez,jose vicente gomez umpierrez vicente gomez umpierrez,"[""Vicente Gómez"",""José Vicente Gómez Umpiérrez"",""Umpiérrez""]",Spain,"CM,CDM,CAM",Midfield,1988,,,false,[],[],Spain,,Medium,1315,fifa_players_csv,jose_vicente_gomez_umpierrez_1988
kelvin_amian_1998,Kelvin Amian,kelvin amian k amian amian,"[""K. Amian"",""Kelvin Amian"",""Amian""]",France,"RB,CB,RWB",Defence,1998,,,false,[],[],France,,Medium,1315,fifa_players_csv,kelvin_amian_1998
lautaro_german_acosta_1988,Lautaro Germán Acosta,lautaro german acosta l acosta acosta,"[""L. Acosta"",""Lautaro Germán Acosta"",""Acosta""]",Argentina,"LW,RW,ST",Attack,1988,,,false,[],[],Argentina,,Medium,1315,fifa_players_csv,lautaro_german_acosta_1988
marco_andreolli_1986,Marco Andreolli,marco andreolli m andreolli andreolli,"[""M. Andreolli"",""Marco Andreolli"",""Andreolli""]",Italy,CB,Defence,1986,,,false,[],[],Italy,,Medium,1315,fifa_players_csv,marco_andreolli_1986
mergim_mavraj_1986,Mërgim Mavraj,mergim mavraj m mavraj mavraj,"[""M. Mavraj"",""Mërgim Mavraj"",""Mavraj""]",Albania,CB,Defence,1986,,,false,[],[],Albania,,Medium,1315,fifa_players_csv,mergim_mavraj_1986
nemanja_maksimovic_1995,Nemanja Maksimović,nemanja maksimovic n maksimovic maksimovic,"[""N. Maksimović"",""Nemanja Maksimović"",""Maksimović""]",Serbia,"CM,CDM",Midfield,1995,,,false,[],[],Serbia,,Medium,1315,fifa_players_csv,nemanja_maksimovic_1995
ricardo_miguel_moreira_da_costa_1981,Ricardo Miguel Moreira da Costa,ricardo miguel moreira da costa ricardo costa costa,"[""Ricardo Costa"",""Ricardo Miguel Moreira da Costa"",""Costa""]",Portugal,CB,Defence,1981,,,false,[],[],Portugal,,Medium,1315,fifa_players_csv,ricardo_miguel_moreira_da_costa_1981
sebastian_marcelo_blanco_1988,Sebastián Marcelo Blanco,sebastian marcelo blanco s blanco blanco,"[""S. Blanco"",""Sebastián Marcelo Blanco"",""Blanco""]",Argentina,"LM,CAM,CF,RM",Midfield,1988,,,false,[],[],Argentina,,Medium,1315,fifa_players_csv,sebastian_marcelo_blanco_1988
taisir_jabir_al_jassim_1984,Taisir Jabir Al Jassim,taisir jabir al jassim t al jassam jassim,"[""T. Al Jassam"",""Taisir Jabir Al Jassim"",""Jassim""]",Saudi Arabia,"CM,CDM,CAM",Midfield,1984,,,false,[],[],Saudi Arabia,,Medium,1315,fifa_players_csv,taisir_jabir_al_jassim_1984
unai_lopez_cabrera_1995,Unai López Cabrera,unai lopez cabrera unai lopez cabrera,"[""Unai López"",""Unai López Cabrera"",""Cabrera""]",Spain,"CM,LM,CDM",Midfield,1995,,,false,[],[],Spain,,Medium,1315,fifa_players_csv,unai_lopez_cabrera_1995
unai_nunez_gestoso_1997,Unai Núñez Gestoso,unai nunez gestoso unai nunez gestoso,"[""Unai Núñez"",""Unai Núñez Gestoso"",""Gestoso""]",Spain,CB,Defence,1997,,,false,[],[],Spain,,Medium,1315,fifa_players_csv,unai_nunez_gestoso_1997
volkan_demirel_1981,Volkan Demirel,volkan demirel v demirel demirel,"[""V. Demirel"",""Volkan Demirel"",""Demirel""]",Turkey,GK,Goalkeeper,1981,,,false,[],[],Turkey,,Medium,1315,fifa_players_csv,volkan_demirel_1981
1987_64,小林 悠,y kobayashi,"[""Y. Kobayashi""]",Japan,"ST,RM,CAM",Attack,1987,,,false,[],[],Japan,,Medium,1315,fifa_players_csv,1987_64
adam_smith_1991,Adam Smith,adam smith a smith smith,"[""A. Smith"",""Adam Smith"",""Smith""]",England,"LB,RB,RWB",Defence,1991,,,false,[],[],England,,Medium,1314,fifa_players_csv,adam_smith_1991
alfred_john_momar_n_diaye_1990,Alfred John Momar N'Diaye,alfred john momar n diaye a n diaye n diaye,"[""A. N'Diaye"",""Alfred John Momar N'Diaye"",""N'Diaye""]",Senegal,"CDM,CM",Midfield,1990,,,false,[],[],Senegal,,Medium,1314,fifa_players_csv,alfred_john_momar_n_diaye_1990
alvaro_medran_just_1994,Álvaro Medrán Just,alvaro medran just medran just,"[""Medrán"",""Álvaro Medrán Just"",""Just""]",Spain,"CM,CDM,CAM",Midfield,1994,,,false,[],[],Spain,,Medium,1314,fifa_players_csv,alvaro_medran_just_1994
carles_planas_antolinez_1991,Carles Planas Antolínez,carles planas antolinez carles planas antolinez,"[""Carles Planas"",""Carles Planas Antolínez"",""Antolínez""]",Spain,"LB,LWB",Defence,1991,,,false,[],[],Spain,,Medium,1314,fifa_players_csv,carles_planas_antolinez_1991
david_jason_remeseiro_salgueiro_1994,David Jason Remeseiro Salgueiro,david jason remeseiro salgueiro jason salgueiro,"[""Jason"",""David Jason Remeseiro Salgueiro"",""Salgueiro""]",Spain,RM,Midfield,1994,,,false,[],[],Spain,,Medium,1314,fifa_players_csv,david_jason_remeseiro_salgueiro_1994
esteban_andrada_1991,Esteban Andrada,esteban andrada e andrada andrada,"[""E. Andrada"",""Esteban Andrada"",""Andrada""]",Argentina,GK,Goalkeeper,1991,,,false,[],[],Argentina,,Medium,1314,fifa_players_csv,esteban_andrada_1991
glenn_murray_1983,Glenn Murray,glenn murray g murray murray,"[""G. Murray"",""Glenn Murray"",""Murray""]",England,ST,Attack,1983,,,false,[],[],England,,Medium,1314,fifa_players_csv,glenn_murray_1983
godfred_donsah_1996,Godfred Donsah,godfred donsah g donsah donsah,"[""G. Donsah"",""Godfred Donsah"",""Donsah""]",Ghana,CM,Midfield,1996,,,false,[],[],Ghana,,Medium,1314,fifa_players_csv,godfred_donsah_1996
jesse_joronen_1993,Jesse Joronen,jesse joronen j joronen joronen,"[""J. Joronen"",""Jesse Joronen"",""Joronen""]",Finland,GK,Goalkeeper,1993,,,false,[],[],Finland,,Medium,1314,fifa_players_csv,jesse_joronen_1993
laureano_antonio_villa_suarez_1995,Laureano Antonio Villa Suárez,laureano antonio villa suarez toni villa suarez,"[""Toni Villa"",""Laureano Antonio Villa Suárez"",""Suárez""]",Spain,"LM,CAM,RM",Midfield,1995,,,false,[],[],Spain,,Medium,1314,fifa_players_csv,laureano_antonio_villa_suarez_1995
luca_zuffi_1990,Luca Zuffi,luca zuffi l zuffi zuffi,"[""L. Zuffi"",""Luca Zuffi"",""Zuffi""]",Switzerland,"CDM,CM,CAM",Midfield,1990,,,false,[],[],Switzerland,,Medium,1314,fifa_players_csv,luca_zuffi_1990
matheus_fellipe_costa_pereira_1996,Matheus Fellipe Costa Pereira,matheus fellipe costa pereira matheus pereira pereira,"[""Matheus Pereira"",""Matheus Fellipe Costa Pereira"",""Pereira""]",Brazil,"RM,LM",Midfield,1996,,,false,[],[],Brazil,,Medium,1314,fifa_players_csv,matheus_fellipe_costa_pereira_1996
mathias_jensen_1996,Mathias Jensen,mathias jensen m jensen jensen,"[""M. Jensen"",""Mathias Jensen"",""Jensen""]",Denmark,CM,Midfield,1996,,,false,[],[],Denmark,,Medium,1314,fifa_players_csv,mathias_jensen_1996
nick_viergever_1989,Nick Viergever,nick viergever n viergever viergever,"[""N. Viergever"",""Nick Viergever"",""Viergever""]",Netherlands,"CB,LB",Defence,1989,,,false,[],[],Netherlands,,Medium,1314,fifa_players_csv,nick_viergever_1989
paul_bernardoni_1997,Paul Bernardoni,paul bernardoni p bernardoni bernardoni,"[""P. Bernardoni"",""Paul Bernardoni"",""Bernardoni""]",France,GK,Goalkeeper,1997,,,false,[],[],France,,Medium,1314,fifa_players_csv,paul_bernardoni_1997
paulo_henrique_soares_dos_santos_1994,Paulo Henrique Soares dos Santos,paulo henrique soares dos santos paulinho santos,"[""Paulinho"",""Paulo Henrique Soares dos Santos"",""Santos""]",Brazil,"CAM,CM,RW",Midfield,1994,,,false,[],[],Brazil,,Medium,1314,fifa_players_csv,paulo_henrique_soares_dos_santos_1994
scott_bain_1991,Scott Bain,scott bain s bain bain,"[""S. Bain"",""Scott Bain"",""Bain""]",Scotland,GK,Goalkeeper,1991,,,false,[],[],Scotland,,Medium,1314,fifa_players_csv,scott_bain_1991
theo_bongonda_mbul_ofeko_batombo_1995,Théo Bongonda Mbul'Ofeko Batombo,theo bongonda mbul ofeko batombo t bongonda batombo,"[""T. Bongonda"",""Théo Bongonda Mbul'Ofeko Batombo"",""Batombo""]",Belgium,"LM,RM",Midfield,1995,,,false,[],[],Belgium,,Medium,1314,fifa_players_csv,theo_bongonda_mbul_ofeko_batombo_1995
alfonso_pedraza_sag_1996,Alfonso Pedraza Sag,alfonso pedraza sag pedraza sag,"[""Pedraza"",""Alfonso Pedraza Sag"",""Sag""]",Spain,"LM,LB,LWB",Midfield,1996,,,false,[],[],Spain,,Medium,1313,fifa_players_csv,alfonso_pedraza_sag_1996
aluisio_chaves_ribeiro_moraes_junior_1987,Aluísio Chaves Ribeiro Moraes Júnior,aluisio chaves ribeiro moraes junior junior moraes junior,"[""Júnior Moraes"",""Aluísio Chaves Ribeiro Moraes Júnior"",""Júnior""]",Brazil,ST,Attack,1987,,,false,[],[],Brazil,,Medium,1313,fifa_players_csv,aluisio_chaves_ribeiro_moraes_junior_1987
aminu_umar_1995,Aminu Umar,aminu umar a umar umar,"[""A. Umar"",""Aminu Umar"",""Umar""]",Nigeria,"LM,RM",Midfield,1995,,,false,[],[],Nigeria,,Medium,1313,fifa_players_csv,aminu_umar_1995
artur_boruc_1980,Artur Boruc,artur boruc a boruc boruc,"[""A. Boruc"",""Artur Boruc"",""Boruc""]",Poland,GK,Goalkeeper,1980,,,false,[],[],Poland,,Medium,1313,fifa_players_csv,artur_boruc_1980
claudemir_domingues_de_souza_1988,Claudemir Domingues de Souza,claudemir domingues de souza claudemir souza,"[""Claudemir"",""Claudemir Domingues de Souza"",""Souza""]",Brazil,"CM,CDM",Midfield,1988,,,false,[],[],Brazil,,Medium,1313,fifa_players_csv,claudemir_domingues_de_souza_1988
francisco_jose_beltran_peinado_1999,Francisco José Beltrán Peinado,francisco jose beltran peinado fran beltran peinado,"[""Fran Beltrán"",""Francisco José Beltrán Peinado"",""Peinado""]",Spain,"CDM,CM",Midfield,1999,,,false,[],[],Spain,,Medium,1313,fifa_players_csv,francisco_jose_beltran_peinado_1999
georges_kevin_nkoudou_1995,Georges-Kévin Nkoudou,georges kevin nkoudou g nkoudou nkoudou,"[""G. Nkoudou"",""Georges-Kévin Nkoudou"",""Nkoudou""]",France,LM,Midfield,1995,,,false,[],[],France,,Medium,1313,fifa_players_csv,georges_kevin_nkoudou_1995
giorgi_chakvetadze_1999,Giorgi Chakvetadze,giorgi chakvetadze g chakvetadze chakvetadze,"[""G. Chakvetadze"",""Giorgi Chakvetadze"",""Chakvetadze""]",Georgia,"LM,CAM",Midfield,1999,,,false,[],[],Georgia,,Medium,1313,fifa_players_csv,giorgi_chakvetadze_1999
gorka_iraizoz_moreno_1981,Gorka Iraizoz Moreno,gorka iraizoz moreno iraizoz moreno,"[""Iraizoz"",""Gorka Iraizoz Moreno"",""Moreno""]",Spain,GK,Goalkeeper,1981,,,false,[],[],Spain,,Medium,1313,fifa_players_csv,gorka_iraizoz_moreno_1981
james_mcarthur_1987,James McArthur,james mcarthur j mcarthur mcarthur,"[""J. McArthur"",""James McArthur"",""McArthur""]",Scotland,"CM,RM,LM",Midfield,1987,,,false,[],[],Scotland,,Medium,1313,fifa_players_csv,james_mcarthur_1987
kosta_barbarouses_1990,Kosta Barbarouses,kosta barbarouses k barbarouses barbarouses,"[""K. Barbarouses"",""Kosta Barbarouses"",""Barbarouses""]",New Zealand,"ST,RW",Attack,1990,,,false,[],[],Melbourne Victory,,Medium,1313,fifa_players_csv,kosta_barbarouses_1990
lazaros_christodoulopoulos_1986,Lazaros Christodoulopoulos,lazaros christodoulopoulos l christodoulopoulos christodoulopoulos,"[""L. Christodoulopoulos"",""Lazaros Christodoulopoulos"",""Christodoulopoulos""]",Greece,"LM,RM",Midfield,1986,,,false,[],[],Greece,,Medium,1313,fifa_players_csv,lazaros_christodoulopoulos_1986
lee_nguyen_1986,Lee Nguyen,lee nguyen l nguyen nguyen,"[""L. Nguyen"",""Lee Nguyen"",""Nguyen""]",United States,"CAM,CM,ST",Midfield,1986,,,false,[],[],United States,,Medium,1313,fifa_players_csv,lee_nguyen_1986
lovre_kalinic_1990,Lovre Kalinić,lovre kalinic l kalinic kalinic,"[""L. Kalinić"",""Lovre Kalinić"",""Kalinić""]",Croatia,GK,Goalkeeper,1990,,,false,[],[],Croatia,,Medium,1313,fifa_players_csv,lovre_kalinic_1990
maxwel_cornet_1996,Maxwel Cornet,maxwel cornet m cornet cornet,"[""M. Cornet"",""Maxwel Cornet"",""Cornet""]",Ivory Coast,"RW,LW,RM,ST",Attack,1996,,,false,[],[],Ivory Coast,,Medium,1313,fifa_players_csv,maxwel_cornet_1996
nabil_el_zhar_1986,Nabil El Zhar,nabil el zhar n el zhar zhar,"[""N. El Zhar"",""Nabil El Zhar"",""Zhar""]",Morocco,RM,Midfield,1986,,,false,[],[],Morocco,,Medium,1313,fifa_players_csv,nabil_el_zhar_1986
oscar_guido_trejo_1988,Óscar Guido Trejo,oscar guido trejo o trejo trejo,"[""O. Trejo"",""Óscar Guido Trejo"",""Trejo""]",Argentina,"CM,CAM",Midfield,1988,,,false,[],[],Argentina,,Medium,1313,fifa_players_csv,oscar_guido_trejo_1988
rubens_omar_oscar_sambueza_1984,Rubens Omar Óscar Sambueza,rubens omar oscar sambueza r sambueza sambueza,"[""R. Sambueza"",""Rubens Omar Óscar Sambueza"",""Sambueza""]",Argentina,"RM,LM",Midfield,1984,,,false,[],[],Argentina,,Medium,1313,fifa_players_csv,rubens_omar_oscar_sambueza_1984
saman_ghoddos_1993,Saman Ghoddos,saman ghoddos s ghoddos ghoddos,"[""S. Ghoddos"",""Saman Ghoddos"",""Ghoddos""]",Iran,"ST,LM",Attack,1993,,,false,[],[],Iran,,Medium,1313,fifa_players_csv,saman_ghoddos_1993
dylan_bronn_1995,Dylan Bronn,dylan bronn d bronn bronn,"[""D. Bronn"",""Dylan Bronn"",""Bronn""]",Tunisia,"CB,RB",Defence,1995,,,false,[],[],Tunisia,,Medium,1312,fifa_players_csv,dylan_bronn_1995
hernan_barcos_1984,Hernán Barcos,hernan barcos h barcos barcos,"[""H. Barcos"",""Hernán Barcos"",""Barcos""]",Argentina,ST,Attack,1984,,,false,[],[],Argentina,,Medium,1312,fifa_players_csv,hernan_barcos_1984
joao_maria_lobo_alves_palhinha_goncalves_1995,João Maria Lobo Alves Palhinha Gonçalves,joao maria lobo alves palhinha goncalves palhinha goncalves,"[""Palhinha"",""João Maria Lobo Alves Palhinha Gonçalves"",""Gonçalves""]",Portugal,"CDM,CM",Midfield,1995,,,false,[],[],Portugal,,Medium,1312,fifa_players_csv,joao_maria_lobo_alves_palhinha_goncalves_1995
jose_antonio_reyes_calderon_1983,José Antonio Reyes Calderón,jose antonio reyes calderon reyes calderon,"[""Reyes"",""José Antonio Reyes Calderón"",""Calderón""]",Spain,"RM,LM,CAM,ST",Midfield,1983,,,false,[],[],Spain,,Medium,1312,fifa_players_csv,jose_antonio_reyes_calderon_1983
luis_antonio_jimenez_garces_1984,Luis Antonio Jiménez Garcés,luis antonio jimenez garces l jimenez garces,"[""L. Jiménez"",""Luis Antonio Jiménez Garcés"",""Garcés""]",Chile,"CAM,CF,RW",Midfield,1984,,,false,[],[],Chile,,Medium,1312,fifa_players_csv,luis_antonio_jimenez_garces_1984
marlon_da_silva_barbosa_1995,Marlon da Silva Barbosa,marlon da silva barbosa marlon barbosa,"[""Marlon"",""Marlon da Silva Barbosa"",""Barbosa""]",Brazil,CB,Defence,1995,,,false,[],[],Brazil,,Medium,1312,fifa_players_csv,marlon_da_silva_barbosa_1995
mason_mount_1999,Mason Mount,mason mount m mount mount,"[""M. Mount"",""Mason Mount"",""Mount""]",England,"CAM,CM",Midfield,1999,,,false,[],[],England,,Medium,1312,fifa_players_csv,mason_mount_1999
noussair_mazraoui_1997,Noussair Mazraoui,noussair mazraoui n mazraoui mazraoui,"[""N. Mazraoui"",""Noussair Mazraoui"",""Mazraoui""]",Morocco,RB,Defence,1997,,,false,[],[],Morocco,,Medium,1312,fifa_players_csv,noussair_mazraoui_1997
rafael_da_conceicao_leao_1999,Rafael da Conceição Leão,rafael da conceicao leao rafael leao leao,"[""Rafael Leão"",""Rafael da Conceição Leão"",""Leão""]",Portugal,"ST,LM",Attack,1999,,,false,[],[],Portugal,,Medium,1312,fifa_players_csv,rafael_da_conceicao_leao_1999
sam_morsy_1991,Sam Morsy,sam morsy s morsy morsy,"[""S. Morsy"",""Sam Morsy"",""Morsy""]",Egypt,"CDM,CM",Midfield,1991,,,false,[],[],Egypt,,Medium,1312,fifa_players_csv,sam_morsy_1991
thiago_maia_alencar_1997,Thiago Maia Alencar,thiago maia alencar thiago maia alencar,"[""Thiago Maia"",""Thiago Maia Alencar"",""Alencar""]",Brazil,"CDM,CM",Midfield,1997,,,false,[],[],Brazil,,Medium,1312,fifa_players_csv,thiago_maia_alencar_1997
antonee_robinson_1997,Antonee Robinson,antonee robinson a robinson robinson,"[""A. Robinson"",""Antonee Robinson"",""Robinson""]",United States,"LB,LWB",Defence,1997,,,false,[],[],United States,,Medium,1311,fifa_players_csv,antonee_robinson_1997
ben_pearson_1995,Ben Pearson,ben pearson b pearson pearson,"[""B. Pearson"",""Ben Pearson"",""Pearson""]",England,CDM,Midfield,1995,,,false,[],[],England,,Medium,1311,fifa_players_csv,ben_pearson_1995
david_zurutuza_veillet_1986,David Zurutuza Veillet,david zurutuza veillet d zurutuza veillet,"[""D. Zurutuza"",""David Zurutuza Veillet"",""Veillet""]",France,"CM,CDM",Midfield,1986,,,false,[],[],France,,Medium,1311,fifa_players_csv,david_zurutuza_veillet_1986
edgar_prib_1989,Edgar Prib,edgar prib e prib prib,"[""E. Prib"",""Edgar Prib"",""Prib""]",Russia,"LM,LB,CM",Midfield,1989,,,false,[],[],Russia,,Medium,1311,fifa_players_csv,edgar_prib_1989
eltildo_lucas_correia_pitta_1992,Eltildo Lucas Correia Pitta,eltildo lucas correia pitta eltildo correia pitta,"[""Eltildo Correia"",""Eltildo Lucas Correia Pitta"",""Pitta""]",Brazil,"CB,RB,LB",Defence,1992,,,false,[],[],Brazil,,Medium,1311,fifa_players_csv,eltildo_lucas_correia_pitta_1992
emilio_alex_piodao_esser_1992,Emilio Alex Piodão Esser,emilio alex piodao esser emilio piodao esser,"[""Emilio Piodão"",""Emilio Alex Piodão Esser"",""Esser""]",Brazil,"CDM,CM",Midfield,1992,,,false,[],[],Brazil,,Medium,1311,fifa_players_csv,emilio_alex_piodao_esser_1992
erick_cabaco_1995,Erick Cabaco,erick cabaco e cabaco cabaco,"[""E. Cabaco"",""Erick Cabaco"",""Cabaco""]",Uruguay,CB,Defence,1995,,,false,[],[],Uruguay,,Medium,1311,fifa_players_csv,erick_cabaco_1995
francisco_femenia_far_1991,Francisco Femenía Far,francisco femenia far kiko femenia far,"[""Kiko Femenía"",""Francisco Femenía Far"",""Far""]",Spain,"RB,RWB,RM",Defence,1991,,,false,[],[],Spain,,Medium,1311,fifa_players_csv,francisco_femenia_far_1991
gonzalo_julian_melero_manzanares_1994,Gonzalo Julián Melero Manzanares,gonzalo julian melero manzanares melero manzanares,"[""Melero"",""Gonzalo Julián Melero Manzanares"",""Manzanares""]",Spain,"CDM,CM,CAM",Midfield,1994,,,false,[],[],Spain,,Medium,1311,fifa_players_csv,gonzalo_julian_melero_manzanares_1994
hector_villalba_1994,Héctor Villalba,hector villalba h villalba villalba,"[""H. Villalba"",""Héctor Villalba"",""Villalba""]",Paraguay,"RM,ST",Midfield,1994,,,false,[],[],Paraguay,,Medium,1311,fifa_players_csv,hector_villalba_1994
jorge_figal_1994,Jorge Figal,jorge figal j figal figal,"[""J. Figal"",""Jorge Figal"",""Figal""]",Argentina,"CB,RB",Defence,1994,,,false,[],[],Argentina,,Medium,1311,fifa_players_csv,jorge_figal_1994
kevin_akpoguma_1995,Kevin Akpoguma,kevin akpoguma k akpoguma akpoguma,"[""K. Akpoguma"",""Kevin Akpoguma"",""Akpoguma""]",Germany,CB,Defence,1995,,,false,[],[],Germany,,Medium,1311,fifa_players_csv,kevin_akpoguma_1995
lars_unnerstall_1990,Lars Unnerstall,lars unnerstall l unnerstall unnerstall,"[""L. Unnerstall"",""Lars Unnerstall"",""Unnerstall""]",Germany,GK,Goalkeeper,1990,,,false,[],[],Germany,,Medium,1311,fifa_players_csv,lars_unnerstall_1990
lucas_e_santana_de_oliveira_1995,Lucas E. Santana de Oliveira,lucas e santana de oliveira lucas evangelista oliveira,"[""Lucas Evangelista"",""Lucas E. Santana de Oliveira"",""Oliveira""]",Brazil,"CM,CAM,RM",Midfield,1995,,,false,[],[],Brazil,,Medium,1311,fifa_players_csv,lucas_e_santana_de_oliveira_1995
manuel_pasqual_1982,Manuel Pasqual,manuel pasqual m pasqual pasqual,"[""M. Pasqual"",""Manuel Pasqual"",""Pasqual""]",Italy,"LB,LM",Defence,1982,,,false,[],[],Italy,,Medium,1311,fifa_players_csv,manuel_pasqual_1982
miguel_angelo_da_silva_rocha_1994,Miguel Ângelo da Silva Rocha,miguel angelo da silva rocha xeka rocha,"[""Xeka"",""Miguel Ângelo da Silva Rocha"",""Rocha""]",Portugal,"CDM,CM",Midfield,1994,,,false,[],[],Portugal,,Medium,1311,fifa_players_csv,miguel_angelo_da_silva_rocha_1994
niall_mcginn_1987,Niall McGinn,niall mcginn n mcginn mcginn,"[""N. McGinn"",""Niall McGinn"",""McGinn""]",Northern Ireland,"LM,RM",Midfield,1987,,,false,[],[],Northern Ireland,,Medium,1311,fifa_players_csv,niall_mcginn_1987
pape_moussa_konate_1993,Pape Moussa Konaté,pape moussa konate m konate konate,"[""M. Konaté"",""Pape Moussa Konaté"",""Konaté""]",Senegal,ST,Attack,1993,,,false,[],[],Senegal,,Medium,1311,fifa_players_csv,pape_moussa_konate_1993
romulo_souza_orestes_caldeira_1987,Rômulo  Souza Orestes Caldeira,romulo souza orestes caldeira romulo caldeira,"[""Rômulo"",""Rômulo Souza Orestes Caldeira"",""Caldeira""]",Italy,"CM,RM,RB",Midfield,1987,,,false,[],[],Italy,,Medium,1311,fifa_players_csv,romulo_souza_orestes_caldeira_1987
walace_souza_silva_1995,Walace Souza Silva,walace souza silva walace silva,"[""Walace"",""Walace Souza Silva"",""Silva""]",Brazil,"CDM,CM",Midfield,1995,,,false,[],[],Brazil,,Medium,1311,fifa_players_csv,walace_souza_silva_1995
yassin_ayoub_1994,Yassin Ayoub,yassin ayoub y ayoub ayoub,"[""Y. Ayoub"",""Yassin Ayoub"",""Ayoub""]",Morocco,"CM,CAM",Midfield,1994,,,false,[],[],Morocco,,Medium,1311,fifa_players_csv,yassin_ayoub_1994
1994_67,권창훈 权昶勋,kwon chang hoon,"[""Kwon Chang Hoon""]",Korea Republic,"RM,CM",Midfield,1994,,,false,[],[],Korea Republic,,Medium,1311,fifa_players_csv,1994_67
andres_felipe_roa_estrada_1993,Andrés Felipe Roa Estrada,andres felipe roa estrada a roa estrada,"[""A. Roa"",""Andrés Felipe Roa Estrada"",""Estrada""]",Colombia,"LM,CAM",Midfield,1993,,,false,[],[],Colombia,,Medium,1310,fifa_players_csv,andres_felipe_roa_estrada_1993
borja_valle_balonga_1992,Borja Valle Balonga,borja valle balonga borja valle balonga,"[""Borja Valle"",""Borja Valle Balonga"",""Balonga""]",Spain,"ST,LM",Attack,1992,,,false,[],[],Spain,,Medium,1310,fifa_players_csv,borja_valle_balonga_1992
bostjan_cesar_1982,Boštjan Cesar,bostjan cesar b cesar cesar,"[""B. Cesar"",""Boštjan Cesar"",""Cesar""]",Slovenia,CB,Defence,1982,,,false,[],[],Slovenia,,Medium,1310,fifa_players_csv,bostjan_cesar_1982
camilo_andres_vargas_gil_1989,Camilo Andrés Vargas Gil,camilo andres vargas gil c vargas gil,"[""C. Vargas"",""Camilo Andrés Vargas Gil"",""Gil""]",Colombia,GK,Goalkeeper,1989,,,false,[],[],Colombia,,Medium,1310,fifa_players_csv,camilo_andres_vargas_gil_1989
carlos_adriano_de_souza_cruz_1987,Carlos Adriano de Souza Cruz,carlos adriano de souza cruz adriano cruz,"[""Adriano"",""Carlos Adriano de Souza Cruz"",""Cruz""]",Brazil,ST,Attack,1987,,,false,[],[],Brazil,,Medium,1310,fifa_players_csv,carlos_adriano_de_souza_cruz_1987
diego_marino_villar_1990,Diego Mariño Villar,diego marino villar diego marino villar,"[""Diego Mariño"",""Diego Mariño Villar"",""Villar""]",Spain,GK,Goalkeeper,1990,,,false,[],[],Spain,,Medium,1310,fifa_players_csv,diego_marino_villar_1990
fabio_santos_martins_1993,Fábio Santos Martins,fabio santos martins fabio martins martins,"[""Fábio Martins"",""Fábio Santos Martins"",""Martins""]",Portugal,LM,Midfield,1993,,,false,[],[],Portugal,,Medium,1310,fifa_players_csv,fabio_santos_martins_1993
ghislain_konan_1995,Ghislain Konan,ghislain konan g konan konan,"[""G. Konan"",""Ghislain Konan"",""Konan""]",Ivory Coast,LB,Defence,1995,,,false,[],[],Ivory Coast,,Medium,1310,fifa_players_csv,ghislain_konan_1995
hannes_wolf_1999,Hannes Wolf,hannes wolf h wolf wolf,"[""H. Wolf"",""Hannes Wolf"",""Wolf""]",Austria,CAM,Midfield,1999,,,false,[],[],Austria,,Medium,1310,fifa_players_csv,hannes_wolf_1999
harun_tekin_1989,Harun Tekin,harun tekin h tekin tekin,"[""H. Tekin"",""Harun Tekin"",""Tekin""]",Turkey,GK,Goalkeeper,1989,,,false,[],[],Turkey,,Medium,1310,fifa_players_csv,harun_tekin_1989
ivan_ricardo_neves_abreu_cavaleiro_1993,Ivan Ricardo Neves Abreu Cavaleiro,ivan ricardo neves abreu cavaleiro ivan cavaleiro cavaleiro,"[""Ivan Cavaleiro"",""Ivan Ricardo Neves Abreu Cavaleiro"",""Cavaleiro""]",Portugal,"LW,RW",Attack,1993,,,false,[],[],Portugal,,Medium,1310,fifa_players_csv,ivan_ricardo_neves_abreu_cavaleiro_1993
jacob_bruun_larsen_1998,Jacob Bruun Larsen,jacob bruun larsen j larsen larsen,"[""J. Larsen"",""Jacob Bruun Larsen"",""Larsen""]",Denmark,"LM,LW,RM,RW",Midfield,1998,,,false,[],[],Denmark,,Medium,1310,fifa_players_csv,jacob_bruun_larsen_1998
janik_haberer_1994,Janik Haberer,janik haberer j haberer haberer,"[""J. Haberer"",""Janik Haberer"",""Haberer""]",Germany,"CM,CAM,LM,RM",Midfield,1994,,,false,[],[],Germany,,Medium,1310,fifa_players_csv,janik_haberer_1994
jaume_domenech_sanchez_1990,Jaume Domenech Sánchez,jaume domenech sanchez jaume sanchez,"[""Jaume"",""Jaume Domenech Sánchez"",""Sánchez""]",Spain,GK,Goalkeeper,1990,,,false,[],[],Spain,,Medium,1310,fifa_players_csv,jaume_domenech_sanchez_1990
joao_carlos_vilaca_teixeira_1993,João Carlos Vilaça Teixeira,joao carlos vilaca teixeira joao teixeira teixeira,"[""João Teixeira"",""João Carlos Vilaça Teixeira"",""Teixeira""]",Portugal,"CAM,LM",Midfield,1993,,,false,[],[],Portugal,,Medium,1310,fifa_players_csv,joao_carlos_vilaca_teixeira_1993
jonas_manuel_gutierrez_1983,Jonás Manuel Gutiérrez,jonas manuel gutierrez j gutierrez gutierrez,"[""J. Gutiérrez"",""Jonás Manuel Gutiérrez"",""Gutiérrez""]",Argentina,"CM,LM,RB,RM",Midfield,1983,,,false,[],[],Argentina,,Medium,1310,fifa_players_csv,jonas_manuel_gutierrez_1983
jonathan_mensah_1990,Jonathan Mensah,jonathan mensah j mensah mensah,"[""J. Mensah"",""Jonathan Mensah"",""Mensah""]",Ghana,CB,Defence,1990,,,false,[],[],Ghana,,Medium,1310,fifa_players_csv,jonathan_mensah_1990
jorge_franco_alviz_1993,Jorge Franco Alviz,jorge franco alviz burgui alviz,"[""Burgui"",""Jorge Franco Alviz"",""Alviz""]",Spain,"LM,CAM,RM",Midfield,1993,,,false,[],[],Spain,,Medium,1310,fifa_players_csv,jorge_franco_alviz_1993
kasper_hamalainen_1986,Kasper Hämäläinen,kasper hamalainen k hamalainen hamalainen,"[""K. Hämäläinen"",""Kasper Hämäläinen"",""Hämäläinen""]",Finland,"LM,CAM",Midfield,1986,,,false,[],[],Finland,,Medium,1310,fifa_players_csv,kasper_hamalainen_1986
luciano_vietto_1993,Luciano Vietto,luciano vietto l vietto vietto,"[""L. Vietto"",""Luciano Vietto"",""Vietto""]",Argentina,"ST,RW",Attack,1993,,,false,[],[],Argentina,,Medium,1310,fifa_players_csv,luciano_vietto_1993
maarten_stekelenburg_1982,Maarten Stekelenburg,maarten stekelenburg m stekelenburg stekelenburg,"[""M. Stekelenburg"",""Maarten Stekelenburg"",""Stekelenburg""]",Netherlands,GK,Goalkeeper,1982,,,false,[],[],Netherlands,,Medium,1310,fifa_players_csv,maarten_stekelenburg_1982
matias_zaracho_1998,Matías Zaracho,matias zaracho m zaracho zaracho,"[""M. Zaracho"",""Matías Zaracho"",""Zaracho""]",Argentina,"CAM,RM,LM,CM",Midfield,1998,,,false,[],[],Argentina,,Medium,1310,fifa_players_csv,matias_zaracho_1998
nicolas_benedetti_roa_1997,Nicolás Benedetti Roa,nicolas benedetti roa n benedetti roa,"[""N. Benedetti"",""Nicolás Benedetti Roa"",""Roa""]",Colombia,"CAM,RM",Midfield,1997,,,false,[],[],Colombia,,Medium,1310,fifa_players_csv,nicolas_benedetti_roa_1997
pape_cheikh_diop_gueye_1997,Pape Cheikh Diop Gueye,pape cheikh diop gueye p diop gueye,"[""P. Diop"",""Pape Cheikh Diop Gueye"",""Gueye""]",Spain,"CM,CDM",Midfield,1997,,,false,[],[],Spain,,Medium,1310,fifa_players_csv,pape_cheikh_diop_gueye_1997
renan_ribeiro_1990,Renan Ribeiro,renan ribeiro,"[""Renan Ribeiro""]",Brazil,GK,Goalkeeper,1990,,,false,[],[],Brazil,,Medium,1310,fifa_players_csv,renan_ribeiro_1990
salvador_sevilla_lopez_1984,Salvador Sevilla López,salvador sevilla lopez salva sevilla lopez,"[""Salva Sevilla"",""Salvador Sevilla López"",""López""]",Spain,"CM,LM,CAM",Midfield,1984,,,false,[],[],Spain,,Medium,1310,fifa_players_csv,salvador_sevilla_lopez_1984
samuel_grandsir_1996,Samuel Grandsir,samuel grandsir s grandsir grandsir,"[""S. Grandsir"",""Samuel Grandsir"",""Grandsir""]",France,"RM,LM",Midfield,1996,,,false,[],[],France,,Medium,1310,fifa_players_csv,samuel_grandsir_1996
sebastian_villa_1996,Sebastián Villa,sebastian villa s villa villa,"[""S. Villa"",""Sebastián Villa"",""Villa""]",Colombia,"RW,LW,ST",Attack,1996,,,false,[],[],Boca Juniors,,Medium,1310,fifa_players_csv,sebastian_villa_1996
zakaria_labyad_1993,Zakaria Labyad,zakaria labyad z labyad labyad,"[""Z. Labyad"",""Zakaria Labyad"",""Labyad""]",Morocco,"CAM,LW",Midfield,1993,,,false,[],[],Morocco,,Medium,1310,fifa_players_csv,zakaria_labyad_1993
zoltan_stieber_1988,Zoltán Stieber,zoltan stieber z stieber stieber,"[""Z. Stieber"",""Zoltán Stieber"",""Stieber""]",Hungary,"RM,LM",Midfield,1988,,,false,[],[],Hungary,,Medium,1310,fifa_players_csv,zoltan_stieber_1988
andre_almeida_pinto_1989,André Almeida Pinto,andre almeida pinto andre pinto pinto,"[""André Pinto"",""André Almeida Pinto"",""Pinto""]",Portugal,CB,Defence,1989,,,false,[],[],Portugal,,Medium,1309,fifa_players_csv,andre_almeida_pinto_1989
andre_luis_gomes_simoes_1989,André Luís Gomes Simões,andre luis gomes simoes andre simoes simoes,"[""André Simões"",""André Luís Gomes Simões"",""Simões""]",Portugal,"CDM,CM",Midfield,1989,,,false,[],[],Portugal,,Medium,1309,fifa_players_csv,andre_luis_gomes_simoes_1989
antonio_barreca_1995,Antonio Barreca,antonio barreca a barreca barreca,"[""A. Barreca"",""Antonio Barreca"",""Barreca""]",Italy,LB,Defence,1995,,,false,[],[],Italy,,Medium,1309,fifa_players_csv,antonio_barreca_1995
bernardo_fernandes_da_silva_junior_1995,Bernardo Fernandes da Silva Junior,bernardo fernandes da silva junior bernardo junior,"[""Bernardo"",""Bernardo Fernandes da Silva Junior"",""Junior""]",Brazil,"LB,RB",Defence,1995,,,false,[],[],Brazil,,Medium,1309,fifa_players_csv,bernardo_fernandes_da_silva_junior_1995
carlos_andres_villanueva_roland_1986,Carlos Andrés Villanueva Roland,carlos andres villanueva roland c villanueva roland,"[""C. Villanueva"",""Carlos Andrés Villanueva Roland"",""Roland""]",Chile,"CAM,CM",Midfield,1986,,,false,[],[],Chile,,Medium,1309,fifa_players_csv,carlos_andres_villanueva_roland_1986
daniel_brosinski_1988,Daniel Brosinski,daniel brosinski d brosinski brosinski,"[""D. Brosinski"",""Daniel Brosinski"",""Brosinski""]",Germany,"RB,LB,RWB",Defence,1988,,,false,[],[],Germany,,Medium,1309,fifa_players_csv,daniel_brosinski_1988
david_junca_rene_1993,David Juncà Reñé,david junca rene david junca rene,"[""David Juncà"",""David Juncà Reñé"",""Reñé""]",Spain,LB,Defence,1993,,,false,[],[],Spain,,Medium,1309,fifa_players_csv,david_junca_rene_1993
dayro_mauricio_moreno_galindo_1985,Dayro Mauricio Moreno Galindo,dayro mauricio moreno galindo d moreno galindo,"[""D. Moreno"",""Dayro Mauricio Moreno Galindo"",""Galindo""]",Colombia,ST,Attack,1985,,,false,[],[],Colombia,,Medium,1309,fifa_players_csv,dayro_mauricio_moreno_galindo_1985
edinaldo_gomes_pereira_1988,Edinaldo Gomes Pereira,edinaldo gomes pereira naldo pereira,"[""Naldo"",""Edinaldo Gomes Pereira"",""Pereira""]",Brazil,CB,Defence,1988,,,false,[],[],Brazil,,Medium,1309,fifa_players_csv,edinaldo_gomes_pereira_1988
federico_ricca_rostagnol_1994,Federico Ricca Rostagnol,federico ricca rostagnol f ricca rostagnol,"[""F. Ricca"",""Federico Ricca Rostagnol"",""Rostagnol""]",Uruguay,LB,Defence,1994,,,false,[],[],Uruguay,,Medium,1309,fifa_players_csv,federico_ricca_rostagnol_1994
giovanni_moreno_1986,Giovanni Moreno,giovanni moreno g moreno moreno,"[""G. Moreno"",""Giovanni Moreno"",""Moreno""]",Colombia,"CAM,CM,ST",Midfield,1986,,,false,[],[],Colombia,,Medium,1309,fifa_players_csv,giovanni_moreno_1986
ike_opara_1989,Ike Opara,ike opara i opara opara,"[""I. Opara"",""Ike Opara"",""Opara""]",United States,CB,Defence,1989,,,false,[],[],United States,,Medium,1309,fifa_players_csv,ike_opara_1989
jonathan_hogg_1988,Jonathan Hogg,jonathan hogg j hogg hogg,"[""J. Hogg"",""Jonathan Hogg"",""Hogg""]",England,"CDM,CM",Midfield,1988,,,false,[],[],England,,Medium,1309,fifa_players_csv,jonathan_hogg_1988
jordan_amavi_1994,Jordan Amavi,jordan amavi j amavi amavi,"[""J. Amavi"",""Jordan Amavi"",""Amavi""]",France,LB,Defence,1994,,,false,[],[],France,,Medium,1309,fifa_players_csv,jordan_amavi_1994
jose_luis_palomino_1990,José Luis Palomino,jose luis palomino j palomino palomino,"[""J. Palomino"",""José Luis Palomino"",""Palomino""]",Argentina,CB,Defence,1990,,,false,[],[],Argentina,,Medium,1309,fifa_players_csv,jose_luis_palomino_1990
luiz_phellype_luciano_silva_1993,Luiz Phellype Luciano Silva,luiz phellype luciano silva luiz phellype silva,"[""Luiz Phellype"",""Luiz Phellype Luciano Silva"",""Silva""]",Brazil,ST,Attack,1993,,,false,[],[],Brazil,,Medium,1309,fifa_players_csv,luiz_phellype_luciano_silva_1993
martin_aguirregabiria_1996,Martín Aguirregabiria,martin aguirregabiria martin aguirregabiria,"[""Martín"",""Martín Aguirregabiria"",""Aguirregabiria""]",Spain,RB,Defence,1996,,,false,[],[],Spain,,Medium,1309,fifa_players_csv,martin_aguirregabiria_1996
marvin_martin_1988,Marvin Martin,marvin martin m martin martin,"[""M. Martin"",""Marvin Martin"",""Martin""]",France,"CAM,CM",Midfield,1988,,,false,[],[],France,,Medium,1309,fifa_players_csv,marvin_martin_1988
oscar_duarte_1989,Óscar Duarte,oscar duarte o duarte duarte,"[""O. Duarte"",""Óscar Duarte"",""Duarte""]",Costa Rica,"CB,CDM",Defence,1989,,,false,[],[],Costa Rica,,Medium,1309,fifa_players_csv,oscar_duarte_1989
rick_karsdorp_1995,Rick Karsdorp,rick karsdorp r karsdorp karsdorp,"[""R. Karsdorp"",""Rick Karsdorp"",""Karsdorp""]",Netherlands,RB,Defence,1995,,,false,[],[],Netherlands,,Medium,1309,fifa_players_csv,rick_karsdorp_1995
thomas_foket_1994,Thomas Foket,thomas foket t foket foket,"[""T. Foket"",""Thomas Foket"",""Foket""]",Belgium,RB,Defence,1994,,,false,[],[],Belgium,,Medium,1309,fifa_players_csv,thomas_foket_1994
zdravko_kuzmanovic_1987,Zdravko Kuzmanović,zdravko kuzmanovic z kuzmanovic kuzmanovic,"[""Z. Kuzmanović"",""Zdravko Kuzmanović"",""Kuzmanović""]",Serbia,"CM,CDM",Midfield,1987,,,false,[],[],Serbia,,Medium,1309,fifa_players_csv,zdravko_kuzmanovic_1987
1992_50,昌子 源,g shoji,"[""G. Shoji""]",Japan,CB,Defence,1992,,,false,[],[],Japan,,Medium,1309,fifa_players_csv,1992_50
ben_woodburn_1999,Ben Woodburn,ben woodburn b woodburn woodburn,"[""B. Woodburn"",""Ben Woodburn"",""Woodburn""]",Wales,"CAM,LW,ST",Midfield,1999,,,false,[],[],Wales,,Medium,1308,fifa_players_csv,ben_woodburn_1999
cameron_jerome_1986,Cameron Jerome,cameron jerome c jerome jerome,"[""C. Jerome"",""Cameron Jerome"",""Jerome""]",England,ST,Attack,1986,,,false,[],[],England,,Medium,1308,fifa_players_csv,cameron_jerome_1986
christian_luyindama_nekadio_1994,Christian  Luyindama Nekadio,christian luyindama nekadio c luyindama nekadio,"[""C. Luyindama"",""Christian Luyindama Nekadio"",""Nekadio""]",DR Congo,"CB,CDM",Defence,1994,,,false,[],[],DR Congo,,Medium,1308,fifa_players_csv,christian_luyindama_nekadio_1994
danilo_das_neves_pinheiro_1992,Danilo das Neves Pinheiro,danilo das neves pinheiro tche tche pinheiro,"[""Tchê Tchê"",""Danilo das Neves Pinheiro"",""Pinheiro""]",Brazil,"CM,CDM",Midfield,1992,,,false,[],[],Brazil,,Medium,1308,fifa_players_csv,danilo_das_neves_pinheiro_1992
declan_rice_1999,Declan Rice,declan rice d rice rice,"[""D. Rice"",""Declan Rice"",""Rice""]",Republic of Ireland,"CDM,CB,CM",Midfield,1999,,,false,[],[],Republic of Ireland,,Medium,1308,fifa_players_csv,declan_rice_1999
gabriel_eduardo_achilier_zurita_1985,Gabriel Eduardo Achilier Zurita,gabriel eduardo achilier zurita g achilier zurita,"[""G. Achilier"",""Gabriel Eduardo Achilier Zurita"",""Zurita""]",Ecuador,CB,Defence,1985,,,false,[],[],Monarcas Morelia,,Medium,1308,fifa_players_csv,gabriel_eduardo_achilier_zurita_1985
gilbert_gianelli_imbula_wanga_1992,Gilbert Gianelli Imbula Wanga,gilbert gianelli imbula wanga g imbula wanga,"[""G. Imbula"",""Gilbert Gianelli Imbula Wanga"",""Wanga""]",France,"CM,CDM",Midfield,1992,,,false,[],[],France,,Medium,1308,fifa_players_csv,gilbert_gianelli_imbula_wanga_1992
nemanja_radoja_1993,Nemanja Radoja,nemanja radoja n radoja radoja,"[""N. Radoja"",""Nemanja Radoja"",""Radoja""]",Serbia,"CM,CDM",Midfield,1993,,,false,[],[],Serbia,,Medium,1308,fifa_players_csv,nemanja_radoja_1993
rodrigo_ely_1993,Rodrigo Ely,rodrigo ely,"[""Rodrigo Ely""]",Brazil,CB,Defence,1993,,,false,[],[],Brazil,,Medium,1308,fifa_players_csv,rodrigo_ely_1993
strahil_venkov_popov_1990,Strahil Venkov Popov,strahil venkov popov s popov popov,"[""S. Popov"",""Strahil Venkov Popov"",""Popov""]",Bulgaria,RB,Defence,1990,,,false,[],[],Bulgaria,,Medium,1308,fifa_players_csv,strahil_venkov_popov_1990
tim_sparv_1987,Tim Sparv,tim sparv t sparv sparv,"[""T. Sparv"",""Tim Sparv"",""Sparv""]",Finland,"CM,CDM",Midfield,1987,,,false,[],[],Finland,,Medium,1308,fifa_players_csv,tim_sparv_1987
vitaliy_buyalskyi_1993,Vitaliy Buyalskyi,vitaliy buyalskyi v buyalskyi buyalskyi,"[""V. Buyalskyi"",""Vitaliy Buyalskyi"",""Buyalskyi""]",Ukraine,"CM,CAM,CDM",Midfield,1993,,,false,[],[],Ukraine,,Medium,1308,fifa_players_csv,vitaliy_buyalskyi_1993
alessandro_baia_marques_1988,Alessandro Baia Marques,alessandro baia marques alexo baia marques,"[""Alexo Baia"",""Alessandro Baia Marques"",""Marques""]",Brazil,"RB,RW",Defence,1988,,,false,[],[],Brazil,,Medium,1307,fifa_players_csv,alessandro_baia_marques_1988
andeson_jaime_trigo_goncalves_1988,Andeson Jaime Trigo Gonçalves,andeson jaime trigo goncalves andeson trigo goncalves,"[""Andeson Trigo"",""Andeson Jaime Trigo Gonçalves"",""Gonçalves""]",Brazil,"LB,LM,CAM",Defence,1988,,,false,[],[],Brazil,,Medium,1307,fifa_players_csv,andeson_jaime_trigo_goncalves_1988
ante_coric_1997,Ante Ćorić,ante coric a coric coric,"[""A. Ćorić"",""Ante Ćorić"",""Ćorić""]",Croatia,"CAM,CM",Midfield,1997,,,false,[],[],Croatia,,Medium,1307,fifa_players_csv,ante_coric_1997
carlos_fernandez_luna_1996,Carlos Fernández Luna,carlos fernandez luna carlos fernandez luna,"[""Carlos Fernández"",""Carlos Fernández Luna"",""Luna""]",Spain,ST,Attack,1996,,,false,[],[],Spain,,Medium,1307,fifa_players_csv,carlos_fernandez_luna_1996
chad_marshall_1984,Chad Marshall,chad marshall c marshall marshall,"[""C. Marshall"",""Chad Marshall"",""Marshall""]",United States,CB,Defence,1984,,,false,[],[],United States,,Medium,1307,fifa_players_csv,chad_marshall_1984
davi_alexandre_parrela_ferreira_1988,Davi Alexandre Parrela Ferreira,davi alexandre parrela ferreira davi parrela ferreira,"[""Davi Parrela"",""Davi Alexandre Parrela Ferreira"",""Ferreira""]",Brazil,"CB,CDM",Defence,1988,,,false,[],[],Brazil,,Medium,1307,fifa_players_csv,davi_alexandre_parrela_ferreira_1988
eric_fernando_botteghin_1987,Eric Fernando Botteghin,eric fernando botteghin eric botteghin botteghin,"[""Eric Botteghin"",""Eric Fernando Botteghin"",""Botteghin""]",Brazil,CB,Defence,1987,,,false,[],[],Brazil,,Medium,1307,fifa_players_csv,eric_fernando_botteghin_1987
francesc_aday_benitez_caraballo_1987,Francesc Aday Benítez Caraballo,francesc aday benitez caraballo aday benitez caraballo,"[""Aday Benítez"",""Francesc Aday Benítez Caraballo"",""Caraballo""]",Spain,"LWB,RWB",Defence,1987,,,false,[],[],Spain,,Medium,1307,fifa_players_csv,francesc_aday_benitez_caraballo_1987
fred_marcos_anibal_dias_1992,Fred Marcos Aníbal Dias,fred marcos anibal dias fred anibao dias,"[""Fred Aníbão"",""Fred Marcos Aníbal Dias"",""Dias""]",Brazil,GK,Goalkeeper,1992,,,false,[],[],Brazil,,Medium,1307,fifa_players_csv,fred_marcos_anibal_dias_1992
george_puscas_1996,George Puşcaş,george puscas g puscas puscas,"[""G. Puşcaş"",""George Puşcaş"",""Puşcaş""]",Romania,ST,Attack,1996,,,false,[],[],Romania,,Medium,1307,fifa_players_csv,george_puscas_1996
hans_hateboer_1994,Hans Hateboer,hans hateboer h hateboer hateboer,"[""H. Hateboer"",""Hans Hateboer"",""Hateboer""]",Netherlands,"RM,RB",Midfield,1994,,,false,[],[],Netherlands,,Medium,1307,fifa_players_csv,hans_hateboer_1994
harvey_lewis_barnes_1997,Harvey Lewis Barnes,harvey lewis barnes h barnes barnes,"[""H. Barnes"",""Harvey Lewis Barnes"",""Barnes""]",England,"LW,CAM",Attack,1997,,,false,[],[],England,,Medium,1307,fifa_players_csv,harvey_lewis_barnes_1997
ibrahim_sangare_1997,Ibrahim Sangaré,ibrahim sangare i sangare sangare,"[""I. Sangaré"",""Ibrahim Sangaré"",""Sangaré""]",Ivory Coast,"CDM,CM",Midfield,1997,,,false,[],[],Ivory Coast,,Medium,1307,fifa_players_csv,ibrahim_sangare_1997
ivan_cuellar_sacristan_1984,Iván Cuéllar Sacristán,ivan cuellar sacristan ivan cuellar sacristan,"[""Iván Cuéllar"",""Iván Cuéllar Sacristán"",""Sacristán""]",Spain,GK,Goalkeeper,1984,,,false,[],[],Spain,,Medium,1307,fifa_players_csv,ivan_cuellar_sacristan_1984
jean_philippe_mateta_1997,Jean-Philippe Mateta,jean philippe mateta j mateta mateta,"[""J. Mateta"",""Jean-Philippe Mateta"",""Mateta""]",France,ST,Attack,1997,,,false,[],[],France,,Medium,1307,fifa_players_csv,jean_philippe_mateta_1997
jose_juan_vazquez_gomez_1988,José Juan Vázquez Gómez,jose juan vazquez gomez j vazquez gomez,"[""J. Vázquez"",""José Juan Vázquez Gómez"",""Gómez""]",Mexico,"CDM,CM",Midfield,1988,,,false,[],[],Mexico,,Medium,1307,fifa_players_csv,jose_juan_vazquez_gomez_1988
julio_leonardo_dourado_de_freitas_1988,Julio Leonardo Dourado de Freitas,julio leonardo dourado de freitas juli freitinho freitas,"[""Juli Freitinho"",""Julio Leonardo Dourado de Freitas"",""Freitas""]",Brazil,CB,Defence,1988,,,false,[],[],Brazil,,Medium,1307,fifa_players_csv,julio_leonardo_dourado_de_freitas_1988
lucas_zelarayan_1992,Lucas Zelarayán,lucas zelarayan l zelarayan zelarayan,"[""L. Zelarayán"",""Lucas Zelarayán"",""Zelarayán""]",Argentina,"CAM,CM",Midfield,1992,,,false,[],[],Argentina,,Medium,1307,fifa_players_csv,lucas_zelarayan_1992
mariano_julio_izco_1983,Mariano Julio Izco,mariano julio izco m izco izco,"[""M. Izco"",""Mariano Julio Izco"",""Izco""]",Argentina,"CM,CDM",Midfield,1983,,,false,[],[],Argentina,,Medium,1307,fifa_players_csv,mariano_julio_izco_1983
martin_maximiliano_mantovani_1984,Martín Maximiliano Mantovani,martin maximiliano mantovani m mantovani mantovani,"[""M. Mantovani"",""Martín Maximiliano Mantovani"",""Mantovani""]",Argentina,CB,Defence,1984,,,false,[],[],Argentina,,Medium,1307,fifa_players_csv,martin_maximiliano_mantovani_1984
mikel_balenziaga_oruesagasti_1988,Mikel Balenziaga Oruesagasti,mikel balenziaga oruesagasti balenziaga oruesagasti,"[""Balenziaga"",""Mikel Balenziaga Oruesagasti"",""Oruesagasti""]",Spain,LB,Defence,1988,,,false,[],[],Spain,,Medium,1307,fifa_players_csv,mikel_balenziaga_oruesagasti_1988
milton_casco_1988,Milton Casco,milton casco m casco casco,"[""M. Casco"",""Milton Casco"",""Casco""]",Argentina,"LB,RB",Defence,1988,,,false,[],[],Argentina,,Medium,1307,fifa_players_csv,milton_casco_1988
rafael_jorgino_cachoira_rebelo_1988,Rafael Jorgino Cachoira Rebelo,rafael jorgino cachoira rebelo rafael cachoira rebelo,"[""Rafael Cachoira"",""Rafael Jorgino Cachoira Rebelo"",""Rebelo""]",Brazil,"CB,CDM",Defence,1988,,,false,[],[],Brazil,,Medium,1307,fifa_players_csv,rafael_jorgino_cachoira_rebelo_1988
raul_rodriguez_navas_1988,Raúl Rodríguez Navas,raul rodriguez navas raul navas navas,"[""Raúl Navas"",""Raúl Rodríguez Navas"",""Navas""]",Spain,CB,Defence,1988,,,false,[],[],Spain,,Medium,1307,fifa_players_csv,raul_rodriguez_navas_1988
sam_larsson_1993,Sam Larsson,sam larsson s larsson larsson,"[""S. Larsson"",""Sam Larsson"",""Larsson""]",Sweden,LW,Attack,1993,,,false,[],[],Sweden,,Medium,1307,fifa_players_csv,sam_larsson_1993
sergio_reguilon_rodriguez_1996,Sergio Reguilón Rodríguez,sergio reguilon rodriguez reguilon rodriguez,"[""Reguilón"",""Sergio Reguilón Rodríguez"",""Rodríguez""]",Spain,LB,Defence,1996,,,false,[],[],Spain,,Medium,1307,fifa_players_csv,sergio_reguilon_rodriguez_1996
tolga_zengin_1983,Tolga Zengin,tolga zengin t zengin zengin,"[""T. Zengin"",""Tolga Zengin"",""Zengin""]",Turkey,GK,Goalkeeper,1983,,,false,[],[],Turkey,,Medium,1307,fifa_players_csv,tolga_zengin_1983
deniz_turuc_1993,Deniz Türüç,deniz turuc d turuc turuc,"[""D. Türüç"",""Deniz Türüç"",""Türüç""]",Turkey,"RM,CAM",Midfield,1993,,,false,[],[],Turkey,,Medium,1306,fifa_players_csv,deniz_turuc_1993
francisco_sol_ortiz_1992,Francisco Sol Ortiz,francisco sol ortiz fran sol ortiz,"[""Fran Sol"",""Francisco Sol Ortiz"",""Ortiz""]",Spain,ST,Attack,1992,,,false,[],[],Spain,,Medium,1306,fifa_players_csv,francisco_sol_ortiz_1992
gian_marco_ferrari_1992,Gian Marco Ferrari,gian marco ferrari g ferrari ferrari,"[""G. Ferrari"",""Gian Marco Ferrari"",""Ferrari""]",Italy,CB,Defence,1992,,,false,[],[],Italy,,Medium,1306,fifa_players_csv,gian_marco_ferrari_1992
guido_carrillo_1991,Guido Carrillo,guido carrillo g carrillo carrillo,"[""G. Carrillo"",""Guido Carrillo"",""Carrillo""]",Argentina,ST,Attack,1991,,,false,[],[],Argentina,,Medium,1306,fifa_players_csv,guido_carrillo_1991
ledian_memushaj_1986,Ledian Memushaj,ledian memushaj l memushaj memushaj,"[""L. Memushaj"",""Ledian Memushaj"",""Memushaj""]",Albania,CM,Midfield,1986,,,false,[],[],Albania,,Medium,1306,fifa_players_csv,ledian_memushaj_1986
mbaye_diagne_1991,Mbaye Diagne,mbaye diagne m diagne diagne,"[""M. Diagne"",""Mbaye Diagne"",""Diagne""]",Senegal,ST,Attack,1991,,,false,[],[],Senegal,,Medium,1306,fifa_players_csv,mbaye_diagne_1991
rasmus_falk_jensen_1992,Rasmus Falk Jensen,rasmus falk jensen r falk jensen,"[""R. Falk"",""Rasmus Falk Jensen"",""Jensen""]",Denmark,"CAM,CM,RM,LM",Midfield,1992,,,false,[],[],Denmark,,Medium,1306,fifa_players_csv,rasmus_falk_jensen_1992
ricardo_jose_araujo_ferreira_1992,Ricardo José Araújo Ferreira,ricardo jose araujo ferreira ricardo ferreira ferreira,"[""Ricardo Ferreira"",""Ricardo José Araújo Ferreira"",""Ferreira""]",Portugal,CB,Defence,1992,,,false,[],[],Portugal,,Medium,1306,fifa_players_csv,ricardo_jose_araujo_ferreira_1992
ruben_micael_freitas_da_ressurreicao_1986,Rúben Micael  Freitas da Ressurreição,ruben micael freitas da ressurreicao ruben micael ressurreicao,"[""Rúben Micael"",""Rúben Micael Freitas da Ressurreição"",""Ressurreição""]",Portugal,CM,Midfield,1986,,,false,[],[],Portugal,,Medium,1306,fifa_players_csv,ruben_micael_freitas_da_ressurreicao_1986
sergio_guardiola_navarro_1991,Sergio Guardiola Navarro,sergio guardiola navarro sergi guardiola navarro,"[""Sergi Guardiola"",""Sergio Guardiola Navarro"",""Navarro""]",Spain,ST,Attack,1991,,,false,[],[],Spain,,Medium,1306,fifa_players_csv,sergio_guardiola_navarro_1991
slobodan_medojevic_1990,Slobodan Medojević,slobodan medojevic s medojevic medojevic,"[""S. Medojević"",""Slobodan Medojević"",""Medojević""]",Serbia,CDM,Midfield,1990,,,false,[],[],Serbia,,Medium,1306,fifa_players_csv,slobodan_medojevic_1990
thomas_didillon_1995,Thomas Didillon,thomas didillon t didillon didillon,"[""T. Didillon"",""Thomas Didillon"",""Didillon""]",France,GK,Goalkeeper,1995,,,false,[],[],France,,Medium,1306,fifa_players_csv,thomas_didillon_1995
vasilios_lampropoulos_1990,Vasilios Lampropoulos,vasilios lampropoulos v lampropoulos lampropoulos,"[""V. Lampropoulos"",""Vasilios Lampropoulos"",""Lampropoulos""]",Greece,CB,Defence,1990,,,false,[],[],Greece,,Medium,1306,fifa_players_csv,vasilios_lampropoulos_1990
alexis_martin_arias_1992,Alexis Martín Arias,alexis martin arias a martin arias arias,"[""A. Martín Arias"",""Alexis Martín Arias"",""Arias""]",Argentina,GK,Goalkeeper,1992,,,false,[],[],Argentina,,Medium,1305,fifa_players_csv,alexis_martin_arias_1992
alper_potuk_1991,Alper Potuk,alper potuk a potuk potuk,"[""A. Potuk"",""Alper Potuk"",""Potuk""]",Turkey,"CAM,LM,RM",Midfield,1991,,,false,[],[],Turkey,,Medium,1305,fifa_players_csv,alper_potuk_1991
arthur_masuaku_1993,Arthur Masuaku,arthur masuaku a masuaku masuaku,"[""A. Masuaku"",""Arthur Masuaku"",""Masuaku""]",DR Congo,"LB,LWB",Defence,1993,,,false,[],[],DR Congo,,Medium,1305,fifa_players_csv,arthur_masuaku_1993
artur_jedrzejczyk_1987,Artur Jędrzejczyk,artur jedrzejczyk a jedrzejczyk jedrzejczyk,"[""A. Jędrzejczyk"",""Artur Jędrzejczyk"",""Jędrzejczyk""]",Poland,"RB,LB,CB",Defence,1987,,,false,[],[],Poland,,Medium,1305,fifa_players_csv,artur_jedrzejczyk_1987
charlie_taylor_1993,Charlie Taylor,charlie taylor c taylor taylor,"[""C. Taylor"",""Charlie Taylor"",""Taylor""]",England,LB,Defence,1993,,,false,[],[],England,,Medium,1305,fifa_players_csv,charlie_taylor_1993
diego_armando_valentin_contento_1990,Diego Armando Valentin Contento,diego armando valentin contento d contento contento,"[""D. Contento"",""Diego Armando Valentin Contento"",""Contento""]",Germany,LB,Defence,1990,,,false,[],[],Germany,,Medium,1305,fifa_players_csv,diego_armando_valentin_contento_1990
diogo_filipe_monteiro_pinto_leite_1999,Diogo Filipe Monteiro Pinto Leite,diogo filipe monteiro pinto leite diogo leite leite,"[""Diogo Leite"",""Diogo Filipe Monteiro Pinto Leite"",""Leite""]",Portugal,CB,Defence,1999,,,false,[],[],Portugal,,Medium,1305,fifa_players_csv,diogo_filipe_monteiro_pinto_leite_1999
emmanuel_dennis_1997,Emmanuel Dennis,emmanuel dennis e dennis dennis,"[""E. Dennis"",""Emmanuel Dennis"",""Dennis""]",Nigeria,"LM,RM,ST",Midfield,1997,,,false,[],[],Nigeria,,Medium,1305,fifa_players_csv,emmanuel_dennis_1997
emre_mor_1997,Emre Mor,emre mor e mor mor,"[""E. Mor"",""Emre Mor"",""Mor""]",Turkey,"LW,ST,RW",Attack,1997,,,false,[],[],Turkey,,Medium,1305,fifa_players_csv,emre_mor_1997
jarrod_bowen_1996,Jarrod Bowen,jarrod bowen j bowen bowen,"[""J. Bowen"",""Jarrod Bowen"",""Bowen""]",England,RM,Midfield,1996,,,false,[],[],England,,Medium,1305,fifa_players_csv,jarrod_bowen_1996
jose_manuel_rodriguez_benito_1992,José Manuel Rodríguez Benito,jose manuel rodriguez benito chema rodriguez benito,"[""Chema Rodríguez"",""José Manuel Rodríguez Benito"",""Benito""]",Spain,CB,Defence,1992,,,false,[],[],Spain,,Medium,1305,fifa_players_csv,jose_manuel_rodriguez_benito_1992
joseba_zaldua_bengoetxea_1992,Joseba Zaldúa Bengoetxea,joseba zaldua bengoetxea zaldua bengoetxea,"[""Zaldúa"",""Joseba Zaldúa Bengoetxea"",""Bengoetxea""]",Spain,RB,Defence,1992,,,false,[],[],Spain,,Medium,1305,fifa_players_csv,joseba_zaldua_bengoetxea_1992
jozabed_sanchez_ruiz_1991,Jozabed Sánchez Ruiz,jozabed sanchez ruiz jozabed ruiz,"[""Jozabed"",""Jozabed Sánchez Ruiz"",""Ruiz""]",Spain,"CM,CDM,CAM",Midfield,1991,,,false,[],[],Spain,,Medium,1305,fifa_players_csv,jozabed_sanchez_ruiz_1991
konstantinos_stafylidis_1993,Konstantinos Stafylidis,konstantinos stafylidis k stafylidis stafylidis,"[""K. Stafylidis"",""Konstantinos Stafylidis"",""Stafylidis""]",Greece,"LB,LWB",Defence,1993,,,false,[],[],Greece,,Medium,1305,fifa_players_csv,konstantinos_stafylidis_1993
leandro_martin_gonzalez_pirez_1992,Leandro Martín González Pírez,leandro martin gonzalez pirez l gonzalez pirez pirez,"[""L. González Pirez"",""Leandro Martín González Pírez"",""Pírez""]",Argentina,CB,Defence,1992,,,false,[],[],Argentina,,Medium,1305,fifa_players_csv,leandro_martin_gonzalez_pirez_1992
leonardo_sigali_1987,Leonardo Sigali,leonardo sigali l sigali sigali,"[""L. Sigali"",""Leonardo Sigali"",""Sigali""]",Argentina,CB,Defence,1987,,,false,[],[],Argentina,,Medium,1305,fifa_players_csv,leonardo_sigali_1987
lucas_rodriguez_1997,Lucas Rodríguez,lucas rodriguez l rodriguez rodriguez,"[""L. Rodríguez"",""Lucas Rodríguez"",""Rodríguez""]",Argentina,"CAM,LM,RM,CM",Midfield,1997,,,false,[],[],Argentina,,Medium,1305,fifa_players_csv,lucas_rodriguez_1997
luiz_araujo_1996,Luiz Araújo,luiz araujo,"[""Luiz Araújo""]",Brazil,LM,Midfield,1996,,,false,[],[],Brazil,,Medium,1305,fifa_players_csv,luiz_araujo_1996
mikel_agu_1993,Mikel Agu,mikel agu m agu agu,"[""M. Agu"",""Mikel Agu"",""Agu""]",Nigeria,"CDM,CM",Midfield,1993,,,false,[],[],Nigeria,,Medium,1305,fifa_players_csv,mikel_agu_1993
ogenyi_eddy_onazi_1992,Ogenyi Eddy Onazi,ogenyi eddy onazi o onazi onazi,"[""O. Onazi"",""Ogenyi Eddy Onazi"",""Onazi""]",Nigeria,"CDM,CM",Midfield,1992,,,false,[],[],Nigeria,,Medium,1305,fifa_players_csv,ogenyi_eddy_onazi_1992
pablo_aguilar_1987,Pablo Aguilar,pablo aguilar p aguilar aguilar,"[""P. Aguilar"",""Pablo Aguilar"",""Aguilar""]",Paraguay,CB,Defence,1987,,,false,[],[],Paraguay,,Medium,1305,fifa_players_csv,pablo_aguilar_1987
pablo_renan_dos_santos_1992,Pablo Renan dos Santos,pablo renan dos santos pablo santos santos,"[""Pablo Santos"",""Pablo Renan dos Santos"",""Santos""]",Brazil,CB,Defence,1992,,,false,[],[],Brazil,,Medium,1305,fifa_players_csv,pablo_renan_dos_santos_1992
paulus_arajuuri_1988,Paulus Arajuuri,paulus arajuuri p arajuuri arajuuri,"[""P. Arajuuri"",""Paulus Arajuuri"",""Arajuuri""]",Finland,CB,Defence,1988,,,false,[],[],Finland,,Medium,1305,fifa_players_csv,paulus_arajuuri_1988
rani_khedira_1994,Rani Khedira,rani khedira r khedira khedira,"[""R. Khedira"",""Rani Khedira"",""Khedira""]",Germany,"CB,CDM",Defence,1994,,,false,[],[],Germany,,Medium,1305,fifa_players_csv,rani_khedira_1994
saido_berahino_1993,Saido Berahino,saido berahino s berahino berahino,"[""S. Berahino"",""Saido Berahino"",""Berahino""]",Burundi,"ST,CAM",Attack,1993,,,false,[],[],Burundi,,Medium,1305,fifa_players_csv,saido_berahino_1993
sam_johnstone_1993,Sam Johnstone,sam johnstone s johnstone johnstone,"[""S. Johnstone"",""Sam Johnstone"",""Johnstone""]",England,GK,Goalkeeper,1993,,,false,[],[],England,,Medium,1305,fifa_players_csv,sam_johnstone_1993
sebastian_jung_1990,Sebastian Jung,sebastian jung s jung jung,"[""S. Jung"",""Sebastian Jung"",""Jung""]",Germany,RB,Defence,1990,,,false,[],[],Germany,,Medium,1305,fifa_players_csv,sebastian_jung_1990
sergio_alvarez_diaz_1992,Sergio Álvarez Díaz,sergio alvarez diaz sergio alvarez diaz,"[""Sergio Álvarez"",""Sergio Álvarez Díaz"",""Díaz""]",Spain,"CDM,CM",Midfield,1992,,,false,[],[],Spain,,Medium,1305,fifa_players_csv,sergio_alvarez_diaz_1992
sven_van_beek_1994,Sven van Beek,sven van beek s van beek beek,"[""S. van Beek"",""Sven van Beek"",""Beek""]",Netherlands,CB,Defence,1994,,,false,[],[],Netherlands,,Medium,1305,fifa_players_csv,sven_van_beek_1994
teji_savanier_1991,Téji Savanier,teji savanier t savanier savanier,"[""T. Savanier"",""Téji Savanier"",""Savanier""]",France,"CM,CDM",Midfield,1991,,,false,[],[],France,,Medium,1305,fifa_players_csv,teji_savanier_1991
unai_bustinza_martinez_1992,Unai Bustinza Martínez,unai bustinza martinez bustinza martinez,"[""Bustinza"",""Unai Bustinza Martínez"",""Martínez""]",Spain,"CB,RB",Defence,1992,,,false,[],[],Spain,,Medium,1305,fifa_players_csv,unai_bustinza_martinez_1992
adama_traore_diarra_1996,Adama Traoré Diarra,adama traore diarra adama diarra,"[""Adama"",""Adama Traoré Diarra"",""Diarra""]",Spain,"RW,RM",Attack,1996,,,false,[],[],Spain,,Medium,1304,fifa_players_csv,adama_traore_diarra_1996
angelo_fulgini_1996,Angelo Fulgini,angelo fulgini a fulgini fulgini,"[""A. Fulgini"",""Angelo Fulgini"",""Fulgini""]",France,"RM,CM,RW",Midfield,1996,,,false,[],[],France,,Medium,1304,fifa_players_csv,angelo_fulgini_1996
bruno_valdez_1992,Bruno Valdez,bruno valdez b valdez valdez,"[""B. Valdez"",""Bruno Valdez"",""Valdez""]",Paraguay,"CB,RB",Defence,1992,,,false,[],[],Paraguay,,Medium,1304,fifa_players_csv,bruno_valdez_1992
charly_musonda_junior_1996,Charly Musonda Junior,charly musonda junior c musonda junior,"[""C. Musonda"",""Charly Musonda Junior"",""Junior""]",Belgium,"RW,LW",Attack,1996,,,false,[],[],Belgium,,Medium,1304,fifa_players_csv,charly_musonda_junior_1996
georgios_tzavellas_1987,Georgios Tzavellas,georgios tzavellas g tzavellas tzavellas,"[""G. Tzavellas"",""Georgios Tzavellas"",""Tzavellas""]",Greece,"CB,LB",Defence,1987,,,false,[],[],Greece,,Medium,1304,fifa_players_csv,georgios_tzavellas_1987
guilherme_arana_lopes_1997,Guilherme Arana Lopes,guilherme arana lopes arana lopes,"[""Arana"",""Guilherme Arana Lopes"",""Lopes""]",Brazil,"LM,LB",Midfield,1997,,,false,[],[],Brazil,,Medium,1304,fifa_players_csv,guilherme_arana_lopes_1997
ignacio_pussetto_1995,Ignacio Pussetto,ignacio pussetto i pussetto pussetto,"[""I. Pussetto"",""Ignacio Pussetto"",""Pussetto""]",Argentina,"RW,RM,CF,CAM",Attack,1995,,,false,[],[],Argentina,,Medium,1304,fifa_players_csv,ignacio_pussetto_1995
james_morrison_1986,James  Morrison,james morrison j morrison morrison,"[""J. Morrison"",""James Morrison"",""Morrison""]",Scotland,"CAM,CM",Midfield,1986,,,false,[],[],Scotland,,Medium,1304,fifa_players_csv,james_morrison_1986
jose_gustavo_sand_1980,José Gustavo Sand,jose gustavo sand j sand sand,"[""J. Sand"",""José Gustavo Sand"",""Sand""]",Argentina,ST,Attack,1980,,,false,[],[],Argentina,,Medium,1304,fifa_players_csv,jose_gustavo_sand_1980
kelechi_iheanacho_1996,Kelechi Iheanacho,kelechi iheanacho k iheanacho iheanacho,"[""K. Iheanacho"",""Kelechi Iheanacho"",""Iheanacho""]",Nigeria,"ST,CF",Attack,1996,,,false,[],[],Nigeria,,Medium,1304,fifa_players_csv,kelechi_iheanacho_1996
levy_koffi_djidji_1992,Lévy Koffi Djidji,levy koffi djidji k djidji djidji,"[""K. Djidji"",""Lévy Koffi Djidji"",""Djidji""]",Ivory Coast,"CB,LB",Defence,1992,,,false,[],[],Ivory Coast,,Medium,1304,fifa_players_csv,levy_koffi_djidji_1992
luis_miguel_rodriguez_1985,Luis Miguel Rodríguez,luis miguel rodriguez l rodriguez rodriguez,"[""L. Rodríguez"",""Luis Miguel Rodríguez"",""Rodríguez""]",Argentina,"ST,CAM,CF",Attack,1985,,,false,[],[],Argentina,,Medium,1304,fifa_players_csv,luis_miguel_rodriguez_1985
mark_anthony_kaye_1994,Mark-Anthony Kaye,mark anthony kaye m kaye kaye,"[""M. Kaye"",""Mark-Anthony Kaye"",""Kaye""]",Canada,"CM,CAM",Midfield,1994,,,false,[],[],Canada,,Medium,1304,fifa_players_csv,mark_anthony_kaye_1994
michael_esser_1987,Michael Esser,michael esser m esser esser,"[""M. Esser"",""Michael Esser"",""Esser""]",Germany,GK,Goalkeeper,1987,,,false,[],[],Germany,,Medium,1304,fifa_players_csv,michael_esser_1987
micha_pazdan_1987,Michał Pazdan,micha pazdan m pazdan pazdan,"[""M. Pazdan"",""Michał Pazdan"",""Pazdan""]",Poland,CB,Defence,1987,,,false,[],[],Poland,,Medium,1304,fifa_players_csv,micha_pazdan_1987
mirco_antenucci_1984,Mirco Antenucci,mirco antenucci m antenucci antenucci,"[""M. Antenucci"",""Mirco Antenucci"",""Antenucci""]",Italy,"ST,CF",Attack,1984,,,false,[],[],Italy,,Medium,1304,fifa_players_csv,mirco_antenucci_1984
nelson_arturo_reis_lopes_1988,Nelson Arturo Reis Lopes,nelson arturo reis lopes nelsildo reis lopes,"[""Nelsildo Reis"",""Nelson Arturo Reis Lopes"",""Lopes""]",Brazil,GK,Goalkeeper,1988,,,false,[],[],Brazil,,Medium,1304,fifa_players_csv,nelson_arturo_reis_lopes_1988
nicholas_julio_aldair_leal_1992,Nicholas Júlio Aldair Leal,nicholas julio aldair leal nicholas aldair leal,"[""Nicholas Aldair"",""Nicholas Júlio Aldair Leal"",""Leal""]",Brazil,ST,Attack,1992,,,false,[],[],Brazil,,Medium,1304,fifa_players_csv,nicholas_julio_aldair_leal_1992
osmar_ibanez_barba_1988,Osmar Ibáñez Barba,osmar ibanez barba osmar barba,"[""Osmar"",""Osmar Ibáñez Barba"",""Barba""]",Spain,"CDM,CB,CM",Midfield,1988,,,false,[],[],Spain,,Medium,1304,fifa_players_csv,osmar_ibanez_barba_1988
patrick_roberts_1997,Patrick Roberts,patrick roberts p roberts roberts,"[""P. Roberts"",""Patrick Roberts"",""Roberts""]",England,"RM,ST",Midfield,1997,,,false,[],[],England,,Medium,1304,fifa_players_csv,patrick_roberts_1997
prince_oniangue_1988,Prince Oniangué,prince oniangue p oniangue oniangue,"[""P. Oniangué"",""Prince Oniangué"",""Oniangué""]",Congo,"CDM,CM,CAM",Midfield,1988,,,false,[],[],Congo,,Medium,1304,fifa_players_csv,prince_oniangue_1988
viktor_kovalenko_1996,Viktor Kovalenko,viktor kovalenko v kovalenko kovalenko,"[""V. Kovalenko"",""Viktor Kovalenko"",""Kovalenko""]",Ukraine,"CAM,CM",Midfield,1996,,,false,[],[],Ukraine,,Medium,1304,fifa_players_csv,viktor_kovalenko_1996
alexander_ring_1991,Alexander Ring,alexander ring a ring ring,"[""A. Ring"",""Alexander Ring"",""Ring""]",Finland,"CDM,CM,CB",Midfield,1991,,,false,[],[],Finland,,Medium,1303,fifa_players_csv,alexander_ring_1991
andres_eduardo_fernandez_moreno_1986,Andrés Eduardo Fernández Moreno,andres eduardo fernandez moreno andres fernandez moreno,"[""Andrés Fernández"",""Andrés Eduardo Fernández Moreno"",""Moreno""]",Spain,GK,Goalkeeper,1986,,,false,[],[],Spain,,Medium,1303,fifa_players_csv,andres_eduardo_fernandez_moreno_1986
johannes_hopf_1987,Johannes Hopf,johannes hopf j hopf hopf,"[""J. Hopf"",""Johannes Hopf"",""Hopf""]",Sweden,GK,Goalkeeper,1987,,,false,[],[],Sweden,,Medium,1303,fifa_players_csv,johannes_hopf_1987
sergiy_kryvtsov_1991,Sergiy Kryvtsov,sergiy kryvtsov s kryvtsov kryvtsov,"[""S. Kryvtsov"",""Sergiy Kryvtsov"",""Kryvtsov""]",Ukraine,CB,Defence,1991,,,false,[],[],Ukraine,,Medium,1303,fifa_players_csv,sergiy_kryvtsov_1991
abderrazak_hamdallah_1990,Abderrazak Hamdallah,abderrazak hamdallah a hamdallah hamdallah,"[""A. Hamdallah"",""Abderrazak Hamdallah"",""Hamdallah""]",Morocco,ST,Attack,1990,,,false,[],[],Morocco,,Medium,1302,fifa_players_csv,abderrazak_hamdallah_1990
ailton_sergio_guevara_muscato_1992,Ailton Sérgio Guevara Muscato,ailton sergio guevara muscato ailton guevara muscato,"[""Ailton Guevara"",""Ailton Sérgio Guevara Muscato"",""Muscato""]",Brazil,"CAM,CF,ST",Midfield,1992,,,false,[],[],Brazil,,Medium,1302,fifa_players_csv,ailton_sergio_guevara_muscato_1992
alan_patrick_lourenco_1991,Alan Patrick Lourenço,alan patrick lourenco alan patrick lourenco,"[""Alan Patrick"",""Alan Patrick Lourenço"",""Lourenço""]",Brazil,"CAM,CDM",Midfield,1991,,,false,[],[],Brazil,,Medium,1302,fifa_players_csv,alan_patrick_lourenco_1991
alfredo_donnarumma_1990,Alfredo Donnarumma,alfredo donnarumma a donnarumma donnarumma,"[""A. Donnarumma"",""Alfredo Donnarumma"",""Donnarumma""]",Italy,ST,Attack,1990,,,false,[],[],Italy,,Medium,1302,fifa_players_csv,alfredo_donnarumma_1990
alhassan_wakaso_1992,Alhassan Wakaso,alhassan wakaso a wakaso wakaso,"[""A. Wakaso"",""Alhassan Wakaso"",""Wakaso""]",Ghana,"CDM,CM",Midfield,1992,,,false,[],[],Ghana,,Medium,1302,fifa_players_csv,alhassan_wakaso_1992
allan_norberto_bardini_paneira_1992,Allan Norberto Bardini Paneira,allan norberto bardini paneira allan bardinho paneira,"[""Allan Bardinho"",""Allan Norberto Bardini Paneira"",""Paneira""]",Brazil,"CAM,CM",Midfield,1992,,,false,[],[],Brazil,,Medium,1302,fifa_players_csv,allan_norberto_bardini_paneira_1992
andre_filipe_luz_horta_1996,André Filipe Luz Horta,andre filipe luz horta andre horta horta,"[""André Horta"",""André Filipe Luz Horta"",""Horta""]",Portugal,"CM,CAM",Midfield,1996,,,false,[],[],Portugal,,Medium,1302,fifa_players_csv,andre_filipe_luz_horta_1996
andre_ramalho_silva_1992,André Ramalho Silva,andre ramalho silva andre ramalho silva,"[""André Ramalho"",""André Ramalho Silva"",""Silva""]",Brazil,"CB,CDM",Defence,1992,,,false,[],[],Brazil,,Medium,1302,fifa_players_csv,andre_ramalho_silva_1992
anga_dedryck_boyata_1990,Anga Dedryck Boyata,anga dedryck boyata d boyata boyata,"[""D. Boyata"",""Anga Dedryck Boyata"",""Boyata""]",Belgium,CB,Defence,1990,,,false,[],[],Belgium,,Medium,1302,fifa_players_csv,anga_dedryck_boyata_1990
augusto_jorge_mateo_solari_1992,Augusto Jorge Mateo Solari,augusto jorge mateo solari a solari solari,"[""A. Solari"",""Augusto Jorge Mateo Solari"",""Solari""]",Argentina,"RM,LM",Midfield,1992,,,false,[],[],Argentina,,Medium,1302,fifa_players_csv,augusto_jorge_mateo_solari_1992
carlos_daniel_lopez_huesca_1990,Carlos Daniel López Huesca,carlos daniel lopez huesca carlitos huesca,"[""Carlitos"",""Carlos Daniel López Huesca"",""Huesca""]",Spain,ST,Attack,1990,,,false,[],[],Spain,,Medium,1302,fifa_players_csv,carlos_daniel_lopez_huesca_1990
connor_roberts_1995,Connor Roberts,connor roberts c roberts roberts,"[""C. Roberts"",""Connor Roberts"",""Roberts""]",Wales,"RB,RW,LB",Defence,1995,,,false,[],[],Wales,,Medium,1302,fifa_players_csv,connor_roberts_1995
fabricio_dos_santos_messias_1990,Fabrício dos Santos Messias,fabricio dos santos messias fabricio messias,"[""Fabrício"",""Fabrício dos Santos Messias"",""Messias""]",Brazil,"ST,LW",Attack,1990,,,false,[],[],Brazil,,Medium,1302,fifa_players_csv,fabricio_dos_santos_messias_1990
fabrio_sandro_farinha_donatelo_1992,Fabrio Sandro Farinha Donatelo,fabrio sandro farinha donatelo fabrio farinha donatelo,"[""Fabrio Farinha"",""Fabrio Sandro Farinha Donatelo"",""Donatelo""]",Brazil,"CAM,LM",Midfield,1992,,,false,[],[],Brazil,,Medium,1302,fifa_players_csv,fabrio_sandro_farinha_donatelo_1992
felix_wiedwald_1990,Felix Wiedwald,felix wiedwald f wiedwald wiedwald,"[""F. Wiedwald"",""Felix Wiedwald"",""Wiedwald""]",Germany,GK,Goalkeeper,1990,,,false,[],[],Germany,,Medium,1302,fifa_players_csv,felix_wiedwald_1990
florian_niederlechner_1990,Florian Niederlechner,florian niederlechner f niederlechner niederlechner,"[""F. Niederlechner"",""Florian Niederlechner"",""Niederlechner""]",Germany,ST,Attack,1990,,,false,[],[],Germany,,Medium,1302,fifa_players_csv,florian_niederlechner_1990
fransergio_rodrigues_barbosa_1990,Fransérgio Rodrigues Barbosa,fransergio rodrigues barbosa fransergio barbosa,"[""Fransérgio"",""Fransérgio Rodrigues Barbosa"",""Barbosa""]",Brazil,"CM,CDM",Midfield,1990,,,false,[],[],Brazil,,Medium,1302,fifa_players_csv,fransergio_rodrigues_barbosa_1990
gerson_santos_da_silva_1997,Gerson Santos da Silva,gerson santos da silva gerson silva,"[""Gerson"",""Gerson Santos da Silva"",""Silva""]",Brazil,"CM,RW",Midfield,1997,,,false,[],[],Brazil,,Medium,1302,fifa_players_csv,gerson_santos_da_silva_1997
guilherme_costa_marques_1991,Guilherme Costa Marques,guilherme costa marques guilherme marques,"[""Guilherme"",""Guilherme Costa Marques"",""Marques""]",Brazil,"RM,CAM",Midfield,1991,,,false,[],[],Brazil,,Medium,1302,fifa_players_csv,guilherme_costa_marques_1991
inigo_lekue_martinez_1993,Iñigo Lekue Martínez,inigo lekue martinez lekue martinez,"[""Lekue"",""Iñigo Lekue Martínez"",""Martínez""]",Spain,"RB,LW,LB,RW",Defence,1993,,,false,[],[],Spain,,Medium,1302,fifa_players_csv,inigo_lekue_martinez_1993
jean_charles_castelletto_1995,Jean-Charles Castelletto,jean charles castelletto j castelletto castelletto,"[""J. Castelletto"",""Jean-Charles Castelletto"",""Castelletto""]",Cameroon,CB,Defence,1995,,,false,[],[],Cameroon,,Medium,1302,fifa_players_csv,jean_charles_castelletto_1995
joshua_brenet_1994,Joshua Brenet,joshua brenet j brenet brenet,"[""J. Brenet"",""Joshua Brenet"",""Brenet""]",Netherlands,"LWB,LB,RB,RWB",Defence,1994,,,false,[],[],Netherlands,,Medium,1302,fifa_players_csv,joshua_brenet_1994
julio_furch_1989,Julio Furch,julio furch j furch furch,"[""J. Furch"",""Julio Furch"",""Furch""]",Argentina,ST,Attack,1989,,,false,[],[],Argentina,,Medium,1302,fifa_players_csv,julio_furch_1989
kaku_guelor_kanga_1990,Kaku Guélor Kanga,kaku guelor kanga k kanga kanga,"[""K. Kanga"",""Kaku Guélor Kanga"",""Kanga""]",Gabon,"CAM,CM",Midfield,1990,,,false,[],[],Gabon,,Medium,1302,fifa_players_csv,kaku_guelor_kanga_1990
khama_billiat_1990,Khama Billiat,khama billiat k billiat billiat,"[""K. Billiat"",""Khama Billiat"",""Billiat""]",Zimbabwe,"RW,ST",Attack,1990,,,false,[],[],Zimbabwe,,Medium,1302,fifa_players_csv,khama_billiat_1990
lucas_martinez_quarta_1996,Lucas Martínez Quarta,lucas martinez quarta l martinez quarta quarta,"[""L. Martínez Quarta"",""Lucas Martínez Quarta"",""Quarta""]",Argentina,CB,Defence,1996,,,false,[],[],Argentina,,Medium,1302,fifa_players_csv,lucas_martinez_quarta_1996
luis_enrique_quinones_1991,Luis Enrique Quiñónes,luis enrique quinones l quinones quinones,"[""L. Quiñones"",""Luis Enrique Quiñónes"",""Quiñónes""]",Colombia,"LM,RM,CM",Midfield,1991,,,false,[],[],Colombia,,Medium,1302,fifa_players_csv,luis_enrique_quinones_1991
mubarak_wakaso_1990,Mubarak Wakaso,mubarak wakaso m wakaso wakaso,"[""M. Wakaso"",""Mubarak Wakaso"",""Wakaso""]",Ghana,"CM,LM,RM",Midfield,1990,,,false,[],[],Ghana,,Medium,1302,fifa_players_csv,mubarak_wakaso_1990
ola_williams_kamara_1989,Ola  Williams Kamara,ola williams kamara o kamara kamara,"[""O. Kamara"",""Ola Williams Kamara"",""Kamara""]",Norway,"ST,LW",Attack,1989,,,false,[],[],Norway,,Medium,1302,fifa_players_csv,ola_williams_kamara_1989
oleksandr_zinchenko_1996,Oleksandr Zinchenko,oleksandr zinchenko o zinchenko zinchenko,"[""O. Zinchenko"",""Oleksandr Zinchenko"",""Zinchenko""]",Ukraine,LB,Defence,1996,,,false,[],[],Ukraine,,Medium,1302,fifa_players_csv,oleksandr_zinchenko_1996
omer_ali_sahiner_1992,Ömer Ali Şahiner,omer ali sahiner o sahiner sahiner,"[""O. Şahiner"",""Ömer Ali Şahiner"",""Şahiner""]",Turkey,"RM,LM,LB",Midfield,1992,,,false,[],[],Turkey,,Medium,1302,fifa_players_csv,omer_ali_sahiner_1992
orbelin_pineda_alvarado_1996,Orbelín Pineda Alvarado,orbelin pineda alvarado o pineda alvarado,"[""O. Pineda"",""Orbelín Pineda Alvarado"",""Alvarado""]",Mexico,"CM,CAM,CDM",Midfield,1996,,,false,[],[],Mexico,,Medium,1302,fifa_players_csv,orbelin_pineda_alvarado_1996
paulo_andre_rodrigues_oliveira_1991,Paulo André Rodrigues Oliveira,paulo andre rodrigues oliveira paulo oliveira oliveira,"[""Paulo Oliveira"",""Paulo André Rodrigues Oliveira"",""Oliveira""]",Portugal,CB,Defence,1991,,,false,[],[],Portugal,,Medium,1302,fifa_players_csv,paulo_andre_rodrigues_oliveira_1991
peter_crouch_1981,Peter Crouch,peter crouch p crouch crouch,"[""P. Crouch"",""Peter Crouch"",""Crouch""]",England,ST,Attack,1981,,,false,[],[],England,,Medium,1302,fifa_players_csv,peter_crouch_1981
philip_billing_1996,Philip Billing,philip billing p billing billing,"[""P. Billing"",""Philip Billing"",""Billing""]",Denmark,"CDM,CM",Midfield,1996,,,false,[],[],Denmark,,Medium,1302,fifa_players_csv,philip_billing_1996
ronny_rodelin_1989,Ronny Rodelin,ronny rodelin r rodelin rodelin,"[""R. Rodelin"",""Ronny Rodelin"",""Rodelin""]",France,"ST,CAM",Attack,1989,,,false,[],[],France,,Medium,1302,fifa_players_csv,ronny_rodelin_1989
ruben_rochina_naixes_1991,Rubén  Rochina Naixes,ruben rochina naixes rochina naixes,"[""Rochina"",""Rubén Rochina Naixes"",""Naixes""]",Spain,"RM,CAM,CM",Midfield,1991,,,false,[],[],Spain,,Medium,1302,fifa_players_csv,ruben_rochina_naixes_1991
temitayo_olufisayo_olaoluwa_aina_1996,Temitayo Olufisayo Olaoluwa Aina,temitayo olufisayo olaoluwa aina o aina aina,"[""O. Aina"",""Temitayo Olufisayo Olaoluwa Aina"",""Aina""]",Nigeria,"RB,LM,RM",Defence,1996,,,false,[],[],Nigeria,,Medium,1302,fifa_players_csv,temitayo_olufisayo_olaoluwa_aina_1996
1979,이동국 李东国,lee dong gook,"[""Lee Dong Gook""]",Korea Republic,ST,Attack,1979,,,false,[],[],Korea Republic,,Medium,1302,fifa_players_csv,1979
arijan_ademi_1991,Arijan Ademi,arijan ademi a ademi ademi,"[""A. Ademi"",""Arijan Ademi"",""Ademi""]",FYR Macedonia,"CDM,CM",Midfield,1991,,,false,[],[],FYR Macedonia,,Medium,1301,fifa_players_csv,arijan_ademi_1991
bernard_mensah_1994,Bernard Mensah,bernard mensah b mensah mensah,"[""B. Mensah"",""Bernard Mensah"",""Mensah""]",Ghana,"CAM,CDM",Midfield,1994,,,false,[],[],Ghana,,Medium,1301,fifa_players_csv,bernard_mensah_1994
dominic_maroh_1987,Dominic Maroh,dominic maroh d maroh maroh,"[""D. Maroh"",""Dominic Maroh"",""Maroh""]",Slovenia,CB,Defence,1987,,,false,[],[],Slovenia,,Medium,1301,fifa_players_csv,dominic_maroh_1987
edouard_mendy_1992,Edouard Mendy,edouard mendy e mendy mendy,"[""E. Mendy"",""Edouard Mendy"",""Mendy""]",Senegal,GK,Goalkeeper,1992,,,false,[],[],Senegal,,Medium,1301,fifa_players_csv,edouard_mendy_1992
federico_viviani_1992,Federico Viviani,federico viviani f viviani viviani,"[""F. Viviani"",""Federico Viviani"",""Viviani""]",Italy,"CDM,CM",Midfield,1992,,,false,[],[],Italy,,Medium,1301,fifa_players_csv,federico_viviani_1992
fernando_damian_tissone_1986,Fernando Damián Tissone,fernando damian tissone f tissone tissone,"[""F. Tissone"",""Fernando Damián Tissone"",""Tissone""]",Argentina,"CDM,CM",Midfield,1986,,,false,[],[],Argentina,,Medium,1301,fifa_players_csv,fernando_damian_tissone_1986
francisco_javier_guerrero_martin_1996,Francisco Javier Guerrero Martín,francisco javier guerrero martin francis martin,"[""Francis"",""Francisco Javier Guerrero Martín"",""Martín""]",Spain,"RM,RWB,RB",Midfield,1996,,,false,[],[],Spain,,Medium,1301,fifa_players_csv,francisco_javier_guerrero_martin_1996
franco_soldano_1994,Franco Soldano,franco soldano f soldano soldano,"[""F. Soldano"",""Franco Soldano"",""Soldano""]",Argentina,ST,Attack,1994,,,false,[],[],Argentina,,Medium,1301,fifa_players_csv,franco_soldano_1994
guido_herrera_1992,Guido Herrera,guido herrera g herrera herrera,"[""G. Herrera"",""Guido Herrera"",""Herrera""]",Argentina,GK,Goalkeeper,1992,,,false,[],[],Argentina,,Medium,1301,fifa_players_csv,guido_herrera_1992
guus_til_1997,Guus Til,guus til g til til,"[""G. Til"",""Guus Til"",""Til""]",Netherlands,"CAM,CM",Midfield,1997,,,false,[],[],Netherlands,,Medium,1301,fifa_players_csv,guus_til_1997
igor_zubeldia_elorza_1997,Igor Zubeldia Elorza,igor zubeldia elorza zubeldia elorza,"[""Zubeldia"",""Igor Zubeldia Elorza"",""Elorza""]",Spain,"CM,CDM",Midfield,1997,,,false,[],[],Spain,,Medium,1301,fifa_players_csv,igor_zubeldia_elorza_1997
james_tavernier_1991,James Tavernier,james tavernier j tavernier tavernier,"[""J. Tavernier"",""James Tavernier"",""Tavernier""]",England,RB,Defence,1991,,,false,[],[],England,,Medium,1301,fifa_players_csv,james_tavernier_1991
jose_angel_pozo_la_rosa_1996,José Ángel Pozo la Rosa,jose angel pozo la rosa pozo rosa,"[""Pozo"",""José Ángel Pozo la Rosa"",""Rosa""]",Spain,"CAM,ST,LM,RM",Midfield,1996,,,false,[],[],Spain,,Medium,1301,fifa_players_csv,jose_angel_pozo_la_rosa_1996
leonardo_de_matos_cruz_1986,Leonardo de Matos Cruz,leonardo de matos cruz leo matos cruz,"[""Léo Matos"",""Leonardo de Matos Cruz"",""Cruz""]",Brazil,"RB,LB,RM",Defence,1986,,,false,[],[],Brazil,,Medium,1301,fifa_players_csv,leonardo_de_matos_cruz_1986
markel_bergara_larranaga_1986,Markel Bergara Larrañaga,markel bergara larranaga markel bergara larranaga,"[""Markel Bergara"",""Markel Bergara Larrañaga"",""Larrañaga""]",Spain,"CDM,CM",Midfield,1986,,,false,[],[],Spain,,Medium,1301,fifa_players_csv,markel_bergara_larranaga_1986
ollie_watkins_1995,Ollie Watkins,ollie watkins o watkins watkins,"[""O. Watkins"",""Ollie Watkins"",""Watkins""]",England,"RW,LW,ST",Attack,1995,,,false,[],[],England,,Medium,1301,fifa_players_csv,ollie_watkins_1995
omar_elabdellaoui_1991,Omar Elabdellaoui,omar elabdellaoui o elabdellaoui elabdellaoui,"[""O. Elabdellaoui"",""Omar Elabdellaoui"",""Elabdellaoui""]",Norway,RB,Defence,1991,,,false,[],[],Norway,,Medium,1301,fifa_players_csv,omar_elabdellaoui_1991
osvaldo_alonso_moreno_1985,Osvaldo Alonso Moreno,osvaldo alonso moreno o alonso moreno,"[""O. Alonso"",""Osvaldo Alonso Moreno"",""Moreno""]",Cuba,"CDM,CM",Midfield,1985,,,false,[],[],Cuba,,Medium,1301,fifa_players_csv,osvaldo_alonso_moreno_1985
paulo_dino_gazzaniga_1992,Paulo Dino Gazzaniga,paulo dino gazzaniga p gazzaniga gazzaniga,"[""P. Gazzaniga"",""Paulo Dino Gazzaniga"",""Gazzaniga""]",Argentina,GK,Goalkeeper,1992,,,false,[],[],Argentina,,Medium,1301,fifa_players_csv,paulo_dino_gazzaniga_1992
roger_krug_guedes_1996,Roger Krug Guedes,roger krug guedes roger guedes guedes,"[""Roger Guedes"",""Roger Krug Guedes"",""Guedes""]",Brazil,"RW,CAM,RM",Attack,1996,,,false,[],[],Brazil,,Medium,1301,fifa_players_csv,roger_krug_guedes_1996
tolgay_ali_arslan_1990,Tolgay Ali Arslan,tolgay ali arslan t arslan arslan,"[""T. Arslan"",""Tolgay Ali Arslan"",""Arslan""]",Germany,"CDM,CM",Midfield,1990,,,false,[],[],Germany,,Medium,1301,fifa_players_csv,tolgay_ali_arslan_1990
vitor_frezarin_bueno_1994,Vitor Frezarin Bueno,vitor frezarin bueno vitor bueno bueno,"[""Vitor Bueno"",""Vitor Frezarin Bueno"",""Bueno""]",Brazil,"CAM,CM,RM",Midfield,1994,,,false,[],[],Brazil,,Medium,1301,fifa_players_csv,vitor_frezarin_bueno_1994
youssouf_chafiq_mulumbu_ngangu_1987,Youssouf Chafiq Mulumbu Ngangu,youssouf chafiq mulumbu ngangu y mulumbu ngangu,"[""Y. Mulumbu"",""Youssouf Chafiq Mulumbu Ngangu"",""Ngangu""]",DR Congo,"CDM,CM",Midfield,1987,,,false,[],[],DR Congo,,Medium,1301,fifa_players_csv,youssouf_chafiq_mulumbu_ngangu_1987
abdenasser_el_khayati_1989,Abdenasser El Khayati,abdenasser el khayati a el khayati khayati,"[""A. El Khayati"",""Abdenasser El Khayati"",""Khayati""]",Netherlands,CAM,Midfield,1989,,,false,[],[],Netherlands,,Medium,1300,fifa_players_csv,abdenasser_el_khayati_1989
andy_polo_1994,Andy Polo,andy polo a polo polo,"[""A. Polo"",""Andy Polo"",""Polo""]",Peru,"RM,CM,LM",Midfield,1994,,,false,[],[],Peru,,Medium,1300,fifa_players_csv,andy_polo_1994
artem_besedin_1996,Artem Besedin,artem besedin a besedin besedin,"[""A. Besedin"",""Artem Besedin"",""Besedin""]",Ukraine,ST,Attack,1996,,,false,[],[],Ukraine,,Medium,1300,fifa_players_csv,artem_besedin_1996
christian_kouame_1997,Christian Kouamé,christian kouame c kouame kouame,"[""C. Kouamé"",""Christian Kouamé"",""Kouamé""]",Ivory Coast,"ST,CF",Attack,1997,,,false,[],[],Ivory Coast,,Medium,1300,fifa_players_csv,christian_kouame_1997
ciro_rius_1988,Ciro Rius,ciro rius c rius rius,"[""C. Rius"",""Ciro Rius"",""Rius""]",Argentina,"RM,RW,ST",Midfield,1988,,,false,[],[],Argentina,,Medium,1300,fifa_players_csv,ciro_rius_1988
constantin_budescu_1989,Constantin Budescu,constantin budescu c budescu budescu,"[""C. Budescu"",""Constantin Budescu"",""Budescu""]",Romania,"CAM,CF",Midfield,1989,,,false,[],[],Romania,,Medium,1300,fifa_players_csv,constantin_budescu_1989
diego_biseswar_1988,Diego Biseswar,diego biseswar d biseswar biseswar,"[""D. Biseswar"",""Diego Biseswar"",""Biseswar""]",Netherlands,"CAM,LM",Midfield,1988,,,false,[],[],Netherlands,,Medium,1300,fifa_players_csv,diego_biseswar_1988
ezequiel_barco_1999,Ezequiel Barco,ezequiel barco e barco barco,"[""E. Barco"",""Ezequiel Barco"",""Barco""]",Argentina,"LM,CAM,ST",Midfield,1999,,,false,[],[],Argentina,,Medium,1300,fifa_players_csv,ezequiel_barco_1999
ezequiel_ponce_1997,Ezequiel Ponce,ezequiel ponce e ponce ponce,"[""E. Ponce"",""Ezequiel Ponce"",""Ponce""]",Argentina,ST,Attack,1997,,,false,[],[],Argentina,,Medium,1300,fifa_players_csv,ezequiel_ponce_1997
francisco_portillo_soler_1990,Francisco Portillo Soler,francisco portillo soler portillo soler,"[""Portillo"",""Francisco Portillo Soler"",""Soler""]",Spain,RM,Midfield,1990,,,false,[],[],Spain,,Medium,1300,fifa_players_csv,francisco_portillo_soler_1990
franco_daniel_jara_1988,Franco Daniel Jara,franco daniel jara f jara jara,"[""F. Jara"",""Franco Daniel Jara"",""Jara""]",Argentina,ST,Attack,1988,,,false,[],[],Argentina,,Medium,1300,fifa_players_csv,franco_daniel_jara_1988
hanno_behrens_1990,Hanno Behrens,hanno behrens h behrens behrens,"[""H. Behrens"",""Hanno Behrens"",""Behrens""]",Germany,"CM,CDM",Midfield,1990,,,false,[],[],Germany,,Medium,1300,fifa_players_csv,hanno_behrens_1990
hillel_el_arbi_soudani_1987,Hillel El Arbi Soudani,hillel el arbi soudani h soudani soudani,"[""H. Soudani"",""Hillel El Arbi Soudani"",""Soudani""]",Algeria,"ST,LM,CAM",Attack,1987,,,false,[],[],Algeria,,Medium,1300,fifa_players_csv,hillel_el_arbi_soudani_1987
ignacio_fernandez_1990,Ignacio Fernández,ignacio fernandez i fernandez fernandez,"[""I. Fernández"",""Ignacio Fernández"",""Fernández""]",Argentina,"CM,CAM",Midfield,1990,,,false,[],[],Argentina,,Medium,1300,fifa_players_csv,ignacio_fernandez_1990
javier_eraso_goni_1990,Javier Eraso Goñi,javier eraso goni eraso goni,"[""Eraso"",""Javier Eraso Goñi"",""Goñi""]",Spain,"CAM,CDM,RM",Midfield,1990,,,false,[],[],Spain,,Medium,1300,fifa_players_csv,javier_eraso_goni_1990
jens_toornstra_1989,Jens Toornstra,jens toornstra j toornstra toornstra,"[""J. Toornstra"",""Jens Toornstra"",""Toornstra""]",Netherlands,"CAM,CM",Midfield,1989,,,false,[],[],Netherlands,,Medium,1300,fifa_players_csv,jens_toornstra_1989
jonathan_matias_urretaviscaya_da_luz_1990,Jonathan Matías Urretaviscaya da Luz,jonathan matias urretaviscaya da luz j urretaviscaya luz,"[""J. Urretaviscaya"",""Jonathan Matías Urretaviscaya da Luz"",""Luz""]",Uruguay,"RW,RM",Attack,1990,,,false,[],[],Uruguay,,Medium,1300,fifa_players_csv,jonathan_matias_urretaviscaya_da_luz_1990
junior_stanislas_1989,Junior Stanislas,junior stanislas j stanislas stanislas,"[""J. Stanislas"",""Junior Stanislas"",""Stanislas""]",England,"RM,LM",Midfield,1989,,,false,[],[],England,,Medium,1300,fifa_players_csv,junior_stanislas_1989
paul_lasne_1989,Paul Lasne,paul lasne p lasne lasne,"[""P. Lasne"",""Paul Lasne"",""Lasne""]",France,"CM,CDM,LWB",Midfield,1989,,,false,[],[],France,,Medium,1300,fifa_players_csv,paul_lasne_1989
roger_martinez_1994,Roger Martínez,roger martinez r martinez martinez,"[""R. Martínez"",""Roger Martínez"",""Martínez""]",Colombia,ST,Attack,1994,,,false,[],[],Colombia,,Medium,1300,fifa_players_csv,roger_martinez_1994
sebastian_cesar_helios_ribas_barbato_1988,Sebastián César Helios Ribas Barbato,sebastian cesar helios ribas barbato s ribas barbato,"[""S. Ribas"",""Sebastián César Helios Ribas Barbato"",""Barbato""]",Uruguay,ST,Attack,1988,,,false,[],[],Uruguay,,Medium,1300,fifa_players_csv,sebastian_cesar_helios_ribas_barbato_1988
siebe_schrijvers_1996,Siebe Schrijvers,siebe schrijvers s schrijvers schrijvers,"[""S. Schrijvers"",""Siebe Schrijvers"",""Schrijvers""]",Belgium,"CF,CAM,CM,ST",Attack,1996,,,false,[],[],Belgium,,Medium,1300,fifa_players_csv,siebe_schrijvers_1996
silvio_ezequiel_romero_1988,Silvio Ezequiel Romero,silvio ezequiel romero s romero romero,"[""S. Romero"",""Silvio Ezequiel Romero"",""Romero""]",Argentina,"ST,RM",Attack,1988,,,false,[],[],Argentina,,Medium,1300,fifa_players_csv,silvio_ezequiel_romero_1988
thulani_serero_1990,Thulani Serero,thulani serero t serero serero,"[""T. Serero"",""Thulani Serero"",""Serero""]",South Africa,"CM,CDM",Midfield,1990,,,false,[],[],South Africa,,Medium,1300,fifa_players_csv,thulani_serero_1990
trevor_carson_1988,Trevor Carson,trevor carson t carson carson,"[""T. Carson"",""Trevor Carson"",""Carson""]",Northern Ireland,GK,Goalkeeper,1988,,,false,[],[],Northern Ireland,,Medium,1300,fifa_players_csv,trevor_carson_1988
tyler_roberts_1999,Tyler Roberts,tyler roberts t roberts roberts,"[""T. Roberts"",""Tyler Roberts"",""Roberts""]",Wales,ST,Attack,1999,,,false,[],[],Wales,,Medium,1300,fifa_players_csv,tyler_roberts_1999
vladimir_javier_hernandez_rivero_1989,Vladimir Javier Hernández Rivero,vladimir javier hernandez rivero v hernandez rivero,"[""V. Hernández"",""Vladimir Javier Hernández Rivero"",""Rivero""]",Colombia,"LM,CAM",Midfield,1989,,,false,[],[],Colombia,,Medium,1300,fifa_players_csv,vladimir_javier_hernandez_rivero_1989
wes_hoolahan_1982,Wes Hoolahan,wes hoolahan w hoolahan hoolahan,"[""W. Hoolahan"",""Wes Hoolahan"",""Hoolahan""]",Republic of Ireland,"CAM,RW,LW",Midfield,1982,,,false,[],[],Republic of Ireland,,Medium,1300,fifa_players_csv,wes_hoolahan_1982
youssef_en_nesyri_1997,Youssef En-Nesyri,youssef en nesyri y en nesyri en nesyri,"[""Y. En-Nesyri"",""Youssef En-Nesyri"",""En-Nesyri""]",Morocco,"ST,LW",Attack,1997,,,false,[],[],Morocco,,Medium,1300,fifa_players_csv,youssef_en_nesyri_1997
aden_flint_1989,Aden Flint,aden flint a flint flint,"[""A. Flint"",""Aden Flint"",""Flint""]",England,CB,Defence,1989,,,false,[],[],England,,Hard,1299,fifa_players_csv,aden_flint_1989
alfonso_gonzalez_1994,Alfonso González,alfonso gonzalez a gonzalez gonzalez,"[""A. González"",""Alfonso González"",""González""]",Mexico,"CM,CAM",Midfield,1994,,,false,[],[],Mexico,,Hard,1299,fifa_players_csv,alfonso_gonzalez_1994
andre_blake_1990,Andre Blake,andre blake a blake blake,"[""A. Blake"",""Andre Blake"",""Blake""]",Jamaica,GK,Goalkeeper,1990,,,false,[],[],Jamaica,,Hard,1299,fifa_players_csv,andre_blake_1990
andreu_fontas_prat_1989,Andreu Fontàs Prat,andreu fontas prat fontas prat,"[""Fontàs"",""Andreu Fontàs Prat"",""Prat""]",Spain,CB,Defence,1989,,,false,[],[],Spain,,Hard,1299,fifa_players_csv,andreu_fontas_prat_1989
angel_gonzalez_1994,Ángel González,angel gonzalez a gonzalez gonzalez,"[""A. González"",""Ángel González"",""González""]",Argentina,"RW,LW",Attack,1994,,,false,[],[],Argentina,,Hard,1299,fifa_players_csv,angel_gonzalez_1994
antonio_latorre_grueso_1997,Antonio Latorre Grueso,antonio latorre grueso lato grueso,"[""Lato"",""Antonio Latorre Grueso"",""Grueso""]",Spain,LB,Defence,1997,,,false,[],[],Spain,,Hard,1299,fifa_players_csv,antonio_latorre_grueso_1997
dimitris_giannoulis_1995,Dimitris Giannoulis,dimitris giannoulis d giannoulis giannoulis,"[""D. Giannoulis"",""Dimitris Giannoulis"",""Giannoulis""]",Greece,LB,Defence,1995,,,false,[],[],Greece,,Hard,1299,fifa_players_csv,dimitris_giannoulis_1995
elkin_soto_jaramillo_1980,Elkin Soto Jaramillo,elkin soto jaramillo e soto jaramillo,"[""E. Soto"",""Elkin Soto Jaramillo"",""Jaramillo""]",Colombia,"CM,CDM",Midfield,1980,,,false,[],[],Colombia,,Hard,1299,fifa_players_csv,elkin_soto_jaramillo_1980
georgiy_schennikov_1991,Georgiy Schennikov,georgiy schennikov g schennikov schennikov,"[""G. Schennikov"",""Georgiy Schennikov"",""Schennikov""]",Russia,"LWB,LM",Defence,1991,,,false,[],[],Russia,,Hard,1299,fifa_players_csv,georgiy_schennikov_1991
ismael_bangoura_1985,Ismaël Bangoura,ismael bangoura i bangoura bangoura,"[""I. Bangoura"",""Ismaël Bangoura"",""Bangoura""]",Guinea,"ST,CAM",Attack,1985,,,false,[],[],Guinea,,Hard,1299,fifa_players_csv,ismael_bangoura_1985
ivan_lopez_alvarez_1994,Iván López Álvarez,ivan lopez alvarez ivi alvarez,"[""Ivi"",""Iván López Álvarez"",""Álvarez""]",Spain,"LM,RM,ST",Midfield,1994,,,false,[],[],Spain,,Hard,1299,fifa_players_csv,ivan_lopez_alvarez_1994
james_collins_1983,James  Collins,james collins j collins collins,"[""J. Collins"",""James Collins"",""Collins""]",Wales,CB,Defence,1983,,,false,[],[],Wales,,Hard,1299,fifa_players_csv,james_collins_1983
levin_oztunal_1996,Levin Öztunalı,levin oztunal l oztunal oztunal,"[""L. Öztunalı"",""Levin Öztunalı"",""Öztunalı""]",Germany,"RM,RW,CM",Midfield,1996,,,false,[],[],Germany,,Hard,1299,fifa_players_csv,levin_oztunal_1996
lisandro_martinez_1998,Lisandro Martínez,lisandro martinez l martinez martinez,"[""L. Martínez"",""Lisandro Martínez"",""Martínez""]",Argentina,"CB,LB",Defence,1998,,,false,[],[],Argentina,,Hard,1299,fifa_players_csv,lisandro_martinez_1998
luigi_sepe_1991,Luigi Sepe,luigi sepe l sepe sepe,"[""L. Sepe"",""Luigi Sepe"",""Sepe""]",Italy,GK,Goalkeeper,1991,,,false,[],[],Italy,,Hard,1299,fifa_players_csv,luigi_sepe_1991
luis_hernandez_rodriguez_1989,Luís Hernández Rodríguez,luis hernandez rodriguez luis hernandez rodriguez,"[""Luís Hernández"",""Luís Hernández Rodríguez"",""Rodríguez""]",Spain,CB,Defence,1989,,,false,[],[],Spain,,Hard,1299,fifa_players_csv,luis_hernandez_rodriguez_1989
nick_lima_1994,Nick Lima,nick lima n lima lima,"[""N. Lima"",""Nick Lima"",""Lima""]",United States,RB,Defence,1994,,,false,[],[],United States,,Hard,1299,fifa_players_csv,nick_lima_1994
pablo_paulino_rosario_1997,Pablo Paulino Rosario,pablo paulino rosario p rosario rosario,"[""P. Rosario"",""Pablo Paulino Rosario"",""Rosario""]",Netherlands,"CDM,CM",Midfield,1997,,,false,[],[],Netherlands,,Hard,1299,fifa_players_csv,pablo_paulino_rosario_1997
roberto_suarez_pier_1995,Roberto Suárez Pier,roberto suarez pier rober pier,"[""Róber"",""Roberto Suárez Pier"",""Pier""]",Spain,"CB,CDM",Defence,1995,,,false,[],[],Spain,,Hard,1299,fifa_players_csv,roberto_suarez_pier_1995
romario_ibarra_1994,Romario Ibarra,romario ibarra r ibarra ibarra,"[""R. Ibarra"",""Romario Ibarra"",""Ibarra""]",Ecuador,"LM,LW",Midfield,1994,,,false,[],[],Ecuador,,Hard,1299,fifa_players_csv,romario_ibarra_1994
stefan_mitrovic_1990,Stefan Mitrović,stefan mitrovic s mitrovic mitrovic,"[""S. Mitrović"",""Stefan Mitrović"",""Mitrović""]",Serbia,CB,Defence,1990,,,false,[],[],Serbia,,Hard,1299,fifa_players_csv,stefan_mitrovic_1990
teun_koopmeiners_1998,Teun Koopmeiners,teun koopmeiners t koopmeiners koopmeiners,"[""T. Koopmeiners"",""Teun Koopmeiners"",""Koopmeiners""]",Netherlands,"CDM,CB",Midfield,1998,,,false,[],[],Netherlands,,Hard,1299,fifa_players_csv,teun_koopmeiners_1998
alan_browne_1995,Alan Browne,alan browne a browne browne,"[""A. Browne"",""Alan Browne"",""Browne""]",Republic of Ireland,"CM,CAM,CDM",Midfield,1995,,,false,[],[],Republic of Ireland,,Hard,1298,fifa_players_csv,alan_browne_1995
alfie_mawson_1994,Alfie Mawson,alfie mawson a mawson mawson,"[""A. Mawson"",""Alfie Mawson"",""Mawson""]",England,CB,Defence,1994,,,false,[],[],England,,Hard,1298,fifa_players_csv,alfie_mawson_1994
anthony_ruben_lozano_colon_1993,Anthony Rubén Lozano Colón,anthony ruben lozano colon a lozano colon,"[""A. Lozano"",""Anthony Rubén Lozano Colón"",""Colón""]",Honduras,ST,Attack,1993,,,false,[],[],Honduras,,Hard,1298,fifa_players_csv,anthony_ruben_lozano_colon_1993
anwar_el_ghazi_1995,Anwar El Ghazi,anwar el ghazi a el ghazi ghazi,"[""A. El Ghazi"",""Anwar El Ghazi"",""Ghazi""]",Netherlands,"RW,RM",Attack,1995,,,false,[],[],Netherlands,,Hard,1298,fifa_players_csv,anwar_el_ghazi_1995
cecilio_dominguez_1994,Cecilio Domínguez,cecilio dominguez c dominguez dominguez,"[""C. Domínguez"",""Cecilio Domínguez"",""Domínguez""]",Paraguay,"LM,CAM,RM",Midfield,1994,,,false,[],[],Paraguay,,Hard,1298,fifa_players_csv,cecilio_dominguez_1994
chidozie_collins_awaziem_1997,Chidozie Collins Awaziem,chidozie collins awaziem c awaziem awaziem,"[""C. Awaziem"",""Chidozie Collins Awaziem"",""Awaziem""]",Nigeria,CB,Defence,1997,,,false,[],[],Nigeria,,Hard,1298,fifa_players_csv,chidozie_collins_awaziem_1997
denis_bouanga_1994,Denis Bouanga,denis bouanga d bouanga bouanga,"[""D. Bouanga"",""Denis Bouanga"",""Bouanga""]",Gabon,"LM,LW",Midfield,1994,,,false,[],[],Gabon,,Hard,1298,fifa_players_csv,denis_bouanga_1994
diego_hernan_gonzalez_1988,Diego Hernán González,diego hernan gonzalez d gonzalez gonzalez,"[""D. González"",""Diego Hernán González"",""González""]",Argentina,CM,Midfield,1988,,,false,[],[],Argentina,,Hard,1298,fifa_players_csv,diego_hernan_gonzalez_1988
eddy_gnahore_1993,Eddy Gnahoré,eddy gnahore e gnahore gnahore,"[""E. Gnahoré"",""Eddy Gnahoré"",""Gnahoré""]",France,"CM,CDM",Midfield,1993,,,false,[],[],France,,Hard,1298,fifa_players_csv,eddy_gnahore_1993
edgar_miguel_ie_1994,Edgar Miguel Ié,edgar miguel ie edgar ie,"[""Edgar Ié"",""Edgar Miguel Ié""]",Portugal,"CB,RB",Defence,1994,,,false,[],[],Portugal,,Hard,1298,fifa_players_csv,edgar_miguel_ie_1994
gabriel_jairo_anibal_rangel_1992,Gabriel Jairo Aníbal Rangel,gabriel jairo anibal rangel gabrisco anibal rangel,"[""Gabrisco Aníbal"",""Gabriel Jairo Aníbal Rangel"",""Rangel""]",Brazil,"CDM,CM",Midfield,1992,,,false,[],[],Brazil,,Hard,1298,fifa_players_csv,gabriel_jairo_anibal_rangel_1992
gil_bastiao_dias_1996,Gil Bastião Dias,gil bastiao dias gil dias dias,"[""Gil Dias"",""Gil Bastião Dias"",""Dias""]",Portugal,"RM,RW",Midfield,1996,,,false,[],[],Portugal,,Hard,1298,fifa_players_csv,gil_bastiao_dias_1996
jamie_maclaren_1993,Jamie Maclaren,jamie maclaren j maclaren maclaren,"[""J. Maclaren"",""Jamie Maclaren"",""Maclaren""]",Australia,ST,Attack,1993,,,false,[],[],Melbourne City FC,,Hard,1298,fifa_players_csv,jamie_maclaren_1993
jhonny_cristian_herrera_munoz_1981,Jhonny Cristián Herrera Muñoz,jhonny cristian herrera munoz j herrera munoz,"[""J. Herrera"",""Jhonny Cristián Herrera Muñoz"",""Muñoz""]",Chile,GK,Goalkeeper,1981,,,false,[],[],Universidad de Chile,,Hard,1298,fifa_players_csv,jhonny_cristian_herrera_munoz_1981
joe_ralls_1993,Joe Ralls,joe ralls j ralls ralls,"[""J. Ralls"",""Joe Ralls"",""Ralls""]",England,"CM,CDM",Midfield,1993,,,false,[],[],England,,Hard,1298,fifa_players_csv,joe_ralls_1993
john_mcginn_1994,John McGinn,john mcginn j mcginn mcginn,"[""J. McGinn"",""John McGinn"",""McGinn""]",Scotland,CM,Midfield,1994,,,false,[],[],Scotland,,Hard,1298,fifa_players_csv,john_mcginn_1994
jordon_ibe_1995,Jordon  Ibe,jordon ibe j ibe ibe,"[""J. Ibe"",""Jordon Ibe"",""Ibe""]",England,"RM,RW",Midfield,1995,,,false,[],[],England,,Hard,1298,fifa_players_csv,jordon_ibe_1995
jorgino_silas_ruiz_prestes_1992,Jorgino Silas Ruiz Prestes,jorgino silas ruiz prestes jorginhson prestes,"[""Jorginhson"",""Jorgino Silas Ruiz Prestes"",""Prestes""]",Brazil,"CDM,CM,CAM",Midfield,1992,,,false,[],[],Brazil,,Hard,1298,fifa_players_csv,jorgino_silas_ruiz_prestes_1992
jose_fernando_cuadrado_romero_1985,José Fernando Cuadrado Romero,jose fernando cuadrado romero j cuadrado romero,"[""J. Cuadrado"",""José Fernando Cuadrado Romero"",""Romero""]",Colombia,GK,Goalkeeper,1985,,,false,[],[],Colombia,,Hard,1298,fifa_players_csv,jose_fernando_cuadrado_romero_1985
jose_marcio_da_costa_1983,José Márcio da Costa,jose marcio da costa mossoro costa,"[""Mossoró"",""José Márcio da Costa"",""Costa""]",Brazil,CAM,Midfield,1983,,,false,[],[],Brazil,,Hard,1298,fifa_players_csv,jose_marcio_da_costa_1983
joseph_aidoo_1995,Joseph Aidoo,joseph aidoo j aidoo aidoo,"[""J. Aidoo"",""Joseph Aidoo"",""Aidoo""]",Ghana,CB,Defence,1995,,,false,[],[],Ghana,,Hard,1298,fifa_players_csv,joseph_aidoo_1995
kasim_adams_nuhu_1995,Kasim Adams Nuhu,kasim adams nuhu k adams nuhu nuhu,"[""K. Adams Nuhu"",""Kasim Adams Nuhu"",""Nuhu""]",Ghana,CB,Defence,1995,,,false,[],[],Ghana,,Hard,1298,fifa_players_csv,kasim_adams_nuhu_1995
luca_waldschmidt_1996,Luca Waldschmidt,luca waldschmidt l waldschmidt waldschmidt,"[""L. Waldschmidt"",""Luca Waldschmidt"",""Waldschmidt""]",Germany,"CF,CAM",Attack,1996,,,false,[],[],Germany,,Hard,1298,fifa_players_csv,luca_waldschmidt_1996
lucas_torro_marset_1994,Lucas Torró Marset,lucas torro marset lucas torro marset,"[""Lucas Torró"",""Lucas Torró Marset"",""Marset""]",Spain,"CDM,CM",Midfield,1994,,,false,[],[],Spain,,Hard,1298,fifa_players_csv,lucas_torro_marset_1994
mato_jajalo_1988,Mato Jajalo,mato jajalo m jajalo jajalo,"[""M. Jajalo"",""Mato Jajalo"",""Jajalo""]",Bosnia Herzegovina,"CM,CDM",Midfield,1988,,,false,[],[],Bosnia Herzegovina,,Hard,1298,fifa_players_csv,mato_jajalo_1988
moises_gomez_bordonado_1994,Moisés Gómez Bordonado,moises gomez bordonado moi gomez bordonado,"[""Moi Gómez"",""Moisés Gómez Bordonado"",""Bordonado""]",Spain,"CAM,CM,LM,CDM",Midfield,1994,,,false,[],[],Spain,,Hard,1298,fifa_players_csv,moises_gomez_bordonado_1994
moussa_niakhate_1996,Moussa Niakhaté,moussa niakhate m niakhate niakhate,"[""M. Niakhaté"",""Moussa Niakhaté"",""Niakhaté""]",France,CB,Defence,1996,,,false,[],[],France,,Hard,1298,fifa_players_csv,moussa_niakhate_1996
mykyta_burda_1995,Mykyta Burda,mykyta burda m burda burda,"[""M. Burda"",""Mykyta Burda"",""Burda""]",Ukraine,"CB,RB,LB",Defence,1995,,,false,[],[],Ukraine,,Hard,1298,fifa_players_csv,mykyta_burda_1995
odil_akhmedov_1987,Odil Akhmedov,odil akhmedov o akhmedov akhmedov,"[""O. Akhmedov"",""Odil Akhmedov"",""Akhmedov""]",Uzbekistan,"CM,CDM",Midfield,1987,,,false,[],[],Uzbekistan,,Hard,1298,fifa_players_csv,odil_akhmedov_1987
otavio_alberto_cairinho_monteiro_1992,Otávio Alberto Cairinho Monteiro,otavio alberto cairinho monteiro otavio cairinho monteiro,"[""Otávio Cairinho"",""Otávio Alberto Cairinho Monteiro"",""Monteiro""]",Brazil,"CB,RB",Defence,1992,,,false,[],[],Brazil,,Hard,1298,fifa_players_csv,otavio_alberto_cairinho_monteiro_1992
sergio_padt_1990,Sergio Padt,sergio padt s padt padt,"[""S. Padt"",""Sergio Padt"",""Padt""]",Netherlands,GK,Goalkeeper,1990,,,false,[],[],Netherlands,,Hard,1298,fifa_players_csv,sergio_padt_1990
yuriy_lodygin_1990,Yuriy Lodygin,yuriy lodygin y lodygin lodygin,"[""Y. Lodygin"",""Yuriy Lodygin"",""Lodygin""]",Russia,GK,Goalkeeper,1990,,,false,[],[],Russia,,Hard,1298,fifa_players_csv,yuriy_lodygin_1990
aiden_o_brien_1993,Aiden O'Brien,aiden o brien a o brien o brien,"[""A. O'Brien"",""Aiden O'Brien"",""O'Brien""]",Republic of Ireland,LM,Midfield,1993,,,false,[],[],Republic of Ireland,,Hard,1297,fifa_players_csv,aiden_o_brien_1993
albano_benjamin_bizzarri_1977,Albano Benjamín Bizzarri,albano benjamin bizzarri a bizzarri bizzarri,"[""A. Bizzarri"",""Albano Benjamín Bizzarri"",""Bizzarri""]",Argentina,GK,Goalkeeper,1977,,,false,[],[],Argentina,,Hard,1297,fifa_players_csv,albano_benjamin_bizzarri_1977
alex_pritchard_1993,Alex  Pritchard,alex pritchard a pritchard pritchard,"[""A. Pritchard"",""Alex Pritchard"",""Pritchard""]",England,"CAM,ST",Midfield,1993,,,false,[],[],England,,Hard,1297,fifa_players_csv,alex_pritchard_1993
andre_hansen_1989,André Hansen,andre hansen a hansen hansen,"[""A. Hansen"",""André Hansen"",""Hansen""]",Norway,GK,Goalkeeper,1989,,,false,[],[],Norway,,Hard,1297,fifa_players_csv,andre_hansen_1989
bradley_dack_1993,Bradley Dack,bradley dack b dack dack,"[""B. Dack"",""Bradley Dack"",""Dack""]",England,CAM,Midfield,1993,,,false,[],[],England,,Hard,1297,fifa_players_csv,bradley_dack_1993
carlos_manuel_cardoso_mane_1994,Carlos Manuel Cardoso Mané,carlos manuel cardoso mane carlos mane mane,"[""Carlos Mané"",""Carlos Manuel Cardoso Mané"",""Mané""]",Portugal,"RW,LW",Attack,1994,,,false,[],[],Portugal,,Hard,1297,fifa_players_csv,carlos_manuel_cardoso_mane_1994
chris_brunt_1984,Chris Brunt,chris brunt c brunt brunt,"[""C. Brunt"",""Chris Brunt"",""Brunt""]",Northern Ireland,"CM,LB",Midfield,1984,,,false,[],[],Northern Ireland,,Hard,1297,fifa_players_csv,chris_brunt_1984
cristian_molinaro_1983,Cristian Molinaro,cristian molinaro c molinaro molinaro,"[""C. Molinaro"",""Cristian Molinaro"",""Molinaro""]",Italy,"LB,LM",Defence,1983,,,false,[],[],Italy,,Hard,1297,fifa_players_csv,cristian_molinaro_1983
erik_thommy_1994,Erik Thommy,erik thommy e thommy thommy,"[""E. Thommy"",""Erik Thommy"",""Thommy""]",Germany,"LM,RM,CAM",Midfield,1994,,,false,[],[],Germany,,Hard,1297,fifa_players_csv,erik_thommy_1994
felipe_mora_1993,Felipe Mora,felipe mora f mora mora,"[""F. Mora"",""Felipe Mora"",""Mora""]",Chile,ST,Attack,1993,,,false,[],[],Chile,,Hard,1297,fifa_players_csv,felipe_mora_1993
firmin_ndombe_mubele_1994,Firmin Ndombe Mubele,firmin ndombe mubele f mubele mubele,"[""F. Mubele"",""Firmin Ndombe Mubele"",""Mubele""]",DR Congo,ST,Attack,1994,,,false,[],[],DR Congo,,Hard,1297,fifa_players_csv,firmin_ndombe_mubele_1994
jean_paul_boetius_1994,Jean-Paul Boëtius,jean paul boetius j boetius boetius,"[""J. Boëtius"",""Jean-Paul Boëtius"",""Boëtius""]",Netherlands,"CAM,LW",Midfield,1994,,,false,[],[],Netherlands,,Hard,1297,fifa_players_csv,jean_paul_boetius_1994
jhon_cordoba_1993,Jhon Córdoba,jhon cordoba j cordoba cordoba,"[""J. Córdoba"",""Jhon Córdoba"",""Córdoba""]",Colombia,ST,Attack,1993,,,false,[],[],Colombia,,Hard,1297,fifa_players_csv,jhon_cordoba_1993
joel_robles_blazquez_1990,Joel Robles Blázquez,joel robles blazquez joel robles blazquez,"[""Joel Robles"",""Joel Robles Blázquez"",""Blázquez""]",Spain,GK,Goalkeeper,1990,,,false,[],[],Spain,,Hard,1297,fifa_players_csv,joel_robles_blazquez_1990
john_ruddy_1986,John Ruddy,john ruddy j ruddy ruddy,"[""J. Ruddy"",""John Ruddy"",""Ruddy""]",England,GK,Goalkeeper,1986,,,false,[],[],England,,Hard,1297,fifa_players_csv,john_ruddy_1986
justin_bijlow_1998,Justin Bijlow,justin bijlow j bijlow bijlow,"[""J. Bijlow"",""Justin Bijlow"",""Bijlow""]",Netherlands,GK,Goalkeeper,1998,,,false,[],[],Netherlands,,Hard,1297,fifa_players_csv,justin_bijlow_1998
marvin_matip_1985,Marvin Matip,marvin matip m matip matip,"[""M. Matip"",""Marvin Matip"",""Matip""]",Cameroon,CB,Defence,1985,,,false,[],[],Cameroon,,Hard,1297,fifa_players_csv,marvin_matip_1985
miguel_araujo_1994,Miguel Araujo,miguel araujo m araujo araujo,"[""M. Araujo"",""Miguel Araujo"",""Araujo""]",Peru,CB,Defence,1994,,,false,[],[],Club Atlético Talleres,,Hard,1297,fifa_players_csv,miguel_araujo_1994
oier_olazabal_paredes_1989,Oier Olazábal Paredes,oier olazabal paredes oier paredes,"[""Oier"",""Oier Olazábal Paredes"",""Paredes""]",Spain,GK,Goalkeeper,1989,,,false,[],[],Spain,,Hard,1297,fifa_players_csv,oier_olazabal_paredes_1989
olarenwaju_ayoba_kayode_1993,Olarenwaju Ayoba Kayode,olarenwaju ayoba kayode o kayode kayode,"[""O. Kayode"",""Olarenwaju Ayoba Kayode"",""Kayode""]",Nigeria,ST,Attack,1993,,,false,[],[],Nigeria,,Hard,1297,fifa_players_csv,olarenwaju_ayoba_kayode_1993
sergio_pellissier_1979,Sergio Pellissier,sergio pellissier s pellissier pellissier,"[""S. Pellissier"",""Sergio Pellissier"",""Pellissier""]",Italy,ST,Attack,1979,,,false,[],[],Italy,,Hard,1297,fifa_players_csv,sergio_pellissier_1979
silvestre_manuel_goncalves_varela_1985,Silvestre Manuel Gonçalves Varela,silvestre manuel goncalves varela varela,"[""Varela"",""Silvestre Manuel Gonçalves Varela""]",Portugal,"LM,RM",Midfield,1985,,,false,[],[],Portugal,,Hard,1297,fifa_players_csv,silvestre_manuel_goncalves_varela_1985
solly_march_1994,Solly March,solly march s march march,"[""S. March"",""Solly March"",""March""]",England,"LM,RM,RW",Midfield,1994,,,false,[],[],England,,Hard,1297,fifa_players_csv,solly_march_1994
stewart_downing_1984,Stewart Downing,stewart downing s downing downing,"[""S. Downing"",""Stewart Downing"",""Downing""]",England,"LM,LW,RW",Midfield,1984,,,false,[],[],England,,Hard,1297,fifa_players_csv,stewart_downing_1984
tranquillo_barnetta_1985,Tranquillo Barnetta,tranquillo barnetta t barnetta barnetta,"[""T. Barnetta"",""Tranquillo Barnetta"",""Barnetta""]",Switzerland,"CAM,CM,RW",Midfield,1985,,,false,[],[],Switzerland,,Hard,1297,fifa_players_csv,tranquillo_barnetta_1985
wayne_routledge_1985,Wayne Routledge,wayne routledge w routledge routledge,"[""W. Routledge"",""Wayne Routledge"",""Routledge""]",England,"RM,RW,LM",Midfield,1985,,,false,[],[],England,,Hard,1297,fifa_players_csv,wayne_routledge_1985
andrew_surman_1986,Andrew Surman,andrew surman a surman surman,"[""A. Surman"",""Andrew Surman"",""Surman""]",England,"CM,CDM",Midfield,1986,,,false,[],[],England,,Hard,1296,fifa_players_csv,andrew_surman_1986
bogdan_butko_1991,Bogdan Butko,bogdan butko b butko butko,"[""B. Butko"",""Bogdan Butko"",""Butko""]",Ukraine,RB,Defence,1991,,,false,[],[],Ukraine,,Hard,1296,fifa_players_csv,bogdan_butko_1991
bruno_eduardo_regufe_alves_1981,Bruno Eduardo Regufe Alves,bruno eduardo regufe alves bruno alves alves,"[""Bruno Alves"",""Bruno Eduardo Regufe Alves"",""Alves""]",Portugal,CB,Defence,1981,,,false,[],[],Portugal,,Hard,1296,fifa_players_csv,bruno_eduardo_regufe_alves_1981
daniel_alejandro_torres_rojas_1989,Daniel Alejandro Torres Rojas,daniel alejandro torres rojas d torres rojas,"[""D. Torres"",""Daniel Alejandro Torres Rojas"",""Rojas""]",Colombia,"CDM,CM",Midfield,1989,,,false,[],[],Colombia,,Hard,1296,fifa_players_csv,daniel_alejandro_torres_rojas_1989
david_timor_copovi_1989,David Timor Copoví,david timor copovi timor copovi,"[""Timor"",""David Timor Copoví"",""Copoví""]",Spain,"CDM,CM,CB",Midfield,1989,,,false,[],[],Spain,,Hard,1296,fifa_players_csv,david_timor_copovi_1989
diego_martin_rodriguez_berrini_1989,Diego Martín Rodríguez Berrini,diego martin rodriguez berrini d rodriguez berrini,"[""D. Rodríguez"",""Diego Martín Rodríguez Berrini"",""Berrini""]",Uruguay,"CDM,CM",Midfield,1989,,,false,[],[],Uruguay,,Hard,1296,fifa_players_csv,diego_martin_rodriguez_berrini_1989
erick_sebastiao_laforte_medeiros_1992,Erick Sebastião Laforte Medeiros,erick sebastiao laforte medeiros lafortiscinho medeiros,"[""Lafortiscinho"",""Erick Sebastião Laforte Medeiros"",""Medeiros""]",Brazil,LB,Defence,1992,,,false,[],[],Brazil,,Hard,1296,fifa_players_csv,erick_sebastiao_laforte_medeiros_1992
florent_hanin_1990,Florent  Hanin,florent hanin f hanin hanin,"[""F. Hanin"",""Florent Hanin"",""Hanin""]",France,LB,Defence,1990,,,false,[],[],France,,Hard,1296,fifa_players_csv,florent_hanin_1990
fouad_bachirou_1990,Fouad Bachirou,fouad bachirou f bachirou bachirou,"[""F. Bachirou"",""Fouad Bachirou"",""Bachirou""]",Comoros,"CDM,CM",Midfield,1990,,,false,[],[],Comoros,,Hard,1296,fifa_players_csv,fouad_bachirou_1990
gonzalo_montiel_1997,Gonzalo Montiel,gonzalo montiel g montiel montiel,"[""G. Montiel"",""Gonzalo Montiel"",""Montiel""]",Argentina,"RB,CB",Defence,1997,,,false,[],[],Argentina,,Hard,1296,fifa_players_csv,gonzalo_montiel_1997
joaquin_navarro_jimenez_1990,Joaquín Navarro Jiménez,joaquin navarro jimenez ximo navarro jimenez,"[""Ximo Navarro"",""Joaquín Navarro Jiménez"",""Jiménez""]",Spain,"CB,RB",Defence,1990,,,false,[],[],Spain,,Hard,1296,fifa_players_csv,joaquin_navarro_jimenez_1990
manuel_gulde_1991,Manuel Gulde,manuel gulde m gulde gulde,"[""M. Gulde"",""Manuel Gulde"",""Gulde""]",Germany,CB,Defence,1991,,,false,[],[],Germany,,Hard,1296,fifa_players_csv,manuel_gulde_1991
marvin_zeegelaar_1990,Marvin Zeegelaar,marvin zeegelaar m zeegelaar zeegelaar,"[""M. Zeegelaar"",""Marvin Zeegelaar"",""Zeegelaar""]",Netherlands,"LB,LWB",Defence,1990,,,false,[],[],Netherlands,,Hard,1296,fifa_players_csv,marvin_zeegelaar_1990
mateo_pavlovic_1990,Mateo Pavlović,mateo pavlovic m pavlovic pavlovic,"[""M. Pavlović"",""Mateo Pavlović"",""Pavlović""]",Croatia,CB,Defence,1990,,,false,[],[],Croatia,,Hard,1296,fifa_players_csv,mateo_pavlovic_1990
nuno_miguel_ribeiro_da_cruz_jeronimo_sequeira_1990,Nuno Miguel Ribeiro da Cruz Jerónimo Sequeira,nuno miguel ribeiro da cruz jeronimo sequeira sequeira,"[""Sequeira"",""Nuno Miguel Ribeiro da Cruz Jerónimo Sequeira""]",Portugal,LB,Defence,1990,,,false,[],[],Portugal,,Hard,1296,fifa_players_csv,nuno_miguel_ribeiro_da_cruz_jeronimo_sequeira_1990
pedro_miguel_braga_rebocho_1995,Pedro Miguel Braga Rebocho,pedro miguel braga rebocho pedro rebocho rebocho,"[""Pedro Rebocho"",""Pedro Miguel Braga Rebocho"",""Rebocho""]",Portugal,LB,Defence,1995,,,false,[],[],Portugal,,Hard,1296,fifa_players_csv,pedro_miguel_braga_rebocho_1995
sergio_cordova_1997,Sergio Córdova,sergio cordova s cordova cordova,"[""S. Córdova"",""Sergio Córdova"",""Córdova""]",Venezuela,ST,Attack,1997,,,false,[],[],Venezuela,,Hard,1296,fifa_players_csv,sergio_cordova_1997
silas_enaldo_barros_de_almeida_1992,Silas Enaldo Barros de Almeida,silas enaldo barros de almeida silas almeim almeida,"[""Silas Almeim"",""Silas Enaldo Barros de Almeida"",""Almeida""]",Brazil,"LB,LM",Defence,1992,,,false,[],[],Brazil,,Hard,1296,fifa_players_csv,silas_enaldo_barros_de_almeida_1992
thomas_toure_1993,Thomas Touré,thomas toure t toure toure,"[""T. Touré"",""Thomas Touré"",""Touré""]",Ivory Coast,"LM,ST,RM,CAM",Midfield,1993,,,false,[],[],Côte d'Ivoire,,Hard,1296,fifa_players_csv,thomas_toure_1993
valentin_rosier_1996,Valentin Rosier,valentin rosier v rosier rosier,"[""V. Rosier"",""Valentin Rosier"",""Rosier""]",France,"RB,RWB",Defence,1996,,,false,[],[],France,,Hard,1296,fifa_players_csv,valentin_rosier_1996
adrien_tameze_1994,Adrien Tameze,adrien tameze a tameze tameze,"[""A. Tameze"",""Adrien Tameze"",""Tameze""]",France,"CM,CDM",Midfield,1994,,,false,[],[],France,,Hard,1295,fifa_players_csv,adrien_tameze_1994
agustin_daniel_rossi_1995,Agustín Daniel Rossi,agustin daniel rossi a rossi rossi,"[""A. Rossi"",""Agustín Daniel Rossi"",""Rossi""]",Argentina,GK,Goalkeeper,1995,,,false,[],[],Argentina,,Hard,1295,fifa_players_csv,agustin_daniel_rossi_1995
emiliano_velazquez_1994,Emiliano Velázquez,emiliano velazquez e velazquez velazquez,"[""E. Velázquez"",""Emiliano Velázquez"",""Velázquez""]",Uruguay,CB,Defence,1994,,,false,[],[],Uruguay,,Hard,1295,fifa_players_csv,emiliano_velazquez_1994
florent_hadergjonaj_1994,Florent Hadergjonaj,florent hadergjonaj f hadergjonaj hadergjonaj,"[""F. Hadergjonaj"",""Florent Hadergjonaj"",""Hadergjonaj""]",Switzerland,"RWB,RB",Defence,1994,,,false,[],[],Switzerland,,Hard,1295,fifa_players_csv,florent_hadergjonaj_1994
jack_stephens_1994,Jack Stephens,jack stephens j stephens stephens,"[""J. Stephens"",""Jack Stephens"",""Stephens""]",England,CB,Defence,1994,,,false,[],[],England,,Hard,1295,fifa_players_csv,jack_stephens_1994
kalvin_phillips_1995,Kalvin Phillips,kalvin phillips k phillips phillips,"[""K. Phillips"",""Kalvin Phillips"",""Phillips""]",England,"CDM,CB",Midfield,1995,,,false,[],[],England,,Hard,1295,fifa_players_csv,kalvin_phillips_1995
marc_oliver_kempf_1995,Marc-Oliver Kempf,marc oliver kempf m kempf kempf,"[""M. Kempf"",""Marc-Oliver Kempf"",""Kempf""]",Germany,CB,Defence,1995,,,false,[],[],Germany,,Hard,1295,fifa_players_csv,marc_oliver_kempf_1995
pol_mikel_lirola_kosok_1997,Pol Mikel Lirola Kosok,pol mikel lirola kosok pol lirola kosok,"[""Pol Lirola"",""Pol Mikel Lirola Kosok"",""Kosok""]",Spain,"RB,RM",Defence,1997,,,false,[],[],Spain,,Hard,1295,fifa_players_csv,pol_mikel_lirola_kosok_1997
yuri_oliveira_ribeiro_1997,Yuri Oliveira Ribeiro,yuri oliveira ribeiro yuri ribeiro ribeiro,"[""Yuri Ribeiro"",""Yuri Oliveira Ribeiro"",""Ribeiro""]",Portugal,LB,Defence,1997,,,false,[],[],Portugal,,Hard,1295,fifa_players_csv,yuri_oliveira_ribeiro_1997
adam_masina_1994,Adam Masina,adam masina a masina masina,"[""A. Masina"",""Adam Masina"",""Masina""]",Italy,LB,Defence,1994,,,false,[],[],Italy,,Hard,1294,fifa_players_csv,adam_masina_1994
almamy_toure_1996,Almamy Touré,almamy toure a toure toure,"[""A. Touré"",""Almamy Touré"",""Touré""]",Mali,RB,Defence,1996,,,false,[],[],Mali,,Hard,1294,fifa_players_csv,almamy_toure_1996
ante_budimir_1991,Ante Budimir,ante budimir a budimir budimir,"[""A. Budimir"",""Ante Budimir"",""Budimir""]",Croatia,ST,Attack,1991,,,false,[],[],Croatia,,Hard,1294,fifa_players_csv,ante_budimir_1991
ben_gibson_1993,Ben Gibson,ben gibson b gibson gibson,"[""B. Gibson"",""Ben Gibson"",""Gibson""]",England,CB,Defence,1993,,,false,[],[],England,,Hard,1294,fifa_players_csv,ben_gibson_1993
birger_verstraete_1994,Birger Verstraete,birger verstraete b verstraete verstraete,"[""B. Verstraete"",""Birger Verstraete"",""Verstraete""]",Belgium,"CDM,CM",Midfield,1994,,,false,[],[],Belgium,,Hard,1294,fifa_players_csv,birger_verstraete_1994
calum_chambers_1995,Calum Chambers,calum chambers c chambers chambers,"[""C. Chambers"",""Calum Chambers"",""Chambers""]",England,"CDM,CB",Midfield,1995,,,false,[],[],England,,Hard,1294,fifa_players_csv,calum_chambers_1995
chancel_mbemba_1994,Chancel Mbemba,chancel mbemba c mbemba mbemba,"[""C. Mbemba"",""Chancel Mbemba"",""Mbemba""]",DR Congo,"CB,LB",Defence,1994,,,false,[],[],DR Congo,,Hard,1294,fifa_players_csv,chancel_mbemba_1994
dominik_livakovic_1995,Dominik Livaković,dominik livakovic d livakovic livakovic,"[""D. Livaković"",""Dominik Livaković"",""Livaković""]",Croatia,GK,Goalkeeper,1995,,,false,[],[],Croatia,,Hard,1294,fifa_players_csv,dominik_livakovic_1995
douglas_renato_de_jesus_1983,Douglas Renato de Jesus,douglas renato de jesus douglas jesus,"[""Douglas"",""Douglas Renato de Jesus"",""Jesus""]",Brazil,GK,Goalkeeper,1983,,,false,[],[],Brazil,,Hard,1294,fifa_players_csv,douglas_renato_de_jesus_1983
emmanuel_mas_1989,Emmanuel Mas,emmanuel mas e mas mas,"[""E. Mas"",""Emmanuel Mas"",""Mas""]",Argentina,LB,Defence,1989,,,false,[],[],Argentina,,Hard,1294,fifa_players_csv,emmanuel_mas_1989
fabian_frei_1989,Fabian Frei,fabian frei f frei frei,"[""F. Frei"",""Fabian Frei"",""Frei""]",Switzerland,"CDM,CB,CM",Midfield,1989,,,false,[],[],Switzerland,,Hard,1294,fifa_players_csv,fabian_frei_1989
guillermo_ortiz_1992,Guillermo Ortíz,guillermo ortiz g ortiz ortiz,"[""G. Ortíz"",""Guillermo Ortíz"",""Ortíz""]",Argentina,CB,Defence,1992,,,false,[],[],Argentina,,Hard,1294,fifa_players_csv,guillermo_ortiz_1992
ivaylo_chochev_1993,Ivaylo Chochev,ivaylo chochev i chochev chochev,"[""I. Chochev"",""Ivaylo Chochev"",""Chochev""]",Bulgaria,"CM,CDM,LM",Midfield,1993,,,false,[],[],Bulgaria,,Hard,1294,fifa_players_csv,ivaylo_chochev_1993
jonathan_walters_1983,Jonathan  Walters,jonathan walters j walters walters,"[""J. Walters"",""Jonathan Walters"",""Walters""]",Republic of Ireland,"ST,RM",Attack,1983,,,false,[],[],Republic of Ireland,,Hard,1294,fifa_players_csv,jonathan_walters_1983
jonathan_silva_1994,Jonathan Silva,jonathan silva j silva silva,"[""J. Silva"",""Jonathan Silva"",""Silva""]",Argentina,"LB,LWB",Defence,1994,,,false,[],[],Argentina,,Hard,1294,fifa_players_csv,jonathan_silva_1994
jorge_daniel_hernandez_govea_1989,Jorge Daniel Hernández Govea,jorge daniel hernandez govea j hernandez govea,"[""J. Hernández"",""Jorge Daniel Hernández Govea"",""Govea""]",Mexico,"CDM,CM",Midfield,1989,,,false,[],[],Mexico,,Hard,1294,fifa_players_csv,jorge_daniel_hernandez_govea_1989
keagan_dolly_1993,Keagan Dolly,keagan dolly k dolly dolly,"[""K. Dolly"",""Keagan Dolly"",""Dolly""]",South Africa,"CAM,LM,LW,CM",Midfield,1993,,,false,[],[],South Africa,,Hard,1294,fifa_players_csv,keagan_dolly_1993
kevin_manuel_rodrigues_1994,Kévin Manuel Rodrigues,kevin manuel rodrigues kevin rodrigues rodrigues,"[""Kévin Rodrigues"",""Kévin Manuel Rodrigues"",""Rodrigues""]",Portugal,LB,Defence,1994,,,false,[],[],Portugal,,Hard,1294,fifa_players_csv,kevin_manuel_rodrigues_1994
lorenzo_crisetig_1993,Lorenzo Crisetig,lorenzo crisetig l crisetig crisetig,"[""L. Crisetig"",""Lorenzo Crisetig"",""Crisetig""]",Italy,"CM,CDM",Midfield,1993,,,false,[],[],Italy,,Hard,1294,fifa_players_csv,lorenzo_crisetig_1993
marc_navarro_ceciliano_1995,Marc Navarro Ceciliano,marc navarro ceciliano marc navarro ceciliano,"[""Marc Navarro"",""Marc Navarro Ceciliano"",""Ceciliano""]",Spain,RB,Defence,1995,,,false,[],[],Spain,,Hard,1294,fifa_players_csv,marc_navarro_ceciliano_1995
marc_schnatterer_1985,Marc Schnatterer,marc schnatterer m schnatterer schnatterer,"[""M. Schnatterer"",""Marc Schnatterer"",""Schnatterer""]",Germany,"RM,LM",Midfield,1985,,,false,[],[],Germany,,Hard,1294,fifa_players_csv,marc_schnatterer_1985
marcel_tisserand_1993,Marcel Tisserand,marcel tisserand m tisserand tisserand,"[""M. Tisserand"",""Marcel Tisserand"",""Tisserand""]",DR Congo,"CB,LB",Defence,1993,,,false,[],[],DR Congo,,Hard,1294,fifa_players_csv,marcel_tisserand_1993
mats_rits_1993,Mats Rits,mats rits m rits rits,"[""M. Rits"",""Mats Rits"",""Rits""]",Belgium,"CM,CDM,CAM",Midfield,1993,,,false,[],[],Belgium,,Hard,1294,fifa_players_csv,mats_rits_1993
mauricio_lemos_merladet_1995,Mauricio Lemos Merladet,mauricio lemos merladet m lemos merladet,"[""M. Lemos"",""Mauricio Lemos Merladet"",""Merladet""]",Uruguay,CB,Defence,1995,,,false,[],[],Uruguay,,Hard,1294,fifa_players_csv,mauricio_lemos_merladet_1995
nicola_murru_1994,Nicola Murru,nicola murru n murru murru,"[""N. Murru"",""Nicola Murru"",""Murru""]",Italy,LB,Defence,1994,,,false,[],[],Italy,,Hard,1294,fifa_players_csv,nicola_murru_1994
osvaldo_david_martinez_arce_1986,Osvaldo David Martínez Arce,osvaldo david martinez arce o martinez arce,"[""O. Martínez"",""Osvaldo David Martínez Arce"",""Arce""]",Paraguay,"CM,CDM",Midfield,1986,,,false,[],[],Paraguay,,Hard,1294,fifa_players_csv,osvaldo_david_martinez_arce_1986
patrik_hrosovsky_1992,Patrik Hrošovský,patrik hrosovsky p hrosovsky hrosovsky,"[""P. Hrošovský"",""Patrik Hrošovský"",""Hrošovský""]",Slovakia,"CM,CDM",Midfield,1992,,,false,[],[],Slovakia,,Hard,1294,fifa_players_csv,patrik_hrosovsky_1992
pedro_alcala_guirado_1989,Pedro Alcalá Guirado,pedro alcala guirado alcala guirado,"[""Alcalá"",""Pedro Alcalá Guirado"",""Guirado""]",Spain,CB,Defence,1989,,,false,[],[],Spain,,Hard,1294,fifa_players_csv,pedro_alcala_guirado_1989
prince_desir_gouano_1993,Prince-Désir Gouano,prince desir gouano p gouano gouano,"[""P. Gouano"",""Prince-Désir Gouano"",""Gouano""]",France,CB,Defence,1993,,,false,[],[],France,,Hard,1294,fifa_players_csv,prince_desir_gouano_1993
rade_krunic_1993,Rade Krunić,rade krunic r krunic krunic,"[""R. Krunić"",""Rade Krunić"",""Krunić""]",Bosnia Herzegovina,CM,Midfield,1993,,,false,[],[],Bosnia Herzegovina,,Hard,1294,fifa_players_csv,rade_krunic_1993
radosav_petrovic_1989,Radosav Petrović,radosav petrovic r petrovic petrovic,"[""R. Petrović"",""Radosav Petrović"",""Petrović""]",Serbia,CDM,Midfield,1989,,,false,[],[],Serbia,,Hard,1294,fifa_players_csv,radosav_petrovic_1989
ruben_salvador_perez_del_marmol_1989,Rubén Salvador Pérez del Mármol,ruben salvador perez del marmol ruben perez marmol,"[""Rubén Pérez"",""Rubén Salvador Pérez del Mármol"",""Mármol""]",Spain,"CDM,CM",Midfield,1989,,,false,[],[],Spain,,Hard,1294,fifa_players_csv,ruben_salvador_perez_del_marmol_1989
sarpreet_singh_1999,Sarpreet Singh,sarpreet singh s singh singh,"[""S. Singh"",""Sarpreet Singh"",""Singh""]",New Zealand,CAM,Midfield,1999,,,false,[],[],Wellington Phoenix,,Hard,1294,fifa_players_csv,sarpreet_singh_1999
saul_berjon_perez_1986,Saúl Berjón Pérez,saul berjon perez saul berjon perez,"[""Saúl Berjón"",""Saúl Berjón Pérez"",""Pérez""]",Spain,"LM,RM,LW",Midfield,1986,,,false,[],[],Spain,,Hard,1294,fifa_players_csv,saul_berjon_perez_1986
sergio_postigo_redondo_1988,Sergio Postigo Redondo,sergio postigo redondo postigo redondo,"[""Postigo"",""Sergio Postigo Redondo"",""Redondo""]",Spain,CB,Defence,1988,,,false,[],[],Spain,,Hard,1294,fifa_players_csv,sergio_postigo_redondo_1988
stephane_bahoken_1992,Stéphane Bahoken,stephane bahoken s bahoken bahoken,"[""S. Bahoken"",""Stéphane Bahoken"",""Bahoken""]",Cameroon,ST,Attack,1992,,,false,[],[],Cameroon,,Hard,1294,fifa_players_csv,stephane_bahoken_1992
tiago_rafael_maia_silva_1993,Tiago Rafael Maia Silva,tiago rafael maia silva tiago silva silva,"[""Tiago Silva"",""Tiago Rafael Maia Silva"",""Silva""]",Portugal,"CM,CAM",Midfield,1993,,,false,[],[],Portugal,,Hard,1294,fifa_players_csv,tiago_rafael_maia_silva_1993
virgil_misidjan_1993,Virgil  Misidjan,virgil misidjan v misidjan misidjan,"[""V. Misidjan"",""Virgil Misidjan"",""Misidjan""]",Netherlands,"RM,RW,LM,LW",Midfield,1993,,,false,[],[],Netherlands,,Hard,1294,fifa_players_csv,virgil_misidjan_1993
william_de_asevedo_furtado_1995,William de Asevedo Furtado,william de asevedo furtado william furtado,"[""William"",""William de Asevedo Furtado"",""Furtado""]",Brazil,"RB,LB",Defence,1995,,,false,[],[],Brazil,,Hard,1294,fifa_players_csv,william_de_asevedo_furtado_1995
1985,정성룡 郑俊玄,jung sung ryong,"[""Jung Sung Ryong""]",Korea Republic,GK,Goalkeeper,1985,,,false,[],[],Korea Republic,,Hard,1294,fifa_players_csv,1985
1988_51,吉田 麻也,m yoshida,"[""M. Yoshida""]",Japan,CB,Defence,1988,,,false,[],[],Japan,,Hard,1294,fifa_players_csv,1988_51
benoit_poulain_1987,Benoît Poulain,benoit poulain b poulain poulain,"[""B. Poulain"",""Benoît Poulain"",""Poulain""]",France,CB,Defence,1987,,,false,[],[],France,,Hard,1293,fifa_players_csv,benoit_poulain_1987
billy_ketkeophomphone_1990,Billy Ketkeophomphone,billy ketkeophomphone b ketkeophomphone ketkeophomphone,"[""B. Ketkeophomphone"",""Billy Ketkeophomphone"",""Ketkeophomphone""]",France,"ST,RM,RW",Attack,1990,,,false,[],[],France,,Hard,1293,fifa_players_csv,billy_ketkeophomphone_1990
caio_rodrigo_nunes_anjos_1988,Caio Rodrigo Nunes Anjos,caio rodrigo nunes anjos caio nunson anjos,"[""Caio Nunson"",""Caio Rodrigo Nunes Anjos"",""Anjos""]",Brazil,"CB,LB",Defence,1988,,,false,[],[],Brazil,,Hard,1293,fifa_players_csv,caio_rodrigo_nunes_anjos_1988
cristian_chagas_tarouco_1988,Cristian Chagas Tarouco,cristian chagas tarouco titi tarouco,"[""Titi"",""Cristian Chagas Tarouco"",""Tarouco""]",Brazil,CB,Defence,1988,,,false,[],[],Brazil,,Hard,1293,fifa_players_csv,cristian_chagas_tarouco_1988
ferran_torres_garcia_2000,Ferrán Torres García,ferran torres garcia ferran torres garcia,"[""Ferrán Torres"",""Ferrán Torres García"",""García""]",Spain,RM,Midfield,2000,,,false,[],[],Spain,,Hard,1293,fifa_players_csv,ferran_torres_garcia_2000
franco_zuculini_1990,Franco Zuculini,franco zuculini f zuculini zuculini,"[""F. Zuculini"",""Franco Zuculini"",""Zuculini""]",Argentina,CM,Midfield,1990,,,false,[],[],Argentina,,Hard,1293,fifa_players_csv,franco_zuculini_1990
guram_kashia_1987,Guram Kashia,guram kashia g kashia kashia,"[""G. Kashia"",""Guram Kashia"",""Kashia""]",Georgia,CB,Defence,1987,,,false,[],[],Georgia,,Hard,1293,fifa_players_csv,guram_kashia_1987
helder_wander_sousa_azevedo_costa_1994,Hélder Wander Sousa Azevedo Costa,helder wander sousa azevedo costa helder costa costa,"[""Hélder Costa"",""Hélder Wander Sousa Azevedo Costa"",""Costa""]",Portugal,RW,Attack,1994,,,false,[],[],Portugal,,Hard,1293,fifa_players_csv,helder_wander_sousa_azevedo_costa_1994
kamohelo_mokotjo_1991,Kamohelo Mokotjo,kamohelo mokotjo k mokotjo mokotjo,"[""K. Mokotjo"",""Kamohelo Mokotjo"",""Mokotjo""]",South Africa,"CM,CDM",Midfield,1991,,,false,[],[],South Africa,,Hard,1293,fifa_players_csv,kamohelo_mokotjo_1991
kemar_roofe_1993,Kemar Roofe,kemar roofe k roofe roofe,"[""K. Roofe"",""Kemar Roofe"",""Roofe""]",England,ST,Attack,1993,,,false,[],[],England,,Hard,1293,fifa_players_csv,kemar_roofe_1993
kolbeinn_sig_orsson_1990,Kolbeinn Sigþórsson,kolbeinn sig orsson k sig orsson sig orsson,"[""K. Sigþórsson"",""Kolbeinn Sigþórsson"",""Sigþórsson""]",Iceland,ST,Attack,1990,,,false,[],[],Iceland,,Hard,1293,fifa_players_csv,kolbeinn_sig_orsson_1990
leon_aderemi_balogun_1988,Leon-Aderemi Balogun,leon aderemi balogun l balogun balogun,"[""L. Balogun"",""Leon-Aderemi Balogun"",""Balogun""]",Nigeria,"CB,RB",Defence,1988,,,false,[],[],Nigeria,,Hard,1293,fifa_players_csv,leon_aderemi_balogun_1988
matej_vydra_1992,Matěj Vydra,matej vydra m vydra vydra,"[""M. Vydra"",""Matěj Vydra"",""Vydra""]",Czech Republic,"CAM,CF",Midfield,1992,,,false,[],[],Czech Republic,,Hard,1293,fifa_players_csv,matej_vydra_1992
mikael_ishak_1993,Mikael Ishak,mikael ishak m ishak ishak,"[""M. Ishak"",""Mikael Ishak"",""Ishak""]",Sweden,ST,Attack,1993,,,false,[],[],Sweden,,Hard,1293,fifa_players_csv,mikael_ishak_1993
mykola_morozyuk_1988,Mykola Morozyuk,mykola morozyuk m morozyuk morozyuk,"[""M. Morozyuk"",""Mykola Morozyuk"",""Morozyuk""]",Ukraine,"RB,RM,LB,LM",Defence,1988,,,false,[],[],Ukraine,,Hard,1293,fifa_players_csv,mykola_morozyuk_1988
paul_baysse_1988,Paul Baysse,paul baysse p baysse baysse,"[""P. Baysse"",""Paul Baysse"",""Baysse""]",France,CB,Defence,1988,,,false,[],[],France,,Hard,1293,fifa_players_csv,paul_baysse_1988
segundo_victor_ibarbo_guerrero_1990,Segundo Víctor Ibarbo Guerrero,segundo victor ibarbo guerrero v ibarbo guerrero,"[""V. Ibarbo"",""Segundo Víctor Ibarbo Guerrero"",""Guerrero""]",Colombia,"ST,RW",Attack,1990,,,false,[],[],Colombia,,Hard,1293,fifa_players_csv,segundo_victor_ibarbo_guerrero_1990
sinan_gumus_1994,Sinan Gümüş,sinan gumus s gumus gumus,"[""S. Gümüş"",""Sinan Gümüş"",""Gümüş""]",Germany,"RM,ST",Midfield,1994,,,false,[],[],Germany,,Hard,1293,fifa_players_csv,sinan_gumus_1994
tiago_miguel_baia_pinto_1988,Tiago Miguel Baía Pinto,tiago miguel baia pinto tiago pinto pinto,"[""Tiago Pinto"",""Tiago Miguel Baía Pinto"",""Pinto""]",Portugal,LB,Defence,1988,,,false,[],[],Portugal,,Hard,1293,fifa_players_csv,tiago_miguel_baia_pinto_1988
tomas_necid_1989,Tomáš  Necid,tomas necid t necid necid,"[""T. Necid"",""Tomáš Necid"",""Necid""]",Czech Republic,ST,Attack,1989,,,false,[],[],Czech Republic,,Hard,1293,fifa_players_csv,tomas_necid_1989
welthon_fiel_sampaio_1992,Welthon Fiel Sampaio,welthon fiel sampaio welthon sampaio,"[""Welthon"",""Welthon Fiel Sampaio"",""Sampaio""]",Brazil,ST,Attack,1992,,,false,[],[],Brazil,,Hard,1293,fifa_players_csv,welthon_fiel_sampaio_1992
yangel_herrera_1998,Yangel Herrera,yangel herrera y herrera herrera,"[""Y. Herrera"",""Yangel Herrera"",""Herrera""]",Venezuela,"CDM,CM",Midfield,1998,,,false,[],[],Venezuela,,Hard,1293,fifa_players_csv,yangel_herrera_1998
yunis_abdelhamid_1987,Yunis Abdelhamid,yunis abdelhamid y abdelhamid abdelhamid,"[""Y. Abdelhamid"",""Yunis Abdelhamid"",""Abdelhamid""]",Morocco,CB,Defence,1987,,,false,[],[],Morocco,,Hard,1293,fifa_players_csv,yunis_abdelhamid_1987
1994_66,김승준 金承俊,kim seung joon,"[""Kim Seung Joon""]",Korea Republic,"RM,LM",Midfield,1994,,,false,[],[],Korea Republic,,Hard,1293,fifa_players_csv,1994_66
aleix_garcia_serrano_1997,Aleix García Serrano,aleix garcia serrano aleix garcia serrano,"[""Aleix García"",""Aleix García Serrano"",""Serrano""]",Spain,CM,Midfield,1997,,,false,[],[],Spain,,Hard,1292,fifa_players_csv,aleix_garcia_serrano_1997
alexandre_moreno_lopera_1993,Alexandre Moreno Lopera,alexandre moreno lopera alex moreno lopera,"[""Álex Moreno"",""Alexandre Moreno Lopera"",""Lopera""]",Spain,"LB,LWB",Defence,1993,,,false,[],[],Spain,,Hard,1292,fifa_players_csv,alexandre_moreno_lopera_1993
amato_ciciretti_1993,Amato Ciciretti,amato ciciretti a ciciretti ciciretti,"[""A. Ciciretti"",""Amato Ciciretti"",""Ciciretti""]",Italy,"RW,RM,CAM",Attack,1993,,,false,[],[],Italy,,Hard,1292,fifa_players_csv,amato_ciciretti_1993
jonas_knudsen_1992,Jonas Knudsen,jonas knudsen j knudsen knudsen,"[""J. Knudsen"",""Jonas Knudsen"",""Knudsen""]",Denmark,"LB,CB,LWB",Defence,1992,,,false,[],[],Denmark,,Hard,1292,fifa_players_csv,jonas_knudsen_1992
mykola_shaparenko_1998,Mykola Shaparenko,mykola shaparenko m shaparenko shaparenko,"[""M. Shaparenko"",""Mykola Shaparenko"",""Shaparenko""]",Ukraine,"CM,CDM,CAM",Midfield,1998,,,false,[],[],Ukraine,,Hard,1292,fifa_players_csv,mykola_shaparenko_1998
nicolas_mario_domingo_1985,Nicolás Mario Domingo,nicolas mario domingo n domingo domingo,"[""N. Domingo"",""Nicolás Mario Domingo"",""Domingo""]",Argentina,"CDM,CM,CB",Midfield,1985,,,false,[],[],Argentina,,Hard,1292,fifa_players_csv,nicolas_mario_domingo_1985
riccardo_orsolini_1997,Riccardo Orsolini,riccardo orsolini r orsolini orsolini,"[""R. Orsolini"",""Riccardo Orsolini"",""Orsolini""]",Italy,"RW,RM",Attack,1997,,,false,[],[],Italy,,Hard,1292,fifa_players_csv,riccardo_orsolini_1997
souleymane_bamba_1985,Souleymane Bamba,souleymane bamba s bamba bamba,"[""S. Bamba"",""Souleymane Bamba"",""Bamba""]",Ivory Coast,CB,Defence,1985,,,false,[],[],Ivory Coast,,Hard,1292,fifa_players_csv,souleymane_bamba_1985
alexander_hack_1993,Alexander Hack,alexander hack a hack hack,"[""A. Hack"",""Alexander Hack"",""Hack""]",Germany,CB,Defence,1993,,,false,[],[],Germany,,Hard,1291,fifa_players_csv,alexander_hack_1993
anthony_briancon_1994,Anthony Briançon,anthony briancon a briancon briancon,"[""A. Briançon"",""Anthony Briançon"",""Briançon""]",France,CB,Defence,1994,,,false,[],[],France,,Hard,1291,fifa_players_csv,anthony_briancon_1994
bruno_alexandre_vieira_almeida_1997,Bruno Alexandre Vieira Almeida,bruno alexandre vieira almeida bruno xadas almeida,"[""Bruno Xadas"",""Bruno Alexandre Vieira Almeida"",""Almeida""]",Portugal,RM,Midfield,1997,,,false,[],[],Portugal,,Hard,1291,fifa_players_csv,bruno_alexandre_vieira_almeida_1997
christophe_kerbrat_1986,Christophe Kerbrat,christophe kerbrat c kerbrat kerbrat,"[""C. Kerbrat"",""Christophe Kerbrat"",""Kerbrat""]",France,CB,Defence,1986,,,false,[],[],France,,Hard,1291,fifa_players_csv,christophe_kerbrat_1986
daniel_amartey_1994,Daniel Amartey,daniel amartey d amartey amartey,"[""D. Amartey"",""Daniel Amartey"",""Amartey""]",Ghana,"RB,CDM,CM",Defence,1994,,,false,[],[],Ghana,,Hard,1291,fifa_players_csv,daniel_amartey_1994
denis_glushakov_1987,Denis Glushakov,denis glushakov d glushakov glushakov,"[""D. Glushakov"",""Denis Glushakov"",""Glushakov""]",Russia,"CDM,CM",Midfield,1987,,,false,[],[],Russia,,Hard,1291,fifa_players_csv,denis_glushakov_1987
dmitriy_tarasov_1987,Dmitriy Tarasov,dmitriy tarasov d tarasov tarasov,"[""D. Tarasov"",""Dmitriy Tarasov"",""Tarasov""]",Russia,CDM,Midfield,1987,,,false,[],[],Russia,,Hard,1291,fifa_players_csv,dmitriy_tarasov_1987
glen_kamara_1995,Glen Kamara,glen kamara g kamara kamara,"[""G. Kamara"",""Glen Kamara"",""Kamara""]",Finland,"CM,CDM",Midfield,1995,,,false,[],[],Finland,,Hard,1291,fifa_players_csv,glen_kamara_1995
hugo_ayala_castro_1987,Hugo Ayala Castro,hugo ayala castro h ayala castro,"[""H. Ayala"",""Hugo Ayala Castro"",""Castro""]",Mexico,CB,Defence,1987,,,false,[],[],Mexico,,Hard,1291,fifa_players_csv,hugo_ayala_castro_1987
joe_bryan_1993,Joe  Bryan,joe bryan j bryan bryan,"[""J. Bryan"",""Joe Bryan"",""Bryan""]",England,"LB,LWB",Defence,1993,,,false,[],[],England,,Hard,1291,fifa_players_csv,joe_bryan_1993
jonas_ramalho_chimeno_1993,Jonás  Ramalho Chimeno,jonas ramalho chimeno ramalho chimeno,"[""Ramalho"",""Jonás Ramalho Chimeno"",""Chimeno""]",Spain,CB,Defence,1993,,,false,[],[],Spain,,Hard,1291,fifa_players_csv,jonas_ramalho_chimeno_1993
jose_alberto_canas_ruiz_herrera_1987,José Alberto Cañas Ruiz-Herrera,jose alberto canas ruiz herrera jose canas ruiz herrera,"[""José Cañas"",""José Alberto Cañas Ruiz-Herrera"",""Ruiz-Herrera""]",Spain,"CDM,CM",Midfield,1987,,,false,[],[],Spain,,Hard,1291,fifa_players_csv,jose_alberto_canas_ruiz_herrera_1987
juan_musso_1994,Juan Musso,juan musso j musso musso,"[""J. Musso"",""Juan Musso"",""Musso""]",Argentina,GK,Goalkeeper,1994,,,false,[],[],Argentina,,Hard,1291,fifa_players_csv,juan_musso_1994
konstantinos_laifis_1993,Konstantinos Laifis,konstantinos laifis k laifis laifis,"[""K. Laifis"",""Konstantinos Laifis"",""Laifis""]",Cyprus,"CB,LB",Defence,1993,,,false,[],[],Cyprus,,Hard,1291,fifa_players_csv,konstantinos_laifis_1993
lovro_majer_1998,Lovro Majer,lovro majer l majer majer,"[""L. Majer"",""Lovro Majer"",""Majer""]",Croatia,"CAM,CM",Midfield,1998,,,false,[],[],Croatia,,Hard,1291,fifa_players_csv,lovro_majer_1998
luis_fernando_diaz_marulanda_1997,Luis Fernando Díaz Marulanda,luis fernando diaz marulanda l diaz marulanda,"[""L. Díaz"",""Luis Fernando Díaz Marulanda"",""Marulanda""]",Colombia,LM,Midfield,1997,,,false,[],[],Colombia,,Hard,1291,fifa_players_csv,luis_fernando_diaz_marulanda_1997
manuel_garcia_alonso_1998,Manuel García Alonso,manuel garcia alonso manu garcia alonso,"[""Manu García"",""Manuel García Alonso"",""Alonso""]",Spain,"CAM,CM",Midfield,1998,,,false,[],[],Spain,,Hard,1291,fifa_players_csv,manuel_garcia_alonso_1998
marc_muniesa_martinez_1992,Marc Muniesa Martínez,marc muniesa martinez marc muniesa martinez,"[""Marc Muniesa"",""Marc Muniesa Martínez"",""Martínez""]",Spain,"CB,LB",Defence,1992,,,false,[],[],Spain,,Hard,1291,fifa_players_csv,marc_muniesa_martinez_1992
matheus_doria_macedo_1994,Matheus Dória Macedo,matheus doria macedo doria macedo,"[""Dória"",""Matheus Dória Macedo"",""Macedo""]",Brazil,CB,Defence,1994,,,false,[],[],Brazil,,Hard,1291,fifa_players_csv,matheus_doria_macedo_1994
matias_lionel_fritzler_1986,Matías Lionel Fritzler,matias lionel fritzler m fritzler fritzler,"[""M. Fritzler"",""Matías Lionel Fritzler"",""Fritzler""]",Argentina,"CDM,CM",Midfield,1986,,,false,[],[],Argentina,,Hard,1291,fifa_players_csv,matias_lionel_fritzler_1986
musa_cag_ran_1992,Musa Çağıran,musa cag ran m cag ran cag ran,"[""M. Çağıran"",""Musa Çağıran"",""Çağıran""]",Turkey,"CDM,CM",Midfield,1992,,,false,[],[],Turkey,,Hard,1291,fifa_players_csv,musa_cag_ran_1992
nathan_dyer_1987,Nathan Dyer,nathan dyer n dyer dyer,"[""N. Dyer"",""Nathan Dyer"",""Dyer""]",England,"RM,RW,LM",Midfield,1987,,,false,[],[],England,,Hard,1291,fifa_players_csv,nathan_dyer_1987
odsonne_edouard_1998,Odsonne Edouard,odsonne edouard o edouard edouard,"[""O. Edouard"",""Odsonne Edouard"",""Edouard""]",France,ST,Attack,1998,,,false,[],[],France,,Hard,1291,fifa_players_csv,odsonne_edouard_1998
orel_mangala_1998,Orel Mangala,orel mangala o mangala mangala,"[""O. Mangala"",""Orel Mangala"",""Mangala""]",Belgium,"CM,CDM",Midfield,1998,,,false,[],[],Belgium,,Hard,1291,fifa_players_csv,orel_mangala_1998
ryan_kent_1996,Ryan Kent,ryan kent r kent kent,"[""R. Kent"",""Ryan Kent"",""Kent""]",England,"LW,LM,RW",Attack,1996,,,false,[],[],England,,Hard,1291,fifa_players_csv,ryan_kent_1996
sanjin_prcic_1993,Sanjin Prcić,sanjin prcic s prcic prcic,"[""S. Prcić"",""Sanjin Prcić"",""Prcić""]",Bosnia Herzegovina,"CDM,CM",Midfield,1993,,,false,[],[],Bosnia Herzegovina,,Hard,1291,fifa_players_csv,sanjin_prcic_1993
sidney_sam_1988,Sidney Sam,sidney sam s sam sam,"[""S. Sam"",""Sidney Sam"",""Sam""]",Germany,"RM,LM",Midfield,1988,,,false,[],[],Germany,,Hard,1291,fifa_players_csv,sidney_sam_1988
stefan_aigner_1987,Stefan Aigner,stefan aigner s aigner aigner,"[""S. Aigner"",""Stefan Aigner"",""Aigner""]",Germany,"ST,RM",Attack,1987,,,false,[],[],Germany,,Hard,1291,fifa_players_csv,stefan_aigner_1987
wenderson_nascimento_galeno_1997,Wenderson Nascimento Galeno,wenderson nascimento galeno galeno,"[""Galeno"",""Wenderson Nascimento Galeno""]",Brazil,"LW,RW",Attack,1997,,,false,[],[],Brazil,,Hard,1291,fifa_players_csv,wenderson_nascimento_galeno_1997
1998,堂安 律,r doan,"[""R. Doan""]",Japan,"RM,CAM",Midfield,1998,,,false,[],[],Japan,,Hard,1291,fifa_players_csv,1998
abdul_majeed_waris_1991,Abdul Majeed Waris,abdul majeed waris m waris waris,"[""M. Waris"",""Abdul Majeed Waris"",""Waris""]",Ghana,"ST,LM,LW",Attack,1991,,,false,[],[],Ghana,,Hard,1290,fifa_players_csv,abdul_majeed_waris_1991
alvaro_garcia_rivera_1992,Álvaro García Rivera,alvaro garcia rivera alvaro garcia rivera,"[""Álvaro García"",""Álvaro García Rivera"",""Rivera""]",Spain,"LM,RM,CAM",Midfield,1992,,,false,[],[],Spain,,Hard,1290,fifa_players_csv,alvaro_garcia_rivera_1992
angel_rangel_zaragoza_1982,Àngel Rangel Zaragoza,angel rangel zaragoza angel rangel zaragoza,"[""Àngel Rangel"",""Àngel Rangel Zaragoza"",""Zaragoza""]",Spain,RB,Defence,1982,,,false,[],[],Spain,,Hard,1290,fifa_players_csv,angel_rangel_zaragoza_1982
benjamin_corgnet_1987,Benjamin Corgnet,benjamin corgnet b corgnet corgnet,"[""B. Corgnet"",""Benjamin Corgnet"",""Corgnet""]",France,"CAM,CM",Midfield,1987,,,false,[],[],France,,Hard,1290,fifa_players_csv,benjamin_corgnet_1987
bongani_zungu_1992,Bongani Zungu,bongani zungu b zungu zungu,"[""B. Zungu"",""Bongani Zungu"",""Zungu""]",South Africa,"CDM,CM",Midfield,1992,,,false,[],[],South Africa,,Hard,1290,fifa_players_csv,bongani_zungu_1992
brandley_kuwas_1992,Brandley Kuwas,brandley kuwas b kuwas kuwas,"[""B. Kuwas"",""Brandley Kuwas"",""Kuwas""]",Curacao,"RW,CAM",Attack,1992,,,false,[],[],Curacao,,Hard,1290,fifa_players_csv,brandley_kuwas_1992
bruno_zuculini_1993,Bruno Zuculini,bruno zuculini b zuculini zuculini,"[""B. Zuculini"",""Bruno Zuculini"",""Zuculini""]",Argentina,CDM,Midfield,1993,,,false,[],[],Argentina,,Hard,1290,fifa_players_csv,bruno_zuculini_1993
bryan_dabo_1992,Bryan Dabo,bryan dabo b dabo dabo,"[""B. Dabo"",""Bryan Dabo"",""Dabo""]",Burkina Faso,"CM,CDM",Midfield,1992,,,false,[],[],Burkina Faso,,Hard,1290,fifa_players_csv,bryan_dabo_1992
charlie_daniels_1986,Charlie Daniels,charlie daniels c daniels daniels,"[""C. Daniels"",""Charlie Daniels"",""Daniels""]",England,"LB,LWB",Defence,1986,,,false,[],[],England,,Hard,1290,fifa_players_csv,charlie_daniels_1986
conor_coady_1993,Conor  Coady,conor coady c coady coady,"[""C. Coady"",""Conor Coady"",""Coady""]",England,CB,Defence,1993,,,false,[],[],England,,Hard,1290,fifa_players_csv,conor_coady_1993
cristopher_benjamin_toselli_rios_1988,Cristopher Benjamín Toselli Ríos,cristopher benjamin toselli rios c toselli rios,"[""C. Toselli"",""Cristopher Benjamín Toselli Ríos"",""Ríos""]",Chile,GK,Goalkeeper,1988,,,false,[],[],Chile,,Hard,1290,fifa_players_csv,cristopher_benjamin_toselli_rios_1988
daniel_eduardo_bocanegra_ortiz_1987,Daniel Eduardo Bocanegra Ortíz,daniel eduardo bocanegra ortiz d bocanegra ortiz,"[""D. Bocanegra"",""Daniel Eduardo Bocanegra Ortíz"",""Ortíz""]",Colombia,"RB,CB,CM",Defence,1987,,,false,[],[],Colombia,,Hard,1290,fifa_players_csv,daniel_eduardo_bocanegra_ortiz_1987
darko_brasanac_1992,Darko Brasanac,darko brasanac d brasanac brasanac,"[""D. Brasanac"",""Darko Brasanac"",""Brasanac""]",Serbia,"CM,RM,CDM",Midfield,1992,,,false,[],[],Serbia,,Hard,1290,fifa_players_csv,darko_brasanac_1992
diego_falcinelli_1991,Diego Falcinelli,diego falcinelli d falcinelli falcinelli,"[""D. Falcinelli"",""Diego Falcinelli"",""Falcinelli""]",Italy,ST,Attack,1991,,,false,[],[],Italy,,Hard,1290,fifa_players_csv,diego_falcinelli_1991
fabian_castillo_1992,Fabián Castillo,fabian castillo f castillo castillo,"[""F. Castillo"",""Fabián Castillo"",""Castillo""]",Colombia,"LM,RM",Midfield,1992,,,false,[],[],Colombia,,Hard,1290,fifa_players_csv,fabian_castillo_1992
federico_javier_santander_mereles_1991,Federico Javier Santander Mereles,federico javier santander mereles f santander mereles,"[""F. Santander"",""Federico Javier Santander Mereles"",""Mereles""]",Paraguay,ST,Attack,1991,,,false,[],[],Paraguay,,Hard,1290,fifa_players_csv,federico_javier_santander_mereles_1991
filip_uricic_1992,Filip Đuričić,filip uricic f uricic uricic,"[""F. Đuričić"",""Filip Đuričić"",""Đuričić""]",Serbia,"CAM,LW",Midfield,1992,,,false,[],[],Serbia,,Hard,1290,fifa_players_csv,filip_uricic_1992
gaston_gimenez_1991,Gastón Giménez,gaston gimenez g gimenez gimenez,"[""G. Giménez"",""Gastón Giménez"",""Giménez""]",Argentina,"CM,CDM",Midfield,1991,,,false,[],[],Argentina,,Hard,1290,fifa_players_csv,gaston_gimenez_1991
gustavo_ezequiel_blanco_leschuk_1991,Gustavo Ezequiel Blanco Leschuk,gustavo ezequiel blanco leschuk g blanco leschuk,"[""G. Blanco"",""Gustavo Ezequiel Blanco Leschuk"",""Leschuk""]",Argentina,ST,Attack,1991,,,false,[],[],Argentina,,Hard,1290,fifa_players_csv,gustavo_ezequiel_blanco_leschuk_1991
joao_miguel_macedo_da_silva_1995,João Miguel Macedo da Silva,joao miguel macedo da silva miguel silva silva,"[""Miguel Silva"",""João Miguel Macedo da Silva"",""Silva""]",Portugal,GK,Goalkeeper,1995,,,false,[],[],Portugal,,Hard,1290,fifa_players_csv,joao_miguel_macedo_da_silva_1995
joel_obi_1991,Joel Obi,joel obi j obi obi,"[""J. Obi"",""Joel Obi"",""Obi""]",Nigeria,CM,Midfield,1991,,,false,[],[],Nigeria,,Hard,1290,fifa_players_csv,joel_obi_1991
juan_marcos_foyth_1998,Juan Marcos Foyth,juan marcos foyth j foyth foyth,"[""J. Foyth"",""Juan Marcos Foyth"",""Foyth""]",Argentina,CB,Defence,1998,,,false,[],[],Argentina,,Hard,1290,fifa_players_csv,juan_marcos_foyth_1998
kemar_lawrence_1992,Kemar Lawrence,kemar lawrence k lawrence lawrence,"[""K. Lawrence"",""Kemar Lawrence"",""Lawrence""]",Jamaica,"LB,LWB",Defence,1992,,,false,[],[],Jamaica,,Hard,1290,fifa_players_csv,kemar_lawrence_1992
leandro_cabrera_1991,Leandro Cabrera,leandro cabrera l cabrera cabrera,"[""L. Cabrera"",""Leandro Cabrera"",""Cabrera""]",Uruguay,"CB,LB",Defence,1991,,,false,[],[],Uruguay,,Hard,1290,fifa_players_csv,leandro_cabrera_1991
leonel_vangioni_1987,Leonel Vangioni,leonel vangioni l vangioni vangioni,"[""L. Vangioni"",""Leonel Vangioni"",""Vangioni""]",Argentina,LB,Defence,1987,,,false,[],[],Argentina,,Hard,1290,fifa_players_csv,leonel_vangioni_1987
liam_moore_1993,Liam Moore,liam moore l moore moore,"[""L. Moore"",""Liam Moore"",""Moore""]",England,CB,Defence,1993,,,false,[],[],England,,Hard,1290,fifa_players_csv,liam_moore_1993
maxime_lestienne_1992,Maxime Lestienne,maxime lestienne m lestienne lestienne,"[""M. Lestienne"",""Maxime Lestienne"",""Lestienne""]",Belgium,"LM,RM",Midfield,1992,,,false,[],[],Belgium,,Hard,1290,fifa_players_csv,maxime_lestienne_1992
nuno_miguel_sousa_pinto_1986,Nuno Miguel Sousa Pinto,nuno miguel sousa pinto nuno pinto pinto,"[""Nuno Pinto"",""Nuno Miguel Sousa Pinto"",""Pinto""]",Portugal,LB,Defence,1986,,,false,[],[],Portugal,,Hard,1290,fifa_players_csv,nuno_miguel_sousa_pinto_1986
pierrick_capelle_1987,Pierrick Capelle,pierrick capelle p capelle capelle,"[""P. Capelle"",""Pierrick Capelle"",""Capelle""]",France,"LWB,CM,LM",Defence,1987,,,false,[],[],France,,Hard,1290,fifa_players_csv,pierrick_capelle_1987
ridgeciano_haps_1993,Ridgeciano Haps,ridgeciano haps r haps haps,"[""R. Haps"",""Ridgeciano Haps"",""Haps""]",Netherlands,LB,Defence,1993,,,false,[],[],Netherlands,,Hard,1290,fifa_players_csv,ridgeciano_haps_1993
ruben_alcaraz_jimenez_1991,Rubén Alcaraz Jiménez,ruben alcaraz jimenez ruben alcaraz jimenez,"[""Rubén Alcaraz"",""Rubén Alcaraz Jiménez"",""Jiménez""]",Spain,"CM,CDM",Midfield,1991,,,false,[],[],Spain,,Hard,1290,fifa_players_csv,ruben_alcaraz_jimenez_1991
ryan_jack_1992,Ryan Jack,ryan jack r jack jack,"[""R. Jack"",""Ryan Jack"",""Jack""]",Scotland,"CDM,CM",Midfield,1992,,,false,[],[],Scotland,,Hard,1290,fifa_players_csv,ryan_jack_1992
serge_gakpe_1987,Serge Gakpé,serge gakpe s gakpe gakpe,"[""S. Gakpé"",""Serge Gakpé"",""Gakpé""]",Togo,"RM,LM,ST",Midfield,1987,,,false,[],[],Togo,,Hard,1290,fifa_players_csv,serge_gakpe_1987
simon_falette_1992,Simon Falette,simon falette s falette falette,"[""S. Falette"",""Simon Falette"",""Falette""]",Guinea,CB,Defence,1992,,,false,[],[],Guinea,,Hard,1290,fifa_players_csv,simon_falette_1992
sonny_kittel_1993,Sonny Kittel,sonny kittel s kittel kittel,"[""S. Kittel"",""Sonny Kittel"",""Kittel""]",Germany,"CAM,LM,LW",Midfield,1993,,,false,[],[],Germany,,Hard,1290,fifa_players_csv,sonny_kittel_1993
thievy_bifouma_1992,Thievy Bifouma,thievy bifouma t bifouma bifouma,"[""T. Bifouma"",""Thievy Bifouma"",""Bifouma""]",Congo,"RM,ST",Midfield,1992,,,false,[],[],Congo,,Hard,1290,fifa_players_csv,thievy_bifouma_1992
vladislav_ignatiev_1987,Vladislav Ignatiev,vladislav ignatiev v ignatiev ignatiev,"[""V. Ignatiev"",""Vladislav Ignatiev"",""Ignatiev""]",Russia,"RB,RM,LM",Defence,1987,,,false,[],[],Russia,,Hard,1290,fifa_players_csv,vladislav_ignatiev_1987
william_alves_de_oliveira_1991,William Alves de Oliveira,william alves de oliveira william oliveira,"[""William"",""William Alves de Oliveira"",""Oliveira""]",Brazil,ST,Attack,1991,,,false,[],[],Brazil,,Hard,1290,fifa_players_csv,william_alves_de_oliveira_1991
liam_boyce_1991,Liam Boyce,liam boyce l boyce boyce,"[""L. Boyce"",""Liam Boyce"",""Boyce""]",Northern Ireland,ST,Attack,1991,,,false,[],[],Northern Ireland,,Hard,1289,fifa_players_csv,liam_boyce_1991
marco_rojas_1991,Marco Rojas,marco rojas m rojas rojas,"[""M. Rojas"",""Marco Rojas"",""Rojas""]",New Zealand,"RW,LW",Attack,1991,,,false,[],[],New Zealand,,Hard,1289,fifa_players_csv,marco_rojas_1991
stuart_dallas_1991,Stuart Dallas,stuart dallas s dallas dallas,"[""S. Dallas"",""Stuart Dallas"",""Dallas""]",Northern Ireland,"LM,RM,RB",Midfield,1991,,,false,[],[],Northern Ireland,,Hard,1289,fifa_players_csv,stuart_dallas_1991
1983_2,염기훈 廉基勋,yeom ki hun,"[""Yeom Ki Hun""]",Korea Republic,"RW,LW",Attack,1983,,,false,[],[],Korea Republic,,Hard,1289,fifa_players_csv,1983_2
conor_mclaughlin_1991,Conor McLaughlin,conor mclaughlin c mclaughlin mclaughlin,"[""C. McLaughlin"",""Conor McLaughlin"",""McLaughlin""]",Northern Ireland,"RB,RWB",Defence,1991,,,false,[],[],Northern Ireland,,Hard,1288,fifa_players_csv,conor_mclaughlin_1991
craig_gardner_1986,Craig Gardner,craig gardner c gardner gardner,"[""C. Gardner"",""Craig Gardner"",""Gardner""]",England,"CM,CDM",Midfield,1986,,,false,[],[],England,,Hard,1288,fifa_players_csv,craig_gardner_1986
daniele_dessena_1987,Daniele Dessena,daniele dessena d dessena dessena,"[""D. Dessena"",""Daniele Dessena"",""Dessena""]",Italy,"CM,RB",Midfield,1987,,,false,[],[],Italy,,Hard,1288,fifa_players_csv,daniele_dessena_1987
douglas_luiz_soares_de_paulo_1998,Douglas Luiz Soares de Paulo,douglas luiz soares de paulo douglas luiz paulo,"[""Douglas Luiz"",""Douglas Luiz Soares de Paulo"",""Paulo""]",Brazil,"CM,CDM",Midfield,1998,,,false,[],[],Brazil,,Hard,1288,fifa_players_csv,douglas_luiz_soares_de_paulo_1998
ismael_bennacer_1997,Ismaël Bennacer,ismael bennacer i bennacer bennacer,"[""I. Bennacer"",""Ismaël Bennacer"",""Bennacer""]",Algeria,"CM,CDM",Midfield,1997,,,false,[],[],Algeria,,Hard,1288,fifa_players_csv,ismael_bennacer_1997
jan_ingwer_callsen_bracker_1984,Jan-Ingwer Callsen-Bracker,jan ingwer callsen bracker j callsen bracker callsen bracker,"[""J. Callsen-Bracker"",""Jan-Ingwer Callsen-Bracker"",""Callsen-Bracker""]",Germany,CB,Defence,1984,,,false,[],[],Germany,,Hard,1288,fifa_players_csv,jan_ingwer_callsen_bracker_1984
jose_carlos_coentrao_marafona_1987,José Carlos Coentrão Marafona,jose carlos coentrao marafona marafona,"[""Marafona"",""José Carlos Coentrão Marafona""]",Portugal,GK,Goalkeeper,1987,,,false,[],[],Portugal,,Hard,1288,fifa_players_csv,jose_carlos_coentrao_marafona_1987
yves_bissouma_1996,Yves Bissouma,yves bissouma y bissouma bissouma,"[""Y. Bissouma"",""Yves Bissouma"",""Bissouma""]",Mali,"CM,CDM,RM",Midfield,1996,,,false,[],[],Mali,,Hard,1288,fifa_players_csv,yves_bissouma_1996
aleksandar_katai_1991,Aleksandar Katai,aleksandar katai a katai katai,"[""A. Katai"",""Aleksandar Katai"",""Katai""]",Serbia,"LW,RW",Attack,1991,,,false,[],[],Serbia,,Hard,1287,fifa_players_csv,aleksandar_katai_1991
andreas_gianniotis_1992,Andreas Gianniotis,andreas gianniotis a gianniotis gianniotis,"[""A. Gianniotis"",""Andreas Gianniotis"",""Gianniotis""]",Greece,GK,Goalkeeper,1992,,,false,[],[],Greece,,Hard,1287,fifa_players_csv,andreas_gianniotis_1992
bailey_peacock_farrell_1996,Bailey Peacock-Farrell,bailey peacock farrell b peacock farrell peacock farrell,"[""B. Peacock-Farrell"",""Bailey Peacock-Farrell"",""Peacock-Farrell""]",Northern Ireland,GK,Goalkeeper,1996,,,false,[],[],Northern Ireland,,Hard,1287,fifa_players_csv,bailey_peacock_farrell_1996
bram_nuytinck_1990,Bram Nuytinck,bram nuytinck b nuytinck nuytinck,"[""B. Nuytinck"",""Bram Nuytinck"",""Nuytinck""]",Netherlands,CB,Defence,1990,,,false,[],[],Netherlands,,Hard,1287,fifa_players_csv,bram_nuytinck_1990
camillo_ciano_1990,Camillo Ciano,camillo ciano c ciano ciano,"[""C. Ciano"",""Camillo Ciano"",""Ciano""]",Italy,"ST,CAM,CF",Attack,1990,,,false,[],[],Italy,,Hard,1287,fifa_players_csv,camillo_ciano_1990
christian_atsu_1992,Christian Atsu,christian atsu c atsu atsu,"[""C. Atsu"",""Christian Atsu"",""Atsu""]",Ghana,"LM,RM",Midfield,1992,,,false,[],[],Ghana,,Hard,1287,fifa_players_csv,christian_atsu_1992
daniel_sanchez_ayala_1990,Daniel Sánchez Ayala,daniel sanchez ayala daniel ayala ayala,"[""Daniel Ayala"",""Daniel Sánchez Ayala"",""Ayala""]",Spain,CB,Defence,1990,,,false,[],[],Spain,,Hard,1287,fifa_players_csv,daniel_sanchez_ayala_1990
darko_lazovic_1990,Darko Lazović,darko lazovic d lazovic lazovic,"[""D. Lazović"",""Darko Lazović"",""Lazović""]",Serbia,"LM,RM",Midfield,1990,,,false,[],[],Serbia,,Hard,1287,fifa_players_csv,darko_lazovic_1990
darlington_nagbe_1990,Darlington Nagbe,darlington nagbe d nagbe nagbe,"[""D. Nagbe"",""Darlington Nagbe"",""Nagbe""]",United States,"CM,CDM",Midfield,1990,,,false,[],[],United States,,Hard,1287,fifa_players_csv,darlington_nagbe_1990
davidson_da_luz_pereira_1991,Davidson da Luz Pereira,davidson da luz pereira davidson pereira,"[""Davidson"",""Davidson da Luz Pereira"",""Pereira""]",Brazil,LM,Midfield,1991,,,false,[],[],Brazil,,Hard,1287,fifa_players_csv,davidson_da_luz_pereira_1991
diafra_sakho_1989,Diafra Sakho,diafra sakho d sakho sakho,"[""D. Sakho"",""Diafra Sakho"",""Sakho""]",Senegal,ST,Attack,1989,,,false,[],[],Senegal,,Hard,1287,fifa_players_csv,diafra_sakho_1989
diego_ferney_chara_zamora_1986,Diego Ferney Chará Zamora,diego ferney chara zamora d chara zamora,"[""D. Chará"",""Diego Ferney Chará Zamora"",""Zamora""]",Colombia,"CDM,CM",Midfield,1986,,,false,[],[],Colombia,,Hard,1287,fifa_players_csv,diego_ferney_chara_zamora_1986
diego_francisco_viera_ruiz_diaz_1991,Diego Francisco Viera Ruiz Díaz,diego francisco viera ruiz diaz d viera diaz,"[""D. Viera"",""Diego Francisco Viera Ruiz Díaz"",""Díaz""]",Paraguay,CB,Defence,1991,,,false,[],[],Paraguay,,Hard,1287,fifa_players_csv,diego_francisco_viera_ruiz_diaz_1991
el_hadji_baye_oumar_niasse_1990,El-Hadji Baye Oumar Niasse,el hadji baye oumar niasse o niasse niasse,"[""O. Niasse"",""El-Hadji Baye Oumar Niasse"",""Niasse""]",Senegal,ST,Attack,1990,,,false,[],[],Senegal,,Hard,1287,fifa_players_csv,el_hadji_baye_oumar_niasse_1990
elvis_saric_1990,Elvis Saric,elvis saric e saric saric,"[""E. Saric"",""Elvis Saric"",""Saric""]",Bosnia Herzegovina,"CM,CDM",Midfield,1990,,,false,[],[],Bosnia Herzegovina,,Hard,1287,fifa_players_csv,elvis_saric_1990
emir_dilaver_1991,Emir Dilaver,emir dilaver e dilaver dilaver,"[""E. Dilaver"",""Emir Dilaver"",""Dilaver""]",Austria,"CB,RB",Defence,1991,,,false,[],[],Austria,,Hard,1287,fifa_players_csv,emir_dilaver_1991
enrique_gonzalez_casin_1990,Enrique González Casín,enrique gonzalez casin quique casin,"[""Quique"",""Enrique González Casín"",""Casín""]",Spain,"ST,RM,LM",Attack,1990,,,false,[],[],Spain,,Hard,1287,fifa_players_csv,enrique_gonzalez_casin_1990
erick_ronaldo_gameira_carvalho_1992,Erick Ronaldo Gameira Carvalho,erick ronaldo gameira carvalho erick gameira carvalho,"[""Erick Gameira"",""Erick Ronaldo Gameira Carvalho"",""Carvalho""]",Brazil,"ST,CF",Attack,1992,,,false,[],[],Brazil,,Hard,1287,fifa_players_csv,erick_ronaldo_gameira_carvalho_1992
gabriel_vasconelos_ferreira_1992,Gabriel Vasconelos Ferreira,gabriel vasconelos ferreira gabriel ferreira,"[""Gabrìel"",""Gabriel Vasconelos Ferreira"",""Ferreira""]",Brazil,GK,Goalkeeper,1992,,,false,[],[],Brazil,,Hard,1287,fifa_players_csv,gabriel_vasconelos_ferreira_1992
helton_luiz_celanova_vieira_1992,Hélton Luiz Celanova Vieira,helton luiz celanova vieira helton celanova vieira,"[""Hélton Celanova"",""Hélton Luiz Celanova Vieira"",""Vieira""]",Brazil,ST,Attack,1992,,,false,[],[],Brazil,,Hard,1287,fifa_players_csv,helton_luiz_celanova_vieira_1992
ilija_nestorovski_1990,Ilija Nestorovski,ilija nestorovski i nestorovski nestorovski,"[""I. Nestorovski"",""Ilija Nestorovski"",""Nestorovski""]",FYR Macedonia,ST,Attack,1990,,,false,[],[],FYR Macedonia,,Hard,1287,fifa_players_csv,ilija_nestorovski_1990
joao_jimmy_plata_cotera_1992,João Jimmy Plata Cotera,joao jimmy plata cotera j plata cotera,"[""J. Plata"",""João Jimmy Plata Cotera"",""Cotera""]",Ecuador,"LW,ST",Attack,1992,,,false,[],[],Ecuador,,Hard,1287,fifa_players_csv,joao_jimmy_plata_cotera_1992
jose_diogo_dalot_teixeira_1999,José Diogo Dalot Teixeira,jose diogo dalot teixeira diogo dalot teixeira,"[""Diogo Dalot"",""José Diogo Dalot Teixeira"",""Teixeira""]",Portugal,RB,Defence,1999,,,false,[],[],Portugal,,Hard,1287,fifa_players_csv,jose_diogo_dalot_teixeira_1999
jose_luis_sanmartin_mato_1990,José Luis Sanmartín Mato,jose luis sanmartin mato joselu mato,"[""Joselu"",""José Luis Sanmartín Mato"",""Mato""]",Spain,ST,Attack,1990,,,false,[],[],Spain,,Hard,1287,fifa_players_csv,jose_luis_sanmartin_mato_1990
karim_ansarifard_1990,Karim Ansarifard,karim ansarifard k ansarifard ansarifard,"[""K. Ansarifard"",""Karim Ansarifard"",""Ansarifard""]",Iran,ST,Attack,1990,,,false,[],[],Iran,,Hard,1287,fifa_players_csv,karim_ansarifard_1990
lorenzo_antonio_melgarejo_sanabria_1990,Lorenzo António Melgarejo Sanabria,lorenzo antonio melgarejo sanabria l melgarejo sanabria,"[""L. Melgarejo"",""Lorenzo António Melgarejo Sanabria"",""Sanabria""]",Paraguay,"LM,RM,ST,LB",Midfield,1990,,,false,[],[],Paraguay,,Hard,1287,fifa_players_csv,lorenzo_antonio_melgarejo_sanabria_1990
lucas_villafanez_1991,Lucas Villafañez,lucas villafanez l villafanez villafanez,"[""L. Villafañez"",""Lucas Villafañez"",""Villafañez""]",Argentina,"RM,CAM",Midfield,1991,,,false,[],[],Argentina,,Hard,1287,fifa_players_csv,lucas_villafanez_1991
marc_cucurella_saseta_1998,Marc Cucurella Saseta,marc cucurella saseta cucurella saseta,"[""Cucurella"",""Marc Cucurella Saseta"",""Saseta""]",Spain,"LB,LM",Defence,1998,,,false,[],[],Spain,,Hard,1287,fifa_players_csv,marc_cucurella_saseta_1998
matheus_jadson_vidigal_morais_1992,Matheus Jadson Vidigal Morais,matheus jadson vidigal morais jadson vidigal morais,"[""Jadson Vidigal"",""Matheus Jadson Vidigal Morais"",""Morais""]",Brazil,ST,Attack,1992,,,false,[],[],Brazil,,Hard,1287,fifa_players_csv,matheus_jadson_vidigal_morais_1992
matias_zaldivia_1991,Matías Zaldivia,matias zaldivia m zaldivia zaldivia,"[""M. Zaldivia"",""Matías Zaldivia"",""Zaldivia""]",Argentina,CB,Defence,1991,,,false,[],[],Argentina,,Hard,1287,fifa_players_csv,matias_zaldivia_1991
nicola_rigoni_1990,Nicola Rigoni,nicola rigoni n rigoni rigoni,"[""N. Rigoni"",""Nicola Rigoni"",""Rigoni""]",Italy,"CM,CDM",Midfield,1990,,,false,[],[],Italy,,Hard,1287,fifa_players_csv,nicola_rigoni_1990
nicolas_benezet_1991,Nicolas Benezet,nicolas benezet n benezet benezet,"[""N. Benezet"",""Nicolas Benezet"",""Benezet""]",France,"LM,CAM,RM",Midfield,1991,,,false,[],[],France,,Hard,1287,fifa_players_csv,nicolas_benezet_1991
nicolas_gabriel_sanchez_1986,Nicolás Gabriel Sánchez,nicolas gabriel sanchez n sanchez sanchez,"[""N. Sánchez"",""Nicolás Gabriel Sánchez"",""Sánchez""]",Argentina,CB,Defence,1986,,,false,[],[],Argentina,,Hard,1287,fifa_players_csv,nicolas_gabriel_sanchez_1986
nicolas_moumi_ngamaleu_1994,Nicolas Moumi Ngamaleu,nicolas moumi ngamaleu n moumi ngamaleu ngamaleu,"[""N. Moumi Ngamaleu"",""Nicolas Moumi Ngamaleu"",""Ngamaleu""]",Cameroon,"RM,ST",Midfield,1994,,,false,[],[],BSC Young Boys,,Hard,1287,fifa_players_csv,nicolas_moumi_ngamaleu_1994
oscar_plano_pedreno_1991,Óscar Plano Pedreño,oscar plano pedreno oscar plano pedreno,"[""Óscar Plano"",""Óscar Plano Pedreño"",""Pedreño""]",Spain,"LM,RM,CAM,ST",Midfield,1991,,,false,[],[],Spain,,Hard,1287,fifa_players_csv,oscar_plano_pedreno_1991
paul_jose_m_poku_ebunge_1992,Paul-José M'Poku Ebunge,paul jose m poku ebunge p mpoku ebunge,"[""P. Mpoku"",""Paul-José M'Poku Ebunge"",""Ebunge""]",DR Congo,"RM,LM,CAM",Midfield,1992,,,false,[],[],DR Congo,,Hard,1287,fifa_players_csv,paul_jose_m_poku_ebunge_1992
philipp_tschauner_1985,Philipp Tschauner,philipp tschauner p tschauner tschauner,"[""P. Tschauner"",""Philipp Tschauner"",""Tschauner""]",Germany,GK,Goalkeeper,1985,,,false,[],[],Germany,,Hard,1287,fifa_players_csv,philipp_tschauner_1985
rurik_gislason_1988,Rúrik Gíslason,rurik gislason r gislason gislason,"[""R. Gíslason"",""Rúrik Gíslason"",""Gíslason""]",Iceland,"ST,RM,LM",Attack,1988,,,false,[],[],Iceland,,Hard,1287,fifa_players_csv,rurik_gislason_1988
ryan_donk_1986,Ryan  Donk,ryan donk r donk donk,"[""R. Donk"",""Ryan Donk"",""Donk""]",Netherlands,"CDM,CM,CB",Midfield,1986,,,false,[],[],Netherlands,,Hard,1287,fifa_players_csv,ryan_donk_1986
sabin_merino_zuloaga_1992,Sabin Merino Zuloaga,sabin merino zuloaga sabin merino zuloaga,"[""Sabin Merino"",""Sabin Merino Zuloaga"",""Zuloaga""]",Spain,"LW,ST,RW",Attack,1992,,,false,[],[],Spain,,Hard,1287,fifa_players_csv,sabin_merino_zuloaga_1992
samuel_saiz_alonso_1991,Samuel Sáiz Alonso,samuel saiz alonso samu saiz alonso,"[""Samu Saiz"",""Samuel Sáiz Alonso"",""Alonso""]",Spain,"CAM,CM,LM",Midfield,1991,,,false,[],[],Spain,,Hard,1287,fifa_players_csv,samuel_saiz_alonso_1991
sean_morrison_1991,Sean Morrison,sean morrison s morrison morrison,"[""S. Morrison"",""Sean Morrison"",""Morrison""]",England,CB,Defence,1991,,,false,[],[],England,,Hard,1287,fifa_players_csv,sean_morrison_1991
sebastien_dewaest_1991,Sébastien Dewaest,sebastien dewaest s dewaest dewaest,"[""S. Dewaest"",""Sébastien Dewaest"",""Dewaest""]",Belgium,CB,Defence,1991,,,false,[],[],Belgium,,Hard,1287,fifa_players_csv,sebastien_dewaest_1991
simon_skrabb_1995,Simon Skrabb,simon skrabb s skrabb skrabb,"[""S. Skrabb"",""Simon Skrabb"",""Skrabb""]",Finland,"CF,ST",Attack,1995,,,false,[],[],Finland,,Hard,1287,fifa_players_csv,simon_skrabb_1995
stephen_antunes_eustaquio_1996,Stephen Antunes Eustáquio,stephen antunes eustaquio stephen eustaquio eustaquio,"[""Stephen Eustáquio"",""Stephen Antunes Eustáquio"",""Eustáquio""]",Portugal,"CDM,CM",Midfield,1996,,,false,[],[],Portugal,,Hard,1287,fifa_players_csv,stephen_antunes_eustaquio_1996
tiago_manuel_dias_correia_1990,Tiago Manuel Dias Correia,tiago manuel dias correia bebe correia,"[""Bebé"",""Tiago Manuel Dias Correia"",""Correia""]",Portugal,"LM,RM",Midfield,1990,,,false,[],[],Portugal,,Hard,1287,fifa_players_csv,tiago_manuel_dias_correia_1990
tommy_smith_1990,Tommy Smith,tommy smith t smith smith,"[""T. Smith"",""Tommy Smith"",""Smith""]",New Zealand,CB,Defence,1990,,,false,[],[],New Zealand,,Hard,1287,fifa_players_csv,tommy_smith_1990
1998_43,冨安 健洋,t tomiyasu,"[""T. Tomiyasu""]",Japan,"CB,CDM",Defence,1998,,,false,[],[],Japan,,Hard,1287,fifa_players_csv,1998_43
bryan_oviedo_1990,Bryan Oviedo,bryan oviedo b oviedo oviedo,"[""B. Oviedo"",""Bryan Oviedo"",""Oviedo""]",Costa Rica,"LB,LWB",Defence,1990,,,false,[],[],Costa Rica,,Hard,1286,fifa_players_csv,bryan_oviedo_1990
erik_sviatchenko_1991,Erik Sviatchenko,erik sviatchenko e sviatchenko sviatchenko,"[""E. Sviatchenko"",""Erik Sviatchenko"",""Sviatchenko""]",Denmark,CB,Defence,1991,,,false,[],[],Denmark,,Hard,1286,fifa_players_csv,erik_sviatchenko_1991
hamari_traore_1992,Hamari Traoré,hamari traore h traore traore,"[""H. Traoré"",""Hamari Traoré"",""Traoré""]",Mali,RB,Defence,1992,,,false,[],[],Mali,,Hard,1286,fifa_players_csv,hamari_traore_1992
ilie_sanchez_farres_1990,Ilie Sánchez Farrés,ilie sanchez farres ilie sanchez farres,"[""Ilie Sánchez"",""Ilie Sánchez Farrés"",""Farrés""]",Spain,"CDM,CM",Midfield,1990,,,false,[],[],Spain,,Hard,1286,fifa_players_csv,ilie_sanchez_farres_1990
javier_lopez_rodriguez_1986,Javier López Rodríguez,javier lopez rodriguez javi lopez rodriguez,"[""Javi López"",""Javier López Rodríguez"",""Rodríguez""]",Spain,"RB,RWB",Defence,1986,,,false,[],[],Spain,,Hard,1286,fifa_players_csv,javier_lopez_rodriguez_1986
jose_antonio_rodriguez_romero_1992,José Antonio Rodríguez Romero,jose antonio rodriguez romero j rodriguez romero,"[""J. Rodríguez"",""José Antonio Rodríguez Romero"",""Romero""]",Mexico,GK,Goalkeeper,1992,,,false,[],[],Mexico,,Hard,1286,fifa_players_csv,jose_antonio_rodriguez_romero_1992
lasse_sobiech_1991,Lasse Sobiech,lasse sobiech l sobiech sobiech,"[""L. Sobiech"",""Lasse Sobiech"",""Sobiech""]",Germany,CB,Defence,1991,,,false,[],[],Germany,,Hard,1286,fifa_players_csv,lasse_sobiech_1991
liam_cooper_1991,Liam Cooper,liam cooper l cooper cooper,"[""L. Cooper"",""Liam Cooper"",""Cooper""]",Scotland,CB,Defence,1991,,,false,[],[],Scotland,,Hard,1286,fifa_players_csv,liam_cooper_1991
mauricio_de_carvalho_antonio_1992,Maurício de Carvalho António,mauricio de carvalho antonio mauricio antonio,"[""Maurício"",""Maurício de Carvalho António"",""António""]",Brazil,CB,Defence,1992,,,false,[],[],Brazil,,Hard,1286,fifa_players_csv,mauricio_de_carvalho_antonio_1992
nouhou_tolo_1997,Nouhou Tolo,nouhou tolo nouhou tolo,"[""Nouhou"",""Nouhou Tolo"",""Tolo""]",Cameroon,LB,Defence,1997,,,false,[],[],Cameroon,,Hard,1286,fifa_players_csv,nouhou_tolo_1997
pedro_bigas_rigo_1990,Pedro Bigas Rigo,pedro bigas rigo bigas rigo,"[""Bigas"",""Pedro Bigas Rigo"",""Rigo""]",Spain,CB,Defence,1990,,,false,[],[],Spain,,Hard,1286,fifa_players_csv,pedro_bigas_rigo_1990
sami_allagui_1986,Sami Allagui,sami allagui s allagui allagui,"[""S. Allagui"",""Sami Allagui"",""Allagui""]",Tunisia,"ST,RM,CAM",Attack,1986,,,false,[],[],Tunisia,,Hard,1286,fifa_players_csv,sami_allagui_1986
yeimar_pastor_gomez_andrade_1992,Yeimar Pastor Gómez Andrade,yeimar pastor gomez andrade y gomez andrade andrade,"[""Y. Gómez Andrade"",""Yeimar Pastor Gómez Andrade"",""Andrade""]",Colombia,CB,Defence,1992,,,false,[],[],Colombia,,Hard,1286,fifa_players_csv,yeimar_pastor_gomez_andrade_1992
aly_cissokho_1987,Aly Cissokho,aly cissokho a cissokho cissokho,"[""A. Cissokho"",""Aly Cissokho"",""Cissokho""]",France,LB,Defence,1987,,,false,[],[],France,,Hard,1285,fifa_players_csv,aly_cissokho_1987
anderson_patric_aguiar_oliveira_1987,Anderson Patric Aguiar Oliveira,anderson patric aguiar oliveira patric oliveira,"[""Patric"",""Anderson Patric Aguiar Oliveira"",""Oliveira""]",Brazil,ST,Attack,1987,,,false,[],[],Brazil,,Hard,1285,fifa_players_csv,anderson_patric_aguiar_oliveira_1987
angel_mena_1988,Ángel Mena,angel mena a mena mena,"[""A. Mena"",""Ángel Mena"",""Mena""]",Ecuador,"RW,CAM,RM",Attack,1988,,,false,[],[],Ecuador,,Hard,1285,fifa_players_csv,angel_mena_1988
antonio_di_gaudio_1989,Antonio Di Gaudio,antonio di gaudio a di gaudio gaudio,"[""A. Di Gaudio"",""Antonio Di Gaudio"",""Gaudio""]",Italy,LW,Attack,1989,,,false,[],[],Italy,,Hard,1285,fifa_players_csv,antonio_di_gaudio_1989
ayron_del_valle_rodriguez_1989,Ayron Del Valle Rodríguez,ayron del valle rodriguez a del valle rodriguez,"[""A. del Valle"",""Ayron Del Valle Rodríguez"",""Rodríguez""]",Colombia,"ST,RM",Attack,1989,,,false,[],[],Colombia,,Hard,1285,fifa_players_csv,ayron_del_valle_rodriguez_1989
bersant_celina_1996,Bersant Celina,bersant celina b celina celina,"[""B. Celina"",""Bersant Celina"",""Celina""]",Kosovo,"CAM,CM,LW",Midfield,1996,,,false,[],[],Kosovo,,Hard,1285,fifa_players_csv,bersant_celina_1996
brahian_aleman_1989,Brahian Alemán,brahian aleman b aleman aleman,"[""B. Alemán"",""Brahian Alemán"",""Alemán""]",Uruguay,"CAM,LM,CM,ST",Midfield,1989,,,false,[],[],Uruguay,,Hard,1285,fifa_players_csv,brahian_aleman_1989
bruno_ferreira_bonfim_1989,Bruno Ferreira Bonfim,bruno ferreira bonfim dentinho bonfim,"[""Dentinho"",""Bruno Ferreira Bonfim"",""Bonfim""]",Brazil,CAM,Midfield,1989,,,false,[],[],Brazil,,Hard,1285,fifa_players_csv,bruno_ferreira_bonfim_1989
camilo_da_silva_sanvezzo_1988,Camilo da Silva Sanvezzo,camilo da silva sanvezzo camilo sanvezzo,"[""Camilo"",""Camilo da Silva Sanvezzo"",""Sanvezzo""]",Brazil,ST,Attack,1988,,,false,[],[],Brazil,,Hard,1285,fifa_players_csv,camilo_da_silva_sanvezzo_1988
carlos_carmona_bonet_1987,Carlos Carmona Bonet,carlos carmona bonet carmona bonet,"[""Carmona"",""Carlos Carmona Bonet"",""Bonet""]",Spain,"RM,LM",Midfield,1987,,,false,[],[],Spain,,Hard,1285,fifa_players_csv,carlos_carmona_bonet_1987
charlie_adam_1985,Charlie Adam,charlie adam c adam adam,"[""C. Adam"",""Charlie Adam"",""Adam""]",Scotland,"CM,CDM",Midfield,1985,,,false,[],[],Scotland,,Hard,1285,fifa_players_csv,charlie_adam_1985
claudio_beauvue_1988,Claudio Beauvue,claudio beauvue c beauvue beauvue,"[""C. Beauvue"",""Claudio Beauvue"",""Beauvue""]",France,"ST,RW",Attack,1988,,,false,[],[],France,,Hard,1285,fifa_players_csv,claudio_beauvue_1988
damir_kreilach_1989,Damir Kreilach,damir kreilach d kreilach kreilach,"[""D. Kreilach"",""Damir Kreilach"",""Kreilach""]",Croatia,"CM,CAM,ST",Midfield,1989,,,false,[],[],Croatia,,Hard,1285,fifa_players_csv,damir_kreilach_1989
dan_gosling_1990,Dan Gosling,dan gosling d gosling gosling,"[""D. Gosling"",""Dan Gosling"",""Gosling""]",England,CM,Midfield,1990,,,false,[],[],England,,Hard,1285,fifa_players_csv,dan_gosling_1990
daniel_joao_santos_candeias_1988,Daniel João Santos Candeias,daniel joao santos candeias daniel candeias candeias,"[""Daniel Candeias"",""Daniel João Santos Candeias"",""Candeias""]",Portugal,"RW,RM",Attack,1988,,,false,[],[],Portugal,,Hard,1285,fifa_players_csv,daniel_joao_santos_candeias_1988
daniel_royer_1990,Daniel Royer,daniel royer d royer royer,"[""D. Royer"",""Daniel Royer"",""Royer""]",Austria,"LM,LW,RM",Midfield,1990,,,false,[],[],Austria,,Hard,1285,fifa_players_csv,daniel_royer_1990
david_jefferson_seijalbo_vaz_1984,David Jefferson Seijalbo Vaz,david jefferson seijalbo vaz david seijalbo vaz,"[""David Seijalbo"",""David Jefferson Seijalbo Vaz"",""Vaz""]",Brazil,CDM,Midfield,1984,,,false,[],[],Brazil,,Hard,1285,fifa_players_csv,david_jefferson_seijalbo_vaz_1984
david_martins_simao_1990,David Martins Simão,david martins simao david simao simao,"[""David Simão"",""David Martins Simão"",""Simão""]",Portugal,"CM,CDM",Midfield,1990,,,false,[],[],Portugal,,Hard,1285,fifa_players_csv,david_martins_simao_1990
dejan_damjanovic_1981,Dejan Damjanović,dejan damjanovic d damjanovic damjanovic,"[""D. Damjanović"",""Dejan Damjanović"",""Damjanović""]",Montenegro,"ST,CF",Attack,1981,,,false,[],[],Montenegro,,Hard,1285,fifa_players_csv,dejan_damjanovic_1981
dominick_drexler_1990,Dominick Drexler,dominick drexler d drexler drexler,"[""D. Drexler"",""Dominick Drexler"",""Drexler""]",Germany,"CAM,CM,LM",Midfield,1990,,,false,[],[],Germany,,Hard,1285,fifa_players_csv,dominick_drexler_1990
dominik_nagy_1995,Dominik Nagy,dominik nagy d nagy nagy,"[""D. Nagy"",""Dominik Nagy"",""Nagy""]",Hungary,"LM,RM",Midfield,1995,,,false,[],[],Hungary,,Hard,1285,fifa_players_csv,dominik_nagy_1995
emanuel_reynoso_1995,Emanuel Reynoso,emanuel reynoso e reynoso reynoso,"[""E. Reynoso"",""Emanuel Reynoso"",""Reynoso""]",Argentina,"CM,CAM,CDM",Midfield,1995,,,false,[],[],Argentina,,Hard,1285,fifa_players_csv,emanuel_reynoso_1995
emanuele_calaio_1982,Emanuele Calaió,emanuele calaio e calaio calaio,"[""E. Calaió"",""Emanuele Calaió"",""Calaió""]",Italy,ST,Attack,1982,,,false,[],[],Italy,,Hard,1285,fifa_players_csv,emanuele_calaio_1982
fernando_matias_zampedri_1988,Fernando Matías Zampedri,fernando matias zampedri f zampedri zampedri,"[""F. Zampedri"",""Fernando Matías Zampedri"",""Zampedri""]",Argentina,ST,Attack,1988,,,false,[],[],Argentina,,Hard,1285,fifa_players_csv,fernando_matias_zampedri_1988
hector_canteros_1989,Héctor Canteros,hector canteros h canteros canteros,"[""H. Canteros"",""Héctor Canteros"",""Canteros""]",Argentina,"CM,CDM",Midfield,1989,,,false,[],[],Argentina,,Hard,1285,fifa_players_csv,hector_canteros_1989
hugo_mariano_pavone_1982,Hugo Mariano Pavone,hugo mariano pavone m pavone pavone,"[""M. Pavone"",""Hugo Mariano Pavone"",""Pavone""]",Argentina,ST,Attack,1982,,,false,[],[],Argentina,,Hard,1285,fifa_players_csv,hugo_mariano_pavone_1982
ivan_santini_1989,Ivan Santini,ivan santini i santini santini,"[""I. Santini"",""Ivan Santini"",""Santini""]",Croatia,ST,Attack,1989,,,false,[],[],Croatia,,Hard,1285,fifa_players_csv,ivan_santini_1989
jesus_alberto_duenas_manzo_1989,Jesús Alberto Dueñas Manzo,jesus alberto duenas manzo j duenas manzo,"[""J. Dueñas"",""Jesús Alberto Dueñas Manzo"",""Manzo""]",Mexico,"CM,LB,CDM",Midfield,1989,,,false,[],[],Mexico,,Hard,1285,fifa_players_csv,jesus_alberto_duenas_manzo_1989
jires_kembo_ekoko_1988,Jirès Kembo-Ekoko,jires kembo ekoko j kembo ekoko kembo ekoko,"[""J. Kembo-Ekoko"",""Jirès Kembo-Ekoko"",""Kembo-Ekoko""]",DR Congo,"RW,ST",Attack,1988,,,false,[],[],DR Congo,,Hard,1285,fifa_players_csv,jires_kembo_ekoko_1988
joao_antonio_antunes_carvalho_1997,João António Antunes Carvalho,joao antonio antunes carvalho joao carvalho carvalho,"[""João Carvalho"",""João António Antunes Carvalho"",""Carvalho""]",Portugal,CAM,Midfield,1997,,,false,[],[],Portugal,,Hard,1285,fifa_players_csv,joao_antonio_antunes_carvalho_1997
jules_olivier_ntcham_1996,Jules Olivier Ntcham,jules olivier ntcham o ntcham ntcham,"[""O. Ntcham"",""Jules Olivier Ntcham"",""Ntcham""]",France,"CM,CDM",Midfield,1996,,,false,[],[],France,,Hard,1285,fifa_players_csv,jules_olivier_ntcham_1996
julio_carolino_tavares_1988,Júlio Carolino Tavares,julio carolino tavares julio tavares tavares,"[""Júlio Tavares"",""Júlio Carolino Tavares"",""Tavares""]",Cape Verde,ST,Attack,1988,,,false,[],[],Cape Verde,,Hard,1285,fifa_players_csv,julio_carolino_tavares_1988
junior_leonardo_moreno_borrero_1993,Junior Leonardo Moreno Borrero,junior leonardo moreno borrero j moreno borrero,"[""J. Moreno"",""Junior Leonardo Moreno Borrero"",""Borrero""]",Venezuela,CDM,Midfield,1993,,,false,[],[],Venezuela,,Hard,1285,fifa_players_csv,junior_leonardo_moreno_borrero_1993
kevin_gro_kreutz_1988,Kevin Großkreutz,kevin gro kreutz k gro kreutz gro kreutz,"[""K. Großkreutz"",""Kevin Großkreutz"",""Großkreutz""]",Germany,"RB,LM,RM",Defence,1988,,,false,[],[],Germany,,Hard,1285,fifa_players_csv,kevin_gro_kreutz_1988
laurent_depoitre_1988,Laurent Depoitre,laurent depoitre l depoitre depoitre,"[""L. Depoitre"",""Laurent Depoitre"",""Depoitre""]",Belgium,ST,Attack,1988,,,false,[],[],Belgium,,Hard,1285,fifa_players_csv,laurent_depoitre_1988
lee_cattermole_1988,Lee  Cattermole,lee cattermole l cattermole cattermole,"[""L. Cattermole"",""Lee Cattermole"",""Cattermole""]",England,"CDM,CM",Midfield,1988,,,false,[],[],England,,Hard,1285,fifa_players_csv,lee_cattermole_1988
lewis_grabban_1988,Lewis Grabban,lewis grabban l grabban grabban,"[""L. Grabban"",""Lewis Grabban"",""Grabban""]",England,ST,Attack,1988,,,false,[],[],England,,Hard,1285,fifa_players_csv,lewis_grabban_1988
makhete_diop_1987,Makhete Diop,makhete diop m diop diop,"[""M. Diop"",""Makhete Diop"",""Diop""]",Senegal,"ST,CAM",Attack,1987,,,false,[],[],Senegal,,Hard,1285,fifa_players_csv,makhete_diop_1987
marcelo_alejandro_estigarribia_balmori_1987,Marcelo Alejandro Estigarribia Balmori,marcelo alejandro estigarribia balmori m estigarribia balmori,"[""M. Estigarribia"",""Marcelo Alejandro Estigarribia Balmori"",""Balmori""]",Paraguay,"LM,RM,CM",Midfield,1987,,,false,[],[],Paraguay,,Hard,1285,fifa_players_csv,marcelo_alejandro_estigarribia_balmori_1987
milton_joel_caraglio_1988,Milton Joel Caraglio,milton joel caraglio m caraglio caraglio,"[""M. Caraglio"",""Milton Joel Caraglio"",""Caraglio""]",Argentina,ST,Attack,1988,,,false,[],[],Argentina,,Hard,1285,fifa_players_csv,milton_joel_caraglio_1988
neil_taylor_1989,Neil Taylor,neil taylor n taylor taylor,"[""N. Taylor"",""Neil Taylor"",""Taylor""]",Wales,LB,Defence,1989,,,false,[],[],Wales,,Hard,1285,fifa_players_csv,neil_taylor_1989
nicolas_alexis_silva_1990,Nicolás Alexis Silva,nicolas alexis silva n silva silva,"[""N. Silva"",""Nicolás Alexis Silva"",""Silva""]",Argentina,"LM,CAM,RM",Midfield,1990,,,false,[],[],Argentina,,Hard,1285,fifa_players_csv,nicolas_alexis_silva_1990
nicolas_julio_formido_paiva_1988,Nicolás Júlio Formido Paiva,nicolas julio formido paiva nicolas formido paiva,"[""Nicolás Formido"",""Nicolás Júlio Formido Paiva"",""Paiva""]",Brazil,"CAM,LM,CM",Midfield,1988,,,false,[],[],Brazil,,Hard,1285,fifa_players_csv,nicolas_julio_formido_paiva_1988
pablo_chavarria_1988,Pablo Chavarría,pablo chavarria p chavarria chavarria,"[""P. Chavarría"",""Pablo Chavarría"",""Chavarría""]",Argentina,"ST,RM",Attack,1988,,,false,[],[],Argentina,,Hard,1285,fifa_players_csv,pablo_chavarria_1988
pablo_de_blasis_1988,Pablo De Blasis,pablo de blasis p de blasis blasis,"[""P. De Blasis"",""Pablo De Blasis"",""Blasis""]",Argentina,"LM,LW,RM",Midfield,1988,,,false,[],[],Argentina,,Hard,1285,fifa_players_csv,pablo_de_blasis_1988
pedro_k_medina_da_silva_1990,Pedro K. Medina da Silva,pedro k medina da silva pedro henrique silva,"[""Pedro Henrique"",""Pedro K. Medina da Silva"",""Silva""]",Brazil,"RM,LM",Midfield,1990,,,false,[],[],Brazil,,Hard,1285,fifa_players_csv,pedro_k_medina_da_silva_1990
renan_bardini_bressan_1988,Renan Bardini Bressan,renan bardini bressan renan bressan bressan,"[""Renan Bressan"",""Renan Bardini Bressan"",""Bressan""]",Belarus,CM,Midfield,1988,,,false,[],[],Belarus,,Hard,1285,fifa_players_csv,renan_bardini_bressan_1988
renato_ribeiro_calixto_aguiar_1988,Renato Ribeiro Calixto Aguiar,renato ribeiro calixto aguiar renatinho aguiar,"[""Renatinho"",""Renato Ribeiro Calixto Aguiar"",""Aguiar""]",Brazil,RW,Attack,1988,,,false,[],[],Brazil,,Hard,1285,fifa_players_csv,renato_ribeiro_calixto_aguiar_1988
romain_amalfitano_1989,Romain Amalfitano,romain amalfitano r amalfitano amalfitano,"[""R. Amalfitano"",""Romain Amalfitano"",""Amalfitano""]",France,"CM,CDM",Midfield,1989,,,false,[],[],France,,Hard,1285,fifa_players_csv,romain_amalfitano_1989
romain_saiss_1990,Romain Saïss,romain saiss r saiss saiss,"[""R. Saïss"",""Romain Saïss"",""Saïss""]",Morocco,"CM,CDM",Midfield,1990,,,false,[],[],Morocco,,Hard,1285,fifa_players_csv,romain_saiss_1990
ruben_botta_1990,Rubén Botta,ruben botta r botta botta,"[""R. Botta"",""Rubén Botta"",""Botta""]",Argentina,"RM,CAM,LM,CM",Midfield,1990,,,false,[],[],Argentina,,Hard,1285,fifa_players_csv,ruben_botta_1990
sebastiao_erick_couteira_baia_1988,Sebastião Erick Couteira Baía,sebastiao erick couteira baia sebas couteira baia,"[""Sebas Couteira"",""Sebastião Erick Couteira Baía"",""Baía""]",Brazil,"CAM,RM",Midfield,1988,,,false,[],[],Brazil,,Hard,1285,fifa_players_csv,sebastiao_erick_couteira_baia_1988
sergio_tejera_rodriguez_1990,Sergio Tejera Rodríguez,sergio tejera rodriguez sergio tejera rodriguez,"[""Sergio Tejera"",""Sergio Tejera Rodríguez"",""Rodríguez""]",Spain,"CM,CDM",Midfield,1990,,,false,[],[],Spain,,Hard,1285,fifa_players_csv,sergio_tejera_rodriguez_1990
unai_simon_mendibil_1997,Unai Simón Mendibil,unai simon mendibil unai simon mendibil,"[""Unai Simón"",""Unai Simón Mendibil"",""Mendibil""]",Spain,GK,Goalkeeper,1997,,,false,[],[],Spain,,Hard,1285,fifa_players_csv,unai_simon_mendibil_1997
yoric_ravet_1989,Yoric Ravet,yoric ravet y ravet ravet,"[""Y. Ravet"",""Yoric Ravet"",""Ravet""]",France,RM,Midfield,1989,,,false,[],[],France,,Hard,1285,fifa_players_csv,yoric_ravet_1989
1988_47,内田 篤人,a uchida,"[""A. Uchida""]",Japan,"RB,RWB",Defence,1988,,,false,[],[],Japan,,Hard,1285,fifa_players_csv,1988_47
ambroise_oyongo_bitolo_1991,Ambroise Oyongo Bitolo,ambroise oyongo bitolo a oyongo bitolo,"[""A. Oyongo"",""Ambroise Oyongo Bitolo"",""Bitolo""]",Cameroon,"LWB,LB",Defence,1991,,,false,[],[],Cameroon,,Hard,1284,fifa_players_csv,ambroise_oyongo_bitolo_1991
antonio_manuel_luna_rodriguez_1991,Antonio Manuel Luna Rodríguez,antonio manuel luna rodriguez luna rodriguez,"[""Luna"",""Antonio Manuel Luna Rodríguez"",""Rodríguez""]",Spain,LB,Defence,1991,,,false,[],[],Spain,,Hard,1284,fifa_players_csv,antonio_manuel_luna_rodriguez_1991
corry_evans_1990,Corry Evans,corry evans c evans evans,"[""C. Evans"",""Corry Evans"",""Evans""]",Northern Ireland,"CDM,CM",Midfield,1990,,,false,[],[],Northern Ireland,,Hard,1284,fifa_players_csv,corry_evans_1990
damien_vincent_denis_le_tallec_1990,Damien Vincent Denis Le Tallec,damien vincent denis le tallec d le tallec tallec,"[""D. Le Tallec"",""Damien Vincent Denis Le Tallec"",""Tallec""]",France,"CDM,CM",Midfield,1990,,,false,[],[],France,,Hard,1284,fifa_players_csv,damien_vincent_denis_le_tallec_1990
habib_diallo_1995,Habib Diallo,habib diallo h diallo diallo,"[""H. Diallo"",""Habib Diallo"",""Diallo""]",Senegal,"ST,LW",Attack,1995,,,false,[],[],Senegal,,Hard,1284,fifa_players_csv,habib_diallo_1995
jeremy_gelin_1997,Jérémy Gélin,jeremy gelin j gelin gelin,"[""J. Gélin"",""Jérémy Gélin"",""Gélin""]",France,"CB,CDM",Defence,1997,,,false,[],[],France,,Hard,1284,fifa_players_csv,jeremy_gelin_1997
jesper_hansen_1985,Jesper Hansen,jesper hansen j hansen hansen,"[""J. Hansen"",""Jesper Hansen"",""Hansen""]",Denmark,GK,Goalkeeper,1985,,,false,[],[],Denmark,,Hard,1284,fifa_players_csv,jesper_hansen_1985
jose_emerson_mirazar_coelho_1984,José Emerson Mirazar Coelho,jose emerson mirazar coelho jose mirazar coelho,"[""José Mirazar"",""José Emerson Mirazar Coelho"",""Coelho""]",Brazil,"LW,CAM",Attack,1984,,,false,[],[],Brazil,,Hard,1284,fifa_players_csv,jose_emerson_mirazar_coelho_1984
leonardo_jara_1991,Leonardo Jara,leonardo jara l jara jara,"[""L. Jara"",""Leonardo Jara"",""Jara""]",Argentina,RB,Defence,1991,,,false,[],[],Argentina,,Hard,1284,fifa_players_csv,leonardo_jara_1991
lucas_ariel_boye_1996,Lucas Ariel Boyé,lucas ariel boye l boye boye,"[""L. Boyé"",""Lucas Ariel Boyé"",""Boyé""]",Argentina,"LM,ST,CAM",Midfield,1996,,,false,[],[],Argentina,,Hard,1284,fifa_players_csv,lucas_ariel_boye_1996
mariano_damian_barbosa_1984,Mariano Damián Barbosa,mariano damian barbosa m barbosa barbosa,"[""M. Barbosa"",""Mariano Damián Barbosa"",""Barbosa""]",Argentina,GK,Goalkeeper,1984,,,false,[],[],Argentina,,Hard,1284,fifa_players_csv,mariano_damian_barbosa_1984
matt_hedges_1990,Matt Hedges,matt hedges m hedges hedges,"[""M. Hedges"",""Matt Hedges"",""Hedges""]",United States,CB,Defence,1990,,,false,[],[],United States,,Hard,1284,fifa_players_csv,matt_hedges_1990
merih_demiral_1998,Merih Demiral,merih demiral m demiral demiral,"[""M. Demiral"",""Merih Demiral"",""Demiral""]",Turkey,CB,Defence,1998,,,false,[],[],Turkey,,Hard,1284,fifa_players_csv,merih_demiral_1998
rafael_perez_1990,Rafael Pérez,rafael perez r perez perez,"[""R. Pérez"",""Rafael Pérez"",""Pérez""]",Colombia,CB,Defence,1990,,,false,[],[],Colombia,,Hard,1284,fifa_players_csv,rafael_perez_1990
rodrigo_rey_1991,Rodrigo Rey,rodrigo rey r rey rey,"[""R. Rey"",""Rodrigo Rey"",""Rey""]",Argentina,GK,Goalkeeper,1991,,,false,[],[],Argentina,,Hard,1284,fifa_players_csv,rodrigo_rey_1991
santiago_caseres_1997,Santiago Cáseres,santiago caseres s caseres caseres,"[""S. Cáseres"",""Santiago Cáseres"",""Cáseres""]",Argentina,"CDM,CM",Midfield,1997,,,false,[],[],Argentina,,Hard,1284,fifa_players_csv,santiago_caseres_1997
victor_martin_maia_padilha_1984,Victor Martin Maia Padilha,victor martin maia padilha victildinho padilha,"[""Victildinho"",""Victor Martin Maia Padilha"",""Padilha""]",Brazil,"RB,RM",Defence,1984,,,false,[],[],Brazil,,Hard,1284,fifa_players_csv,victor_martin_maia_padilha_1984
adis_jahovic_1987,Adis Jahović,adis jahovic a jahovic jahovic,"[""A. Jahović"",""Adis Jahović"",""Jahović""]",FYR Macedonia,ST,Attack,1987,,,false,[],[],FYR Macedonia,,Hard,1283,fifa_players_csv,adis_jahovic_1987
dimitri_lienard_1988,Dimitri Liénard,dimitri lienard d lienard lienard,"[""D. Liénard"",""Dimitri Liénard"",""Liénard""]",France,"CM,LWB",Midfield,1988,,,false,[],[],France,,Hard,1283,fifa_players_csv,dimitri_lienard_1988
fernando_calero_villa_1995,Fernando Calero Villa,fernando calero villa calero villa,"[""Calero"",""Fernando Calero Villa"",""Villa""]",Spain,CB,Defence,1995,,,false,[],[],Spain,,Hard,1283,fifa_players_csv,fernando_calero_villa_1995
florian_klein_1986,Florian Klein,florian klein f klein klein,"[""F. Klein"",""Florian Klein"",""Klein""]",Austria,"RB,RM",Defence,1986,,,false,[],[],Austria,,Hard,1283,fifa_players_csv,florian_klein_1986
lucas_emanuel_gamba_1987,Lucas Emanuel Gamba,lucas emanuel gamba l gamba gamba,"[""L. Gamba"",""Lucas Emanuel Gamba"",""Gamba""]",Argentina,ST,Attack,1987,,,false,[],[],Argentina,,Hard,1283,fifa_players_csv,lucas_emanuel_gamba_1987
mamadou_loum_1996,Mamadou Loum,mamadou loum m loum loum,"[""M. Loum"",""Mamadou Loum"",""Loum""]",Senegal,"CDM,CM",Midfield,1996,,,false,[],[],Senegal,,Hard,1283,fifa_players_csv,mamadou_loum_1996
matthew_jurman_1989,Matthew Jurman,matthew jurman m jurman jurman,"[""M. Jurman"",""Matthew Jurman"",""Jurman""]",Australia,CB,Defence,1989,,,false,[],[],Al Ittihad,,Hard,1283,fifa_players_csv,matthew_jurman_1989
neil_etheridge_1990,Neil Etheridge,neil etheridge n etheridge etheridge,"[""N. Etheridge"",""Neil Etheridge"",""Etheridge""]",Philippines,GK,Goalkeeper,1990,,,false,[],[],Philippines,,Hard,1283,fifa_players_csv,neil_etheridge_1990
pape_abou_cisse_1995,Pape Abou Cissé,pape abou cisse p cisse cisse,"[""P. Cissé"",""Pape Abou Cissé"",""Cissé""]",Senegal,CB,Defence,1995,,,false,[],[],Senegal,,Hard,1283,fifa_players_csv,pape_abou_cisse_1995
saul_salcedo_1997,Saúl Salcedo,saul salcedo s salcedo salcedo,"[""S. Salcedo"",""Saúl Salcedo"",""Salcedo""]",Paraguay,CB,Defence,1997,,,false,[],[],Paraguay,,Hard,1283,fifa_players_csv,saul_salcedo_1997
timothy_evans_fosu_mensah_1998,Timothy Evans Fosu-Mensah,timothy evans fosu mensah t fosu mensah fosu mensah,"[""T. Fosu-Mensah"",""Timothy Evans Fosu-Mensah"",""Fosu-Mensah""]",Netherlands,"RB,CB",Defence,1998,,,false,[],[],Netherlands,,Hard,1283,fifa_players_csv,timothy_evans_fosu_mensah_1998
volodymyr_shepelev_1997,Volodymyr Shepelev,volodymyr shepelev v shepelev shepelev,"[""V. Shepelev"",""Volodymyr Shepelev"",""Shepelev""]",Ukraine,"CDM,CM,CAM",Midfield,1997,,,false,[],[],Ukraine,,Hard,1283,fifa_players_csv,volodymyr_shepelev_1997
wilson_david_morelo_lopez_1987,Wilson David Morelo López,wilson david morelo lopez w morelo lopez,"[""W. Morelo"",""Wilson David Morelo López"",""López""]",Colombia,ST,Attack,1987,,,false,[],[],Colombia,,Hard,1283,fifa_players_csv,wilson_david_morelo_lopez_1987
1991_81,조현우 崔永宇,cho hyun woo,"[""Cho Hyun Woo""]",Korea Republic,GK,Goalkeeper,1991,,,false,[],[],Korea Republic,,Hard,1283,fifa_players_csv,1991_81
aatif_chahechouhe_1986,Aatif Chahechouhe,aatif chahechouhe a chahechouhe chahechouhe,"[""A. Chahechouhe"",""Aatif Chahechouhe"",""Chahechouhe""]",Morocco,"LM,CAM",Midfield,1986,,,false,[],[],Morocco,,Hard,1282,fifa_players_csv,aatif_chahechouhe_1986
adolfo_heitor_padilha_alves_1992,Adolfo Heitor Padilha Alves,adolfo heitor padilha alves padilhisco alves,"[""Padilhisco"",""Adolfo Heitor Padilha Alves"",""Alves""]",Brazil,"LB,LM",Defence,1992,,,false,[],[],Brazil,,Hard,1282,fifa_players_csv,adolfo_heitor_padilha_alves_1992
dean_henderson_1997,Dean Henderson,dean henderson d henderson henderson,"[""D. Henderson"",""Dean Henderson"",""Henderson""]",England,GK,Goalkeeper,1997,,,false,[],[],England,,Hard,1282,fifa_players_csv,dean_henderson_1997
edvaldo_flavio_rebelo_de_freit_1992,Edvaldo Flávio Rebelo de Freit,edvaldo flavio rebelo de freit edvaldisco freit,"[""Edvaldisco"",""Edvaldo Flávio Rebelo de Freit"",""Freit""]",Brazil,"CDM,CM,CAM",Midfield,1992,,,false,[],[],Brazil,,Hard,1282,fifa_players_csv,edvaldo_flavio_rebelo_de_freit_1992
enzo_kalinski_1987,Enzo Kalinski,enzo kalinski e kalinski kalinski,"[""E. Kalinski"",""Enzo Kalinski"",""Kalinski""]",Argentina,"CM,CDM",Midfield,1987,,,false,[],[],Argentina,,Hard,1282,fifa_players_csv,enzo_kalinski_1987
fabiano_elton_sonta_pessoa_1992,Fabiano Elton Sonta Pessoa,fabiano elton sonta pessoa fabiano sonta pessoa,"[""Fabiano Sonta"",""Fabiano Elton Sonta Pessoa"",""Pessoa""]",Brazil,"CB,CDM",Defence,1992,,,false,[],[],Brazil,,Hard,1282,fifa_players_csv,fabiano_elton_sonta_pessoa_1992
gabriel_agustin_hauche_1986,Gabriel Agustín Hauche,gabriel agustin hauche g hauche hauche,"[""G. Hauche"",""Gabriel Agustín Hauche"",""Hauche""]",Argentina,"LM,RM,ST,LW",Midfield,1986,,,false,[],[],Argentina,,Hard,1282,fifa_players_csv,gabriel_agustin_hauche_1986
hugo_goiteira_regalo_1992,Hugo Goiteira Regalo,hugo goiteira regalo hugo goiteira regalo,"[""Hugo Goiteira"",""Hugo Goiteira Regalo"",""Regalo""]",Brazil,CB,Defence,1992,,,false,[],[],Brazil,,Hard,1282,fifa_players_csv,hugo_goiteira_regalo_1992
jailson_michel_caeiro_meireles_1992,Jailson Michel Caeiro Meireles,jailson michel caeiro meireles jailson caeiro meireles,"[""Jailson Caeiro"",""Jailson Michel Caeiro Meireles"",""Meireles""]",Brazil,"RB,RM",Defence,1992,,,false,[],[],Brazil,,Hard,1282,fifa_players_csv,jailson_michel_caeiro_meireles_1992
jaroslav_plasil_1982,Jaroslav Plašil,jaroslav plasil j plasil plasil,"[""J. Plašil"",""Jaroslav Plašil"",""Plašil""]",Czech Republic,"CM,CDM",Midfield,1982,,,false,[],[],Czech Republic,,Hard,1282,fifa_players_csv,jaroslav_plasil_1982
jesus_fabricio_andrade_simoes_1992,Jesus Fabrício Andrade Simões,jesus fabricio andrade simoes jesus andradaldo simoes,"[""Jesus Andradaldo"",""Jesus Fabrício Andrade Simões"",""Simões""]",Brazil,RB,Defence,1992,,,false,[],[],Brazil,,Hard,1282,fifa_players_csv,jesus_fabricio_andrade_simoes_1992
moise_kean_2000,Moise Kean,moise kean m kean kean,"[""M. Kean"",""Moise Kean"",""Kean""]",Italy,ST,Attack,2000,,,false,[],[],Italy,,Hard,1282,fifa_players_csv,moise_kean_2000
olcay_sahan_1987,Olcay Şahan,olcay sahan o sahan sahan,"[""O. Şahan"",""Olcay Şahan"",""Şahan""]",Turkey,"LM,RM",Midfield,1987,,,false,[],[],Turkey,,Hard,1282,fifa_players_csv,olcay_sahan_1987
olivio_da_rosa_1986,Olívio da Rosa,olivio da rosa ivo rosa,"[""Ivo"",""Olívio da Rosa"",""Rosa""]",Brazil,CM,Midfield,1986,,,false,[],[],Brazil,,Hard,1282,fifa_players_csv,olivio_da_rosa_1986
pascoal_simao_muscato_vieira_1992,Pascoal Simão Muscato Vieira,pascoal simao muscato vieira pascoal muscato vieira,"[""Pascoal Muscato"",""Pascoal Simão Muscato Vieira"",""Vieira""]",Brazil,"CDM,CM",Midfield,1992,,,false,[],[],Brazil,,Hard,1282,fifa_players_csv,pascoal_simao_muscato_vieira_1992
ricardo_jose_vaz_alves_monteiro_1983,Ricardo José Vaz Alves Monteiro,ricardo jose vaz alves monteiro tarantini monteiro,"[""Tarantini"",""Ricardo José Vaz Alves Monteiro"",""Monteiro""]",Portugal,"CM,CDM",Midfield,1983,,,false,[],[],Portugal,,Hard,1282,fifa_players_csv,ricardo_jose_vaz_alves_monteiro_1983
robson_tony_denho_serra_1992,Robson Tony Denho Serra,robson tony denho serra robson denho serra,"[""Robson Denho"",""Robson Tony Denho Serra"",""Serra""]",Brazil,"CDM,CM",Midfield,1992,,,false,[],[],Brazil,,Hard,1282,fifa_players_csv,robson_tony_denho_serra_1992
silviu_lung_1989,Silviu Lung,silviu lung s lung lung,"[""S. Lung"",""Silviu Lung"",""Lung""]",Romania,GK,Goalkeeper,1989,,,false,[],[],Romania,,Hard,1282,fifa_players_csv,silviu_lung_1989
victor_ismael_sosa_1987,Víctor Ismael Sosa,victor ismael sosa i sosa sosa,"[""I. Sosa"",""Víctor Ismael Sosa"",""Sosa""]",Argentina,"RM,RW",Midfield,1987,,,false,[],[],Argentina,,Hard,1282,fifa_players_csv,victor_ismael_sosa_1987
yasin_oztekin_1987,Yasin Öztekin,yasin oztekin y oztekin oztekin,"[""Y. Öztekin"",""Yasin Öztekin"",""Öztekin""]",Turkey,"LM,RM",Midfield,1987,,,false,[],[],Turkey,,Hard,1282,fifa_players_csv,yasin_oztekin_1987
alvaro_jose_jimenez_guerrero_1995,Álvaro José Jiménez Guerrero,alvaro jose jimenez guerrero alvaro jimenez guerrero,"[""Álvaro Jiménez"",""Álvaro José Jiménez Guerrero"",""Guerrero""]",Spain,RM,Midfield,1995,,,false,[],[],Spain,,Hard,1281,fifa_players_csv,alvaro_jose_jimenez_guerrero_1995
arnor_ingvi_traustason_1993,Arnór Ingvi Traustason,arnor ingvi traustason a traustason traustason,"[""A. Traustason"",""Arnór Ingvi Traustason"",""Traustason""]",Iceland,"CAM,CM",Midfield,1993,,,false,[],[],Iceland,,Hard,1281,fifa_players_csv,arnor_ingvi_traustason_1993
che_adams_1996,Che Adams,che adams c adams adams,"[""C. Adams"",""Che Adams"",""Adams""]",England,ST,Attack,1996,,,false,[],[],England,,Hard,1281,fifa_players_csv,che_adams_1996
emiliano_buendia_1996,Emiliano Buendía,emiliano buendia e buendia buendia,"[""E. Buendía"",""Emiliano Buendía"",""Buendía""]",Argentina,"RM,LM",Midfield,1996,,,false,[],[],Argentina,,Hard,1281,fifa_players_csv,emiliano_buendia_1996
guillaume_gillet_1984,Guillaume Gillet,guillaume gillet g gillet gillet,"[""G. Gillet"",""Guillaume Gillet"",""Gillet""]",Belgium,"CDM,CM",Midfield,1984,,,false,[],[],Belgium,,Hard,1281,fifa_players_csv,guillaume_gillet_1984
hany_mukhtar_1995,Hany Mukhtar,hany mukhtar h mukhtar mukhtar,"[""H. Mukhtar"",""Hany Mukhtar"",""Mukhtar""]",Germany,CAM,Midfield,1995,,,false,[],[],Germany,,Hard,1281,fifa_players_csv,hany_mukhtar_1995
isaac_success_1996,Isaac Success,isaac success i success success,"[""I. Success"",""Isaac Success"",""Success""]",Nigeria,"ST,RM,LM",Attack,1996,,,false,[],[],Nigeria,,Hard,1281,fifa_players_csv,isaac_success_1996
mariusz_stepinski_1995,Mariusz Stępiński,mariusz stepinski m stepinski stepinski,"[""M. Stępiński"",""Mariusz Stępiński"",""Stępiński""]",Poland,"ST,CF",Attack,1995,,,false,[],[],Poland,,Hard,1281,fifa_players_csv,mariusz_stepinski_1995
matheus_santos_carneiro_da_cunha_1999,Matheus Santos Carneiro Da Cunha,matheus santos carneiro da cunha matheus cunha cunha,"[""Matheus Cunha"",""Matheus Santos Carneiro Da Cunha"",""Cunha""]",Brazil,"ST,RM,CAM",Attack,1999,,,false,[],[],Brazil,,Hard,1281,fifa_players_csv,matheus_santos_carneiro_da_cunha_1999
kangin_lee_2001,이강인 Kangin Lee,kangin lee,"[""Kangin Lee""]",Korea Republic,"CAM,LM,RM",Midfield,2001,,,false,[],[],Korea Republic,,Hard,1281,fifa_players_csv,kangin_lee_2001
1995,南野 拓実,t minamino,"[""T. Minamino""]",Japan,"ST,CAM,RW,LW",Attack,1995,,,false,[],[],Japan,,Hard,1281,fifa_players_csv,1995
1996_56,鎌田 大地,d kamada,"[""D. Kamada""]",Japan,"CF,CAM",Attack,1996,,,false,[],[],Japan,,Hard,1281,fifa_players_csv,1996_56
andrew_nabbout_1992,Andrew Nabbout,andrew nabbout a nabbout nabbout,"[""A. Nabbout"",""Andrew Nabbout"",""Nabbout""]",Australia,"ST,LM,RM",Attack,1992,,,false,[],[],Urawa Red Diamonds,,Hard,1280,fifa_players_csv,andrew_nabbout_1992
bart_ramselaar_1996,Bart Ramselaar,bart ramselaar b ramselaar ramselaar,"[""B. Ramselaar"",""Bart Ramselaar"",""Ramselaar""]",Netherlands,"CAM,CM",Midfield,1996,,,false,[],[],Netherlands,,Hard,1280,fifa_players_csv,bart_ramselaar_1996
cesar_jasib_montes_castro_1997,César Jasib Montes Castro,cesar jasib montes castro c montes castro,"[""C. Montes"",""César Jasib Montes Castro"",""Castro""]",Mexico,CB,Defence,1997,,,false,[],[],Mexico,,Hard,1280,fifa_players_csv,cesar_jasib_montes_castro_1997
daniel_raba_antolin_1995,Daniel Raba Antolin,daniel raba antolin dani raba antolin,"[""Dani Raba"",""Daniel Raba Antolin"",""Antolin""]",Spain,"RM,CAM",Midfield,1995,,,false,[],[],Spain,,Hard,1280,fifa_players_csv,daniel_raba_antolin_1995
eloy_room_1989,Eloy Room,eloy room e room room,"[""E. Room"",""Eloy Room"",""Room""]",Curacao,GK,Goalkeeper,1989,,,false,[],[],Curacao,,Hard,1280,fifa_players_csv,eloy_room_1989
florentino_morris_luis_1999,Florentino Morris Luís,florentino morris luis florentino luis luis,"[""Florentino Luís"",""Florentino Morris Luís"",""Luís""]",Portugal,CDM,Midfield,1999,,,false,[],[],Portugal,,Hard,1280,fifa_players_csv,florentino_morris_luis_1999
francesco_vicari_1994,Francesco Vicari,francesco vicari f vicari vicari,"[""F. Vicari"",""Francesco Vicari"",""Vicari""]",Italy,CB,Defence,1994,,,false,[],[],Italy,,Hard,1280,fifa_players_csv,francesco_vicari_1994
greg_cunningham_1991,Greg Cunningham,greg cunningham g cunningham cunningham,"[""G. Cunningham"",""Greg Cunningham"",""Cunningham""]",Republic of Ireland,LB,Defence,1991,,,false,[],[],Republic of Ireland,,Hard,1280,fifa_players_csv,greg_cunningham_1991
ivo_tiago_dos_santos_rodrigues_1995,Ivo Tiago dos Santos Rodrigues,ivo tiago dos santos rodrigues ivo rodrigues rodrigues,"[""Ivo Rodrigues"",""Ivo Tiago dos Santos Rodrigues"",""Rodrigues""]",Portugal,"RW,LW,LM",Attack,1995,,,false,[],[],Portugal,,Hard,1280,fifa_players_csv,ivo_tiago_dos_santos_rodrigues_1995
juan_torres_ruiz_1989,Juan Torres Ruiz,juan torres ruiz juan cala ruiz,"[""Juan Cala"",""Juan Torres Ruiz"",""Ruiz""]",Spain,"CB,CDM,CM",Defence,1989,,,false,[],[],Spain,,Hard,1280,fifa_players_csv,juan_torres_ruiz_1989
kerim_mrabti_1994,Kerim Mrabti,kerim mrabti k mrabti mrabti,"[""K. Mrabti"",""Kerim Mrabti"",""Mrabti""]",Sweden,"CAM,ST,CM",Midfield,1994,,,false,[],[],Sweden,,Hard,1280,fifa_players_csv,kerim_mrabti_1994
lucas_janson_1994,Lucas Janson,lucas janson l janson janson,"[""L. Janson"",""Lucas Janson"",""Janson""]",Argentina,"CF,ST,LM",Attack,1994,,,false,[],[],Argentina,,Hard,1280,fifa_players_csv,lucas_janson_1994
marcelo_dos_santos_ferreira_1989,Marcelo dos Santos Ferreira,marcelo dos santos ferreira marcelo ferreira,"[""Marcelo"",""Marcelo dos Santos Ferreira"",""Ferreira""]",Brazil,CB,Defence,1989,,,false,[],[],Brazil,,Hard,1280,fifa_players_csv,marcelo_dos_santos_ferreira_1989
marcos_g_santos_matos_1995,Marcos G. Santos Matos,marcos g santos matos marcos guilherme matos,"[""Marcos Guilherme"",""Marcos G. Santos Matos"",""Matos""]",Brazil,"RM,CAM",Midfield,1995,,,false,[],[],Brazil,,Hard,1280,fifa_players_csv,marcos_g_santos_matos_1995
marvin_bakalorz_1989,Marvin Bakalorz,marvin bakalorz m bakalorz bakalorz,"[""M. Bakalorz"",""Marvin Bakalorz"",""Bakalorz""]",Germany,"CDM,CM",Midfield,1989,,,false,[],[],Germany,,Hard,1280,fifa_players_csv,marvin_bakalorz_1989
maximilian_wober_1998,Maximilian Wöber,maximilian wober m wober wober,"[""M. Wöber"",""Maximilian Wöber"",""Wöber""]",Austria,"CB,LB",Defence,1998,,,false,[],[],Austria,,Hard,1280,fifa_players_csv,maximilian_wober_1998
milan_skoda_1986,Milan Škoda,milan skoda m skoda skoda,"[""M. Škoda"",""Milan Škoda"",""Škoda""]",Czech Republic,ST,Attack,1986,,,false,[],[],Czech Republic,,Hard,1280,fifa_players_csv,milan_skoda_1986
pape_maly_diamanka_1990,Pape Maly Diamanka,pape maly diamanka p diamanka diamanka,"[""P. Diamanka"",""Pape Maly Diamanka"",""Diamanka""]",Senegal,"CDM,CM",Midfield,1990,,,false,[],[],Senegal,,Hard,1280,fifa_players_csv,pape_maly_diamanka_1990
pedro_rocha_neves_1994,Pedro Rocha Neves,pedro rocha neves pedro rocha neves,"[""Pedro Rocha"",""Pedro Rocha Neves"",""Neves""]",Brazil,"LW,ST,LM",Attack,1994,,,false,[],[],Brazil,,Hard,1280,fifa_players_csv,pedro_rocha_neves_1994
rafael_czichos_1990,Rafael Czichos,rafael czichos r czichos czichos,"[""R. Czichos"",""Rafael Czichos"",""Czichos""]",Germany,"CB,LB",Defence,1990,,,false,[],[],Germany,,Hard,1280,fifa_players_csv,rafael_czichos_1990
remy_riou_1987,Rémy Riou,remy riou r riou riou,"[""R. Riou"",""Rémy Riou"",""Riou""]",France,GK,Goalkeeper,1987,,,false,[],[],France,,Hard,1280,fifa_players_csv,remy_riou_1987
sofyan_amrabat_1996,Sofyan Amrabat,sofyan amrabat s amrabat amrabat,"[""S. Amrabat"",""Sofyan Amrabat"",""Amrabat""]",Morocco,"CM,RB,CB",Midfield,1996,,,false,[],[],Morocco,,Hard,1280,fifa_players_csv,sofyan_amrabat_1996
stefan_simic_1995,Stefan Simič,stefan simic s simic simic,"[""S. Simič"",""Stefan Simič"",""Simič""]",Czech Republic,CB,Defence,1995,,,false,[],[],Czech Republic,,Hard,1280,fifa_players_csv,stefan_simic_1995
uros_racic_1998,Uroš Račić,uros racic u racic racic,"[""U. Račić"",""Uroš Račić"",""Račić""]",Serbia,"CDM,CM",Midfield,1998,,,false,[],[],Serbia,,Hard,1280,fifa_players_csv,uros_racic_1998
valentin_vada_1996,Valentín Vada,valentin vada v vada vada,"[""V. Vada"",""Valentín Vada"",""Vada""]",Argentina,CM,Midfield,1996,,,false,[],[],Argentina,,Hard,1280,fifa_players_csv,valentin_vada_1996
wesley_said_1995,Wesley Saïd,wesley said w said said,"[""W. Saïd"",""Wesley Saïd"",""Saïd""]",France,"ST,RW,LM,LW",Attack,1995,,,false,[],[],France,,Hard,1280,fifa_players_csv,wesley_said_1995
william_jose_tesillo_gutierrez_1990,William José Tesillo Gutiérrez,william jose tesillo gutierrez w tesillo gutierrez,"[""W. Tesillo"",""William José Tesillo Gutiérrez"",""Gutiérrez""]",Colombia,CB,Defence,1990,,,false,[],[],Colombia,,Hard,1280,fifa_players_csv,william_jose_tesillo_gutierrez_1990
yamil_asad_1994,Yamil Asad,yamil asad y asad asad,"[""Y. Asad"",""Yamil Asad"",""Asad""]",Argentina,LM,Midfield,1994,,,false,[],[],Argentina,,Hard,1280,fifa_players_csv,yamil_asad_1994
adama_diakhaby_1996,Adama Diakhaby,adama diakhaby a diakhaby diakhaby,"[""A. Diakhaby"",""Adama Diakhaby"",""Diakhaby""]",France,"RM,LM,ST",Midfield,1996,,,false,[],[],France,,Hard,1279,fifa_players_csv,adama_diakhaby_1996
alvaro_vadillo_cifuentes_1994,Álvaro Vadillo Cifuentes,alvaro vadillo cifuentes vadillo cifuentes,"[""Vadillo"",""Álvaro Vadillo Cifuentes"",""Cifuentes""]",Spain,"RM,LM",Midfield,1994,,,false,[],[],Spain,,Hard,1279,fifa_players_csv,alvaro_vadillo_cifuentes_1994
anselmo_de_moraes_1989,Anselmo de Moraes,anselmo de moraes anselmo moraes,"[""Anselmo"",""Anselmo de Moraes"",""Moraes""]",Brazil,"CDM,CM",Midfield,1989,,,false,[],[],Brazil,,Hard,1279,fifa_players_csv,anselmo_de_moraes_1989
bakaye_dibassy_1989,Bakaye Dibassy,bakaye dibassy b dibassy dibassy,"[""B. Dibassy"",""Bakaye Dibassy"",""Dibassy""]",Mali,"LB,CB",Defence,1989,,,false,[],[],Mali,,Hard,1279,fifa_players_csv,bakaye_dibassy_1989
barry_douglas_1989,Barry Douglas,barry douglas b douglas douglas,"[""B. Douglas"",""Barry Douglas"",""Douglas""]",Scotland,LB,Defence,1989,,,false,[],[],Scotland,,Hard,1279,fifa_players_csv,barry_douglas_1989
benito_raman_1994,Benito Raman,benito raman b raman raman,"[""B. Raman"",""Benito Raman"",""Raman""]",Belgium,"LM,RM,ST",Midfield,1994,,,false,[],[],Belgium,,Hard,1279,fifa_players_csv,benito_raman_1994
boubacar_kamara_1999,Boubacar Kamara,boubacar kamara b kamara kamara,"[""B. Kamara"",""Boubacar Kamara"",""Kamara""]",France,"CB,CDM",Defence,1999,,,false,[],[],France,,Hard,1279,fifa_players_csv,boubacar_kamara_1999
bruno_ecuele_manga_1988,Bruno Écuélé Manga,bruno ecuele manga b ecuele manga manga,"[""B. Ecuélé Manga"",""Bruno Écuélé Manga"",""Manga""]",Gabon,"CB,RB",Defence,1988,,,false,[],[],Gabon,,Hard,1279,fifa_players_csv,bruno_ecuele_manga_1988
fabio_ricardo_gomes_fonseca_1985,Fábio Ricardo Gomes Fonseca,fabio ricardo gomes fonseca fabio espinho fonseca,"[""Fábio Espinho"",""Fábio Ricardo Gomes Fonseca"",""Fonseca""]",Portugal,"CAM,CM",Midfield,1985,,,false,[],[],Portugal,,Hard,1279,fifa_players_csv,fabio_ricardo_gomes_fonseca_1985
federico_mattiello_1995,Federico Mattiello,federico mattiello f mattiello mattiello,"[""F. Mattiello"",""Federico Mattiello"",""Mattiello""]",Italy,"RM,LM",Midfield,1995,,,false,[],[],Italy,,Hard,1279,fifa_players_csv,federico_mattiello_1995
filippo_romagna_1997,Filippo Romagna,filippo romagna f romagna romagna,"[""F. Romagna"",""Filippo Romagna"",""Romagna""]",Italy,CB,Defence,1997,,,false,[],[],Italy,,Hard,1279,fifa_players_csv,filippo_romagna_1997
francisco_leonel_lima_silva_machado_1995,Francisco Leonel Lima Silva Machado,francisco leonel lima silva machado chiquinho machado,"[""Chiquinho"",""Francisco Leonel Lima Silva Machado"",""Machado""]",Portugal,"CAM,CM",Midfield,1995,,,false,[],[],Portugal,,Hard,1279,fifa_players_csv,francisco_leonel_lima_silva_machado_1995
georg_margreitter_1988,Georg Margreitter,georg margreitter g margreitter margreitter,"[""G. Margreitter"",""Georg Margreitter"",""Margreitter""]",Austria,CB,Defence,1988,,,false,[],[],Austria,,Hard,1279,fifa_players_csv,georg_margreitter_1988
geovanni_banguera_1995,Geovanni Banguera,geovanni banguera g banguera banguera,"[""G. Banguera"",""Geovanni Banguera"",""Banguera""]",Colombia,GK,Goalkeeper,1995,,,false,[],[],Colombia,,Hard,1279,fifa_players_csv,geovanni_banguera_1995
guillermo_burdisso_1988,Guillermo Burdisso,guillermo burdisso g burdisso burdisso,"[""G. Burdisso"",""Guillermo Burdisso"",""Burdisso""]",Argentina,CB,Defence,1988,,,false,[],[],Argentina,,Hard,1279,fifa_players_csv,guillermo_burdisso_1988
jorge_miramon_santagertrudis_1989,Jorge Miramón Santagertrudis,jorge miramon santagertrudis jorge miramon santagertrudis,"[""Jorge Miramón"",""Jorge Miramón Santagertrudis"",""Santagertrudis""]",Spain,"RB,RWB",Defence,1989,,,false,[],[],Spain,,Hard,1279,fifa_players_csv,jorge_miramon_santagertrudis_1989
jose_ignacio_martinez_garcia_1989,José Ignacio Martínez García,jose ignacio martinez garcia nacho garcia,"[""Nacho"",""José Ignacio Martínez García"",""García""]",Spain,LB,Defence,1989,,,false,[],[],Spain,,Hard,1279,fifa_players_csv,jose_ignacio_martinez_garcia_1989
josip_misic_1994,Josip Mišić,josip misic j misic misic,"[""J. Mišić"",""Josip Mišić"",""Mišić""]",Croatia,CM,Midfield,1994,,,false,[],[],Croatia,,Hard,1279,fifa_players_csv,josip_misic_1994
juan_manuel_sanchez_mino_1990,Juan Manuel Sánchez Miño,juan manuel sanchez mino j sanchez mino mino,"[""J. Sánchez Miño"",""Juan Manuel Sánchez Miño"",""Miño""]",Argentina,"LB,LM",Defence,1990,,,false,[],[],Argentina,,Hard,1279,fifa_players_csv,juan_manuel_sanchez_mino_1990
julio_buffarini_1988,Julio Buffarini,julio buffarini j buffarini buffarini,"[""J. Buffarini"",""Julio Buffarini"",""Buffarini""]",Argentina,RB,Defence,1988,,,false,[],[],Argentina,,Hard,1279,fifa_players_csv,julio_buffarini_1988
kevin_mcdonald_1988,Kevin McDonald,kevin mcdonald k mcdonald mcdonald,"[""K. McDonald"",""Kevin McDonald"",""McDonald""]",Scotland,"CDM,CM",Midfield,1988,,,false,[],[],Scotland,,Hard,1279,fifa_players_csv,kevin_mcdonald_1988
luca_mazzitelli_1995,Luca Mazzitelli,luca mazzitelli l mazzitelli mazzitelli,"[""L. Mazzitelli"",""Luca Mazzitelli"",""Mazzitelli""]",Italy,"CM,CDM",Midfield,1995,,,false,[],[],Italy,,Hard,1279,fifa_players_csv,luca_mazzitelli_1995
lucas_alfonso_orban_alegre_1989,Lucas Alfonso Orbán Alegre,lucas alfonso orban alegre l orban alegre,"[""L. Orbán"",""Lucas Alfonso Orbán Alegre"",""Alegre""]",Argentina,"CB,LB",Defence,1989,,,false,[],[],Argentina,,Hard,1279,fifa_players_csv,lucas_alfonso_orban_alegre_1989
matias_cabrera_1986,Matías Cabrera,matias cabrera m cabrera cabrera,"[""M. Cabrera"",""Matías Cabrera"",""Cabrera""]",Uruguay,"CAM,CDM,CM",Midfield,1986,,,false,[],[],Uruguay,,Hard,1279,fifa_players_csv,matias_cabrera_1986
